"inventory_number"	"cell"	"target_hanzi_interval_1based"	"occurrence_ordinal_within_cell"	"construction_scope_class"	"original_predicted_category"	"original_observed_category"	"original_decision"	"corrected_predicted_category"	"corrected_decision"
4	"BARE"	11	1	"CLEAR_SIMPLEX"	"YI_T2"	"YI_T2"	"MATCH"	"YI_T2"	"MATCH"
64	"BARE"	5	1	"CLEAR_SIMPLEX"	"YI_T2"	"YI_T2"	"MATCH"	"YI_T2"	"MATCH"
100	"BARE"	10	1	"CLEAR_SIMPLEX"	"YI_T2"	"YI_T2"	"MATCH"	"YI_T2"	"MATCH"
231	"BARE"	11	1	"CLEAR_SIMPLEX"	"YI_T2"	"YI_T2"	"MATCH"	"YI_T2"	"MATCH"
359	"BARE"	11	1	"CLEAR_SIMPLEX"	"YI_T2"	"YI_T2"	"MATCH"	"YI_T2"	"MATCH"
362	"BARE"	2	1	"CLEAR_SIMPLEX"	"YI_T2"	"YI_T2"	"MATCH"	"YI_T2"	"MATCH"
443	"BARE"	8	1	"CLEAR_SIMPLEX"	"YI_T2"	"YI_T2"	"MATCH"	"YI_T2"	"MATCH"
536	"BARE"	2	1	"CLEAR_SIMPLEX"	"YI_T2"	"YI_T2"	"MATCH"	"YI_T2"	"MATCH"
765	"BARE"	4	1	"CLEAR_SIMPLEX"	"YI_T2"	"YI_T2"	"MATCH"	"YI_T2"	"MATCH"
795	"BARE"	5	1	"CLEAR_SIMPLEX"	"YI_T2"	"YI_T2"	"MATCH"	"YI_T2"	"MATCH"
834	"BARE"	6	1	"CLEAR_SIMPLEX"	"YI_T2"	"YI_T2"	"MATCH"	"YI_T2"	"MATCH"
880	"BARE"	9	1	"CLEAR_SIMPLEX"	"YI_T2"	"YI_T2"	"MATCH"	"YI_T2"	"MATCH"
932	"BARE"	8	1	"CLEAR_SIMPLEX"	"YI_T2"	"YI_T2"	"MATCH"	"YI_T2"	"MATCH"
1132	"BARE"	8	1	"CLEAR_SIMPLEX"	"YI_T2"	"YI_T2"	"MATCH"	"YI_T2"	"MATCH"
1151	"BARE"	7	1	"CLEAR_COMPLEX_LAST_DIGIT"	"YI_T2"	"YI_T1"	"COUNTEREXAMPLE"	"YI_T1"	"MATCH"
1207	"BARE"	10	1	"CLEAR_SIMPLEX"	"YI_T2"	"YI_T2"	"MATCH"	"YI_T2"	"MATCH"
1232	"BARE"	5	1	"CLEAR_SIMPLEX"	"YI_T2"	"YI_T2"	"MATCH"	"YI_T2"	"MATCH"
1286	"BARE"	6	1	"CLEAR_SIMPLEX"	"YI_T2"	"YI_T2"	"MATCH"	"YI_T2"	"MATCH"
1372	"BARE"	4	1	"CLEAR_SIMPLEX"	"YI_T2"	"YI_T2"	"MATCH"	"YI_T2"	"MATCH"
1442	"BARE"	4	1	"CLEAR_SIMPLEX"	"YI_T2"	"YI_T2"	"MATCH"	"YI_T2"	"MATCH"
1560	"BARE"	7	1	"CLEAR_SIMPLEX"	"YI_T2"	"YI_T2"	"MATCH"	"YI_T2"	"MATCH"
1673	"BARE"	8	1	"CLEAR_SIMPLEX"	"YI_T2"	"YI_T2"	"MATCH"	"YI_T2"	"MATCH"
1702	"BARE"	2	1	"CLEAR_SIMPLEX"	"YI_T2"	"YI_T1"	"COUNTEREXAMPLE"	"YI_T2"	"COUNTEREXAMPLE"
1728	"BARE"	9	1	"CLEAR_SIMPLEX"	"YI_T2"	"YI_T2"	"MATCH"	"YI_T2"	"MATCH"
1769	"BARE"	6	1	"CLEAR_SIMPLEX"	"YI_T2"	"YI_T2"	"MATCH"	"YI_T2"	"MATCH"
1813	"BARE"	12	1	"CLEAR_SIMPLEX"	"YI_T2"	"YI_T2"	"MATCH"	"YI_T2"	"MATCH"
1858	"BARE"	5	1	"CLEAR_SIMPLEX"	"YI_T2"	"YI_T2"	"MATCH"	"YI_T2"	"MATCH"
1891	"BARE"	10	1	"CLEAR_SIMPLEX"	"YI_T2"	"YI_T2"	"MATCH"	"YI_T2"	"MATCH"
1916	"BARE"	9	1	"CLEAR_SIMPLEX"	"YI_T2"	"YI_T2"	"MATCH"	"YI_T2"	"MATCH"
2053	"BARE"	9	1	"CLEAR_SIMPLEX"	"YI_T2"	"YI_T2"	"MATCH"	"YI_T2"	"MATCH"
2083	"BARE"	10	1	"CLEAR_SIMPLEX"	"YI_T2"	"YI_T2"	"MATCH"	"YI_T2"	"MATCH"
2177	"BARE"	4	1	"CLEAR_SIMPLEX"	"YI_T2"	"YI_T2"	"MATCH"	"YI_T2"	"MATCH"
2207	"BARE"	5	1	"CLEAR_SIMPLEX"	"YI_T2"	"YI_T2"	"MATCH"	"YI_T2"	"MATCH"
2275	"BARE"	2	1	"CLEAR_SIMPLEX"	"YI_T2"	"YI_T2"	"MATCH"	"YI_T2"	"MATCH"
2275	"BARE"	7	2	"CLEAR_SIMPLEX"	"YI_T2"	"YI_T2"	"MATCH"	"YI_T2"	"MATCH"
2288	"BARE"	7	1	"CLEAR_SIMPLEX"	"YI_T2"	"YI_T2"	"MATCH"	"YI_T2"	"MATCH"
2373	"BARE"	4	1	"CLEAR_SIMPLEX"	"YI_T2"	"YI_T2"	"MATCH"	"YI_T2"	"MATCH"
2412	"BARE"	4	1	"CLEAR_SIMPLEX"	"YI_T2"	"YI_T2"	"MATCH"	"YI_T2"	"MATCH"
2456	"BARE"	7	1	"CLEAR_SIMPLEX"	"YI_T2"	"YI_T2"	"MATCH"	"YI_T2"	"MATCH"
2492	"BARE"	8	1	"CLEAR_SIMPLEX"	"YI_T2"	"YI_T2"	"MATCH"	"YI_T2"	"MATCH"
2493	"BARE"	5	1	"CLEAR_SIMPLEX"	"YI_T2"	"YI_T2"	"MATCH"	"YI_T2"	"MATCH"
2573	"BARE"	8	1	"CLEAR_SIMPLEX"	"YI_T2"	"YI_T2"	"MATCH"	"YI_T2"	"MATCH"
2598	"BARE"	10	1	"CLEAR_SIMPLEX"	"YI_T2"	"YI_T2"	"MATCH"	"YI_T2"	"MATCH"
2675	"BARE"	4	1	"CLEAR_SIMPLEX"	"YI_T2"	"YI_T2"	"MATCH"	"YI_T2"	"MATCH"
2697	"BARE"	5	1	"CLEAR_SIMPLEX"	"YI_T2"	"YI_T2"	"MATCH"	"YI_T2"	"MATCH"
2788	"BARE"	17	1	"CLEAR_SIMPLEX"	"YI_T2"	"YI_T2"	"MATCH"	"YI_T2"	"MATCH"
2856	"BARE"	7	1	"CLEAR_SIMPLEX"	"YI_T2"	"YI_T2"	"MATCH"	"YI_T2"	"MATCH"
2914	"BARE"	9	1	"CLEAR_SIMPLEX"	"YI_T2"	"YI_T2"	"MATCH"	"YI_T2"	"MATCH"
2994	"BARE"	6	1	"CLEAR_SIMPLEX"	"YI_T2"	"YI_T2"	"MATCH"	"YI_T2"	"MATCH"
3053	"BARE"	11	1	"CLEAR_SIMPLEX"	"YI_T2"	"YI_T2"	"MATCH"	"YI_T2"	"MATCH"
3215	"BARE"	2	1	"CLEAR_SIMPLEX"	"YI_T2"	"YI_T2"	"MATCH"	"YI_T2"	"MATCH"
3401	"BARE"	8	1	"CLEAR_SIMPLEX"	"YI_T2"	"YI_T2"	"MATCH"	"YI_T2"	"MATCH"
3423	"BARE"	17	1	"CLEAR_SIMPLEX"	"YI_T2"	"YI_T2"	"MATCH"	"YI_T2"	"MATCH"
3452	"BARE"	15	1	"CLEAR_SIMPLEX"	"YI_T2"	"YI_T2"	"MATCH"	"YI_T2"	"MATCH"
3465	"BARE"	18	1	"CLEAR_SIMPLEX"	"YI_T2"	"YI_T2"	"MATCH"	"YI_T2"	"MATCH"
3487	"BARE"	3	1	"CLEAR_SIMPLEX"	"YI_T2"	"YI_T2"	"MATCH"	"YI_T2"	"MATCH"
3494	"BARE"	6	1	"CLEAR_SIMPLEX"	"YI_T2"	"YI_T2"	"MATCH"	"YI_T2"	"MATCH"
3499	"BARE"	12	1	"CLEAR_SIMPLEX"	"YI_T2"	"YI_T2"	"MATCH"	"YI_T2"	"MATCH"
3603	"BARE"	3	1	"CLEAR_SIMPLEX"	"YI_T2"	"YI_T2"	"MATCH"	"YI_T2"	"MATCH"
3608	"BARE"	9	1	"CLEAR_SIMPLEX"	"YI_T2"	"YI_T2"	"MATCH"	"YI_T2"	"MATCH"
3703	"BARE"	10	1	"CLEAR_SIMPLEX"	"YI_T2"	"YI_T2"	"MATCH"	"YI_T2"	"MATCH"
3814	"BARE"	15	1	"CLEAR_SIMPLEX"	"YI_T2"	"YI_T2"	"MATCH"	"YI_T2"	"MATCH"
3851	"BARE"	4	1	"CLEAR_SIMPLEX"	"YI_T2"	"YI_T2"	"MATCH"	"YI_T2"	"MATCH"
4026	"BARE"	6	1	"CLEAR_SIMPLEX"	"YI_T2"	"YI_T2"	"MATCH"	"YI_T2"	"MATCH"
4077	"BARE"	9	1	"CLEAR_SIMPLEX"	"YI_T2"	"YI_T2"	"MATCH"	"YI_T2"	"MATCH"
4306	"ORDINAL"	12	1	"ORDINAL_ABSOLUTE"	"YI_T1"	"YI_T2"	"COUNTEREXAMPLE"	"YI_T1"	"COUNTEREXAMPLE"
4612	"ORDINAL"	12	1	"ORDINAL_ABSOLUTE"	"YI_T1"	"YI_T2"	"COUNTEREXAMPLE"	"YI_T1"	"COUNTEREXAMPLE"
4695	"BARE"	8	1	"CLEAR_SIMPLEX"	"YI_T2"	"YI_T2"	"MATCH"	"YI_T2"	"MATCH"
4734	"BARE"	11	1	"CLEAR_SIMPLEX"	"YI_T2"	"YI_T2"	"MATCH"	"YI_T2"	"MATCH"
4756	"BARE"	4	1	"CLEAR_SIMPLEX"	"YI_T2"	"YI_T2"	"MATCH"	"YI_T2"	"MATCH"
4852	"BARE"	11	1	"CLEAR_SIMPLEX"	"YI_T2"	"YI_T2"	"MATCH"	"YI_T2"	"MATCH"
5144	"BARE"	17	1	"CLEAR_SIMPLEX"	"YI_T2"	"YI_T2"	"MATCH"	"YI_T2"	"MATCH"
5176	"BARE"	14	1	"CLEAR_SIMPLEX"	"YI_T2"	"YI_T2"	"MATCH"	"YI_T2"	"MATCH"
5177	"BARE"	4	1	"CLEAR_SIMPLEX"	"YI_T2"	"YI_T2"	"MATCH"	"YI_T2"	"MATCH"
5187	"BARE"	21	1	"CLEAR_SIMPLEX"	"YI_T2"	"YI_T2"	"MATCH"	"YI_T2"	"MATCH"
5197	"BARE"	3	1	"CLEAR_SIMPLEX"	"YI_T2"	"YI_T2"	"MATCH"	"YI_T2"	"MATCH"
5284	"BARE"	4	1	"CLEAR_SIMPLEX"	"YI_T2"	"YI_T2"	"MATCH"	"YI_T2"	"MATCH"
5306	"BARE"	4	1	"CLEAR_SIMPLEX"	"YI_T2"	"YI_T2"	"MATCH"	"YI_T2"	"MATCH"
5321	"BARE"	3	1	"CLEAR_SIMPLEX"	"YI_T2"	"YI_T2"	"MATCH"	"YI_T2"	"MATCH"
5331	"ORDINAL"	3	1	"ORDINAL_ABSOLUTE"	"YI_T1"	"YI_T2"	"COUNTEREXAMPLE"	"YI_T1"	"COUNTEREXAMPLE"
5364	"BARE"	10	1	"CLEAR_SIMPLEX"	"YI_T2"	"YI_T2"	"MATCH"	"YI_T2"	"MATCH"
5375	"BARE"	16	1	"CLEAR_SIMPLEX"	"YI_T2"	"YI_T2"	"MATCH"	"YI_T2"	"MATCH"
5443	"BARE"	12	1	"CLEAR_SIMPLEX"	"YI_T2"	"YI_T2"	"MATCH"	"YI_T2"	"MATCH"
5467	"BARE"	3	1	"CLEAR_SIMPLEX"	"YI_T2"	"YI_T2"	"MATCH"	"YI_T2"	"MATCH"
5564	"BARE"	2	1	"CLEAR_SIMPLEX"	"YI_T2"	"YI_T2"	"MATCH"	"YI_T2"	"MATCH"
5632	"BARE"	2	1	"CLEAR_SIMPLEX"	"YI_T2"	"YI_T2"	"MATCH"	"YI_T2"	"MATCH"
5743	"BARE"	6	1	"CLEAR_SIMPLEX"	"YI_T2"	"YI_T2"	"MATCH"	"YI_T2"	"MATCH"
5776	"BARE"	3	1	"CLEAR_SIMPLEX"	"YI_T2"	"YI_T2"	"MATCH"	"YI_T2"	"MATCH"
5787	"BARE"	9	1	"CLEAR_SIMPLEX"	"YI_T2"	"YI_T2"	"MATCH"	"YI_T2"	"MATCH"
5804	"BARE"	2	1	"CLEAR_SIMPLEX"	"YI_T2"	"YI_T2"	"MATCH"	"YI_T2"	"MATCH"
5812	"BARE"	4	1	"CLEAR_SIMPLEX"	"YI_T2"	"YI_T2"	"MATCH"	"YI_T2"	"MATCH"
5812	"BARE"	14	2	"CLEAR_SIMPLEX"	"YI_T2"	"YI_T2"	"MATCH"	"YI_T2"	"MATCH"
5970	"BARE"	6	1	"CLEAR_SIMPLEX"	"YI_T2"	"YI_T2"	"MATCH"	"YI_T2"	"MATCH"
6033	"BARE"	2	1	"CLEAR_SIMPLEX"	"YI_T2"	"YI_T2"	"MATCH"	"YI_T2"	"MATCH"
6042	"BARE"	6	1	"CLEAR_SIMPLEX"	"YI_T2"	"YI_T2"	"MATCH"	"YI_T2"	"MATCH"
6090	"BARE"	21	1	"CLEAR_SIMPLEX"	"YI_T2"	"YI_T2"	"MATCH"	"YI_T2"	"MATCH"
6129	"BARE"	6	1	"CLEAR_SIMPLEX"	"YI_T2"	"YI_T2"	"MATCH"	"YI_T2"	"MATCH"
6152	"BARE"	6	1	"CLEAR_SIMPLEX"	"YI_T2"	"YI_T2"	"MATCH"	"YI_T2"	"MATCH"
6220	"BARE"	10	1	"CLEAR_SIMPLEX"	"YI_T2"	"YI_T2"	"MATCH"	"YI_T2"	"MATCH"
6240	"BARE"	2	1	"CLEAR_SIMPLEX"	"YI_T2"	"YI_T2"	"MATCH"	"YI_T2"	"MATCH"
6347	"BARE"	4	1	"CLEAR_SIMPLEX"	"YI_T2"	"YI_T2"	"MATCH"	"YI_T2"	"MATCH"
6440	"BARE"	12	1	"CLEAR_SIMPLEX"	"YI_T2"	"YI_T2"	"MATCH"	"YI_T2"	"MATCH"
6480	"BARE"	5	1	"CLEAR_SIMPLEX"	"YI_T2"	"YI_T2"	"MATCH"	"YI_T2"	"MATCH"
6523	"BARE"	12	1	"CLEAR_SIMPLEX"	"YI_T2"	"YI_T2"	"MATCH"	"YI_T2"	"MATCH"
6591	"BARE"	5	1	"CLEAR_SIMPLEX"	"YI_T2"	"YI_T2"	"MATCH"	"YI_T2"	"MATCH"
6652	"BARE"	7	1	"CLEAR_SIMPLEX"	"YI_T2"	"YI_T2"	"MATCH"	"YI_T2"	"MATCH"
6656	"BARE"	12	1	"AMBIGUOUS_OR_OUTSIDE_SCOPE"	"YI_T2"	"YI_T1"	"COUNTEREXAMPLE"	"NO_PREDICTION"	"NO_CONCLUSION_SCOPE"
6758	"BARE"	6	1	"CLEAR_SIMPLEX"	"YI_T2"	"YI_T2"	"MATCH"	"YI_T2"	"MATCH"
6816	"BARE"	6	1	"CLEAR_SIMPLEX"	"YI_T2"	"YI_T2"	"MATCH"	"YI_T2"	"MATCH"
6981	"ORDINAL"	9	1	"ORDINAL_ABSOLUTE"	"YI_T1"	"YI_T2"	"COUNTEREXAMPLE"	"YI_T1"	"COUNTEREXAMPLE"
6998	"BARE"	4	1	"CLEAR_SIMPLEX"	"YI_T2"	"YI_T2"	"MATCH"	"YI_T2"	"MATCH"
7004	"BARE"	14	1	"CLEAR_SIMPLEX"	"YI_T2"	"YI_T2"	"MATCH"	"YI_T2"	"MATCH"
7046	"BARE"	5	1	"CLEAR_SIMPLEX"	"YI_T2"	"YI_T2"	"MATCH"	"YI_T2"	"MATCH"
7085	"BARE"	13	1	"CLEAR_SIMPLEX"	"YI_T2"	"YI_T2"	"MATCH"	"YI_T2"	"MATCH"
7186	"BARE"	11	1	"CLEAR_SIMPLEX"	"YI_T2"	"YI_T2"	"MATCH"	"YI_T2"	"MATCH"
7274	"BARE"	9	1	"CLEAR_SIMPLEX"	"YI_T2"	"YI_T2"	"MATCH"	"YI_T2"	"MATCH"
7286	"BARE"	12	1	"CLEAR_SIMPLEX"	"YI_T2"	"YI_T2"	"MATCH"	"YI_T2"	"MATCH"
7414	"BARE"	7	1	"CLEAR_SIMPLEX"	"YI_T2"	"YI_T2"	"MATCH"	"YI_T2"	"MATCH"
7463	"BARE"	11	1	"CLEAR_SIMPLEX"	"YI_T2"	"YI_T2"	"MATCH"	"YI_T2"	"MATCH"
7590	"BARE"	9	1	"CLEAR_SIMPLEX"	"YI_T2"	"YI_T2"	"MATCH"	"YI_T2"	"MATCH"
7606	"BARE"	8	1	"CLEAR_SIMPLEX"	"YI_T2"	"YI_T2"	"MATCH"	"YI_T2"	"MATCH"
7645	"BARE"	5	1	"CLEAR_SIMPLEX"	"YI_T2"	"YI_T2"	"MATCH"	"YI_T2"	"MATCH"
7695	"BARE"	7	1	"CLEAR_SIMPLEX"	"YI_T2"	"YI_T2"	"MATCH"	"YI_T2"	"MATCH"
7716	"BARE"	10	1	"CLEAR_SIMPLEX"	"YI_T2"	"YI_T2"	"MATCH"	"YI_T2"	"MATCH"
7848	"BARE"	9	1	"CLEAR_SIMPLEX"	"YI_T2"	"YI_T2"	"MATCH"	"YI_T2"	"MATCH"
8124	"BARE"	6	1	"CLEAR_SIMPLEX"	"YI_T2"	"YI_T2"	"MATCH"	"YI_T2"	"MATCH"
8197	"BARE"	2	1	"CLEAR_SIMPLEX"	"YI_T2"	"YI_T2"	"MATCH"	"YI_T2"	"MATCH"
8252	"BARE"	9	1	"CLEAR_SIMPLEX"	"YI_T2"	"YI_T2"	"MATCH"	"YI_T2"	"MATCH"
8254	"BARE"	6	1	"CLEAR_SIMPLEX"	"YI_T2"	"YI_T2"	"MATCH"	"YI_T2"	"MATCH"
8290	"BARE"	10	1	"CLEAR_SIMPLEX"	"YI_T2"	"YI_T2"	"MATCH"	"YI_T2"	"MATCH"
8308	"BARE"	6	1	"CLEAR_SIMPLEX"	"YI_T2"	"YI_T2"	"MATCH"	"YI_T2"	"MATCH"
8415	"BARE"	5	1	"CLEAR_SIMPLEX"	"YI_T2"	"YI_T2"	"MATCH"	"YI_T2"	"MATCH"
8499	"BARE"	7	1	"CLEAR_SIMPLEX"	"YI_T2"	"YI_T2"	"MATCH"	"YI_T2"	"MATCH"
8559	"BARE"	9	1	"CLEAR_SIMPLEX"	"YI_T2"	"YI_T2"	"MATCH"	"YI_T2"	"MATCH"
8561	"BARE"	2	1	"CLEAR_SIMPLEX"	"YI_T2"	"YI_T2"	"MATCH"	"YI_T2"	"MATCH"
8582	"BARE"	8	1	"CLEAR_SIMPLEX"	"YI_T2"	"YI_T2"	"MATCH"	"YI_T2"	"MATCH"
8608	"BARE"	10	1	"CLEAR_SIMPLEX"	"YI_T2"	"YI_T2"	"MATCH"	"YI_T2"	"MATCH"
8674	"BARE"	13	1	"CLEAR_SIMPLEX"	"YI_T2"	"YI_T2"	"MATCH"	"YI_T2"	"MATCH"
8684	"BARE"	6	1	"CLEAR_SIMPLEX"	"YI_T2"	"YI_T2"	"MATCH"	"YI_T2"	"MATCH"
8732	"BARE"	14	1	"CLEAR_SIMPLEX"	"YI_T2"	"YI_T2"	"MATCH"	"YI_T2"	"MATCH"
8756	"BARE"	10	1	"CLEAR_SIMPLEX"	"YI_T2"	"YI_T2"	"MATCH"	"YI_T2"	"MATCH"
8908	"BARE"	10	1	"CLEAR_SIMPLEX"	"YI_T2"	"YI_T2"	"MATCH"	"YI_T2"	"MATCH"
8976	"BARE"	5	1	"CLEAR_SIMPLEX"	"YI_T2"	"YI_T2"	"MATCH"	"YI_T2"	"MATCH"
9015	"BARE"	19	1	"CLEAR_COMPLEX_LAST_DIGIT"	"YI_T2"	"YI_T1"	"COUNTEREXAMPLE"	"YI_T1"	"MATCH"
9147	"BARE"	11	1	"CLEAR_SIMPLEX"	"YI_T2"	"YI_T2"	"MATCH"	"YI_T2"	"MATCH"
9231	"BARE"	8	1	"CLEAR_SIMPLEX"	"YI_T2"	"YI_T2"	"MATCH"	"YI_T2"	"MATCH"
9235	"BARE"	6	1	"CLEAR_SIMPLEX"	"YI_T2"	"YI_T2"	"MATCH"	"YI_T2"	"MATCH"
9261	"BARE"	4	1	"CLEAR_SIMPLEX"	"YI_T2"	"YI_T2"	"MATCH"	"YI_T2"	"MATCH"
9356	"BARE"	9	1	"CLEAR_SIMPLEX"	"YI_T2"	"YI_T2"	"MATCH"	"YI_T2"	"MATCH"
9409	"BARE"	2	1	"CLEAR_SIMPLEX"	"YI_T2"	"YI_T2"	"MATCH"	"YI_T2"	"MATCH"
9416	"BARE"	7	1	"CLEAR_SIMPLEX"	"YI_T2"	"YI_T2"	"MATCH"	"YI_T2"	"MATCH"
9578	"BARE"	10	1	"CLEAR_SIMPLEX"	"YI_T2"	"YI_T2"	"MATCH"	"YI_T2"	"MATCH"
9614	"BARE"	5	1	"CLEAR_SIMPLEX"	"YI_T2"	"YI_T2"	"MATCH"	"YI_T2"	"MATCH"
9710	"BARE"	6	1	"CLEAR_SIMPLEX"	"YI_T2"	"YI_T2"	"MATCH"	"YI_T2"	"MATCH"
9724	"BARE"	9	1	"CLEAR_SIMPLEX"	"YI_T2"	"YI_T2"	"MATCH"	"YI_T2"	"MATCH"
9744	"BARE"	2	1	"CLEAR_SIMPLEX"	"YI_T2"	"YI_T2"	"MATCH"	"YI_T2"	"MATCH"
10044	"BARE"	8	1	"CLEAR_SIMPLEX"	"YI_T2"	"YI_T2"	"MATCH"	"YI_T2"	"MATCH"
10071	"ORDINAL"	19	1	"ORDINAL_ABSOLUTE"	"YI_T1"	"YI_T1"	"MATCH"	"YI_T1"	"MATCH"
10159	"BARE"	8	1	"CLEAR_SIMPLEX"	"YI_T2"	"YI_T2"	"MATCH"	"YI_T2"	"MATCH"
10203	"BARE"	10	1	"CLEAR_SIMPLEX"	"YI_T2"	"YI_T2"	"MATCH"	"YI_T2"	"MATCH"
10229	"BARE"	15	1	"CLEAR_SIMPLEX"	"YI_T2"	"YI_T2"	"MATCH"	"YI_T2"	"MATCH"
10307	"ORDINAL"	3	1	"ORDINAL_ABSOLUTE"	"YI_T1"	"YI_T2"	"COUNTEREXAMPLE"	"YI_T1"	"COUNTEREXAMPLE"
10310	"BARE"	18	1	"CLEAR_SIMPLEX"	"YI_T2"	"YI_T2"	"MATCH"	"YI_T2"	"MATCH"
10339	"BARE"	4	1	"CLEAR_SIMPLEX"	"YI_T2"	"YI_T2"	"MATCH"	"YI_T2"	"MATCH"
10349	"BARE"	14	1	"CLEAR_SIMPLEX"	"YI_T2"	"YI_T2"	"MATCH"	"YI_T2"	"MATCH"
10370	"BARE"	14	1	"CLEAR_SIMPLEX"	"YI_T2"	"YI_T2"	"MATCH"	"YI_T2"	"MATCH"
10374	"BARE"	16	1	"CLEAR_SIMPLEX"	"YI_T2"	"YI_T2"	"MATCH"	"YI_T2"	"MATCH"
10434	"BARE"	14	1	"CLEAR_SIMPLEX"	"YI_T2"	"YI_T2"	"MATCH"	"YI_T2"	"MATCH"
10477	"BARE"	4	1	"CLEAR_SIMPLEX"	"YI_T2"	"YI_T2"	"MATCH"	"YI_T2"	"MATCH"
10557	"BARE"	11	1	"CLEAR_SIMPLEX"	"YI_T2"	"YI_T2"	"MATCH"	"YI_T2"	"MATCH"
10678	"BARE"	3	1	"CLEAR_SIMPLEX"	"YI_T2"	"YI_T2"	"MATCH"	"YI_T2"	"MATCH"
10704	"BARE"	5	1	"CLEAR_SIMPLEX"	"YI_T2"	"YI_T2"	"MATCH"	"YI_T2"	"MATCH"
10725	"BARE"	7	1	"CLEAR_SIMPLEX"	"YI_T2"	"YI_T2"	"MATCH"	"YI_T2"	"MATCH"
10755	"BARE"	2	1	"CLEAR_SIMPLEX"	"YI_T2"	"YI_T2"	"MATCH"	"YI_T2"	"MATCH"
10876	"BARE"	7	1	"CLEAR_SIMPLEX"	"YI_T2"	"YI_T2"	"MATCH"	"YI_T2"	"MATCH"
10988	"BARE"	4	1	"CLEAR_SIMPLEX"	"YI_T2"	"YI_T2"	"MATCH"	"YI_T2"	"MATCH"
11051	"BARE"	5	1	"CLEAR_SIMPLEX"	"YI_T2"	"YI_T2"	"MATCH"	"YI_T2"	"MATCH"
11227	"BARE"	2	1	"CLEAR_SIMPLEX"	"YI_T2"	"YI_T2"	"MATCH"	"YI_T2"	"MATCH"
11249	"ORDINAL"	12	1	"ORDINAL_ABSOLUTE"	"YI_T1"	"YI_T1"	"MATCH"	"YI_T1"	"MATCH"
11380	"BARE"	8	1	"CLEAR_SIMPLEX"	"YI_T2"	"YI_T2"	"MATCH"	"YI_T2"	"MATCH"
11476	"BARE"	7	1	"CLEAR_SIMPLEX"	"YI_T2"	"YI_T2"	"MATCH"	"YI_T2"	"MATCH"
11616	"BARE"	5	1	"CLEAR_SIMPLEX"	"YI_T2"	"YI_T2"	"MATCH"	"YI_T2"	"MATCH"
11658	"BARE"	4	1	"CLEAR_SIMPLEX"	"YI_T2"	"YI_T2"	"MATCH"	"YI_T2"	"MATCH"
11671	"BARE"	7	1	"CLEAR_SIMPLEX"	"YI_T2"	"YI_T2"	"MATCH"	"YI_T2"	"MATCH"
11676	"BARE"	17	1	"CLEAR_SIMPLEX"	"YI_T2"	"YI_T2"	"MATCH"	"YI_T2"	"MATCH"
11692	"BARE"	2	1	"CLEAR_SIMPLEX"	"YI_T2"	"YI_T2"	"MATCH"	"YI_T2"	"MATCH"
11900	"BARE"	13	1	"CLEAR_SIMPLEX"	"YI_T2"	"YI_T2"	"MATCH"	"YI_T2"	"MATCH"
11900	"BARE"	18	2	"CLEAR_SIMPLEX"	"YI_T2"	"YI_T2"	"MATCH"	"YI_T2"	"MATCH"
11923	"BARE"	8	1	"CLEAR_SIMPLEX"	"YI_T2"	"YI_T2"	"MATCH"	"YI_T2"	"MATCH"
11934	"BARE"	7	1	"CLEAR_SIMPLEX"	"YI_T2"	"YI_T2"	"MATCH"	"YI_T2"	"MATCH"
11935	"BARE"	11	1	"CLEAR_SIMPLEX"	"YI_T2"	"YI_T2"	"MATCH"	"YI_T2"	"MATCH"
11953	"BARE"	4	1	"CLEAR_SIMPLEX"	"YI_T2"	"YI_T2"	"MATCH"	"YI_T2"	"MATCH"
11959	"BARE"	11	1	"CLEAR_SIMPLEX"	"YI_T2"	"YI_T2"	"MATCH"	"YI_T2"	"MATCH"
11967	"BARE"	12	1	"CLEAR_SIMPLEX"	"YI_T2"	"YI_T2"	"MATCH"	"YI_T2"	"MATCH"
12120	"BARE"	10	1	"CLEAR_SIMPLEX"	"YI_T2"	"YI_T2"	"MATCH"	"YI_T2"	"MATCH"
12144	"BARE"	23	1	"CLEAR_SIMPLEX"	"YI_T2"	"YI_T2"	"MATCH"	"YI_T2"	"MATCH"
12159	"BARE"	3	1	"CLEAR_SIMPLEX"	"YI_T2"	"YI_T2"	"MATCH"	"YI_T2"	"MATCH"
12195	"BARE"	3	1	"CLEAR_SIMPLEX"	"YI_T2"	"YI_T2"	"MATCH"	"YI_T2"	"MATCH"
12239	"BARE"	16	1	"CLEAR_SIMPLEX"	"YI_T2"	"YI_T2"	"MATCH"	"YI_T2"	"MATCH"
12306	"BARE"	8	1	"CLEAR_SIMPLEX"	"YI_T2"	"YI_T2"	"MATCH"	"YI_T2"	"MATCH"
12448	"BARE"	6	1	"CLEAR_SIMPLEX"	"YI_T2"	"YI_T2"	"MATCH"	"YI_T2"	"MATCH"
12522	"BARE"	2	1	"CLEAR_SIMPLEX"	"YI_T2"	"YI_T2"	"MATCH"	"YI_T2"	"MATCH"
12522	"BARE"	10	2	"CLEAR_SIMPLEX"	"YI_T2"	"YI_T2"	"MATCH"	"YI_T2"	"MATCH"
12611	"BARE"	4	1	"CLEAR_SIMPLEX"	"YI_T2"	"YI_T2"	"MATCH"	"YI_T2"	"MATCH"
12710	"BARE"	9	1	"CLEAR_SIMPLEX"	"YI_T2"	"YI_T2"	"MATCH"	"YI_T2"	"MATCH"
12887	"ORDINAL"	12	1	"ORDINAL_ABSOLUTE"	"YI_T1"	"YI_T2"	"COUNTEREXAMPLE"	"YI_T1"	"COUNTEREXAMPLE"
12918	"BARE"	4	1	"CLEAR_SIMPLEX"	"YI_T2"	"YI_T2"	"MATCH"	"YI_T2"	"MATCH"
12922	"BARE"	19	1	"CLEAR_SIMPLEX"	"YI_T2"	"YI_T2"	"MATCH"	"YI_T2"	"MATCH"
13044	"BARE"	5	1	"CLEAR_SIMPLEX"	"YI_T2"	"YI_T2"	"MATCH"	"YI_T2"	"MATCH"
13087	"BARE"	7	1	"CLEAR_SIMPLEX"	"YI_T2"	"YI_T2"	"MATCH"	"YI_T2"	"MATCH"
13144	"BARE"	5	1	"CLEAR_SIMPLEX"	"YI_T2"	"YI_T2"	"MATCH"	"YI_T2"	"MATCH"
13148	"BARE"	7	1	"CLEAR_SIMPLEX"	"YI_T2"	"YI_T2"	"MATCH"	"YI_T2"	"MATCH"
13176	"BARE"	13	1	"CLEAR_SIMPLEX"	"YI_T2"	"YI_T2"	"MATCH"	"YI_T2"	"MATCH"
13199	"BARE"	14	1	"CLEAR_SIMPLEX"	"YI_T2"	"YI_T2"	"MATCH"	"YI_T2"	"MATCH"
13394	"BARE"	4	1	"CLEAR_SIMPLEX"	"YI_T2"	"YI_T2"	"MATCH"	"YI_T2"	"MATCH"
13439	"BARE"	11	1	"CLEAR_SIMPLEX"	"YI_T2"	"YI_T2"	"MATCH"	"YI_T2"	"MATCH"
13445	"BARE"	2	1	"CLEAR_SIMPLEX"	"YI_T2"	"YI_T2"	"MATCH"	"YI_T2"	"MATCH"
13454	"BARE"	10	1	"CLEAR_SIMPLEX"	"YI_T2"	"YI_T2"	"MATCH"	"YI_T2"	"MATCH"
13492	"BARE"	4	1	"CLEAR_SIMPLEX"	"YI_T2"	"YI_T2"	"MATCH"	"YI_T2"	"MATCH"
13624	"BARE"	7	1	"CLEAR_SIMPLEX"	"YI_T2"	"YI_T2"	"MATCH"	"YI_T2"	"MATCH"
13665	"BARE"	9	1	"CLEAR_SIMPLEX"	"YI_T2"	"YI_T2"	"MATCH"	"YI_T2"	"MATCH"
13775	"BARE"	13	1	"CLEAR_SIMPLEX"	"YI_T2"	"YI_T2"	"MATCH"	"YI_T2"	"MATCH"
13791	"BARE"	9	1	"CLEAR_SIMPLEX"	"YI_T2"	"YI_T2"	"MATCH"	"YI_T2"	"MATCH"
13856	"BARE"	2	1	"CLEAR_SIMPLEX"	"YI_T2"	"YI_T2"	"MATCH"	"YI_T2"	"MATCH"
13862	"BARE"	18	1	"CLEAR_SIMPLEX"	"YI_T2"	"YI_T2"	"MATCH"	"YI_T2"	"MATCH"
13967	"BARE"	14	1	"CLEAR_SIMPLEX"	"YI_T2"	"YI_T2"	"MATCH"	"YI_T2"	"MATCH"
14040	"BARE"	3	1	"CLEAR_SIMPLEX"	"YI_T2"	"YI_T2"	"MATCH"	"YI_T2"	"MATCH"
14123	"BARE"	12	1	"CLEAR_SIMPLEX"	"YI_T2"	"YI_T2"	"MATCH"	"YI_T2"	"MATCH"
14166	"BARE"	15	1	"CLEAR_SIMPLEX"	"YI_T2"	"YI_T2"	"MATCH"	"YI_T2"	"MATCH"
14202	"BARE"	2	1	"CLEAR_SIMPLEX"	"YI_T2"	"YI_T2"	"MATCH"	"YI_T2"	"MATCH"
14234	"BARE"	14	1	"CLEAR_SIMPLEX"	"YI_T2"	"YI_T2"	"MATCH"	"YI_T2"	"MATCH"
14377	"BARE"	4	1	"CLEAR_SIMPLEX"	"YI_T2"	"YI_T2"	"MATCH"	"YI_T2"	"MATCH"
14399	"BARE"	14	1	"AMBIGUOUS_OR_OUTSIDE_SCOPE"	"YI_T2"	"YI_T2"	"MATCH"	"NO_PREDICTION"	"NO_CONCLUSION_SCOPE"
14432	"BARE"	9	1	"CLEAR_SIMPLEX"	"YI_T2"	"YI_T4"	"COUNTEREXAMPLE"	"YI_T2"	"COUNTEREXAMPLE"
14450	"BARE"	2	1	"CLEAR_SIMPLEX"	"YI_T2"	"YI_T2"	"MATCH"	"YI_T2"	"MATCH"
14516	"BARE"	10	1	"CLEAR_SIMPLEX"	"YI_T2"	"YI_T2"	"MATCH"	"YI_T2"	"MATCH"
14656	"BARE"	8	1	"CLEAR_SIMPLEX"	"YI_T2"	"YI_T2"	"MATCH"	"YI_T2"	"MATCH"
14656	"BARE"	11	2	"CLEAR_SIMPLEX"	"YI_T2"	"YI_T2"	"MATCH"	"YI_T2"	"MATCH"
14676	"BARE"	13	1	"CLEAR_SIMPLEX"	"YI_T2"	"YI_T2"	"MATCH"	"YI_T2"	"MATCH"
14716	"BARE"	6	1	"CLEAR_SIMPLEX"	"YI_T2"	"YI_T2"	"MATCH"	"YI_T2"	"MATCH"
14721	"BARE"	11	1	"CLEAR_SIMPLEX"	"YI_T2"	"YI_T2"	"MATCH"	"YI_T2"	"MATCH"
14763	"BARE"	10	1	"CLEAR_SIMPLEX"	"YI_T2"	"YI_T2"	"MATCH"	"YI_T2"	"MATCH"
14796	"BARE"	5	1	"CLEAR_SIMPLEX"	"YI_T2"	"YI_T2"	"MATCH"	"YI_T2"	"MATCH"
14832	"BARE"	4	1	"CLEAR_SIMPLEX"	"YI_T2"	"YI_T2"	"MATCH"	"YI_T2"	"MATCH"
14844	"BARE"	10	1	"CLEAR_SIMPLEX"	"YI_T2"	"YI_T2"	"MATCH"	"YI_T2"	"MATCH"
14885	"BARE"	16	1	"CLEAR_SIMPLEX"	"YI_T2"	"YI_T2"	"MATCH"	"YI_T2"	"MATCH"
14891	"ORDINAL"	3	1	"ORDINAL_ABSOLUTE"	"YI_T1"	"YI_T1"	"MATCH"	"YI_T1"	"MATCH"
14921	"BARE"	5	1	"CLEAR_SIMPLEX"	"YI_T2"	"YI_T2"	"MATCH"	"YI_T2"	"MATCH"
14935	"BARE"	8	1	"CLEAR_SIMPLEX"	"YI_T2"	"YI_T2"	"MATCH"	"YI_T2"	"MATCH"
15175	"BARE"	6	1	"CLEAR_SIMPLEX"	"YI_T2"	"YI_T2"	"MATCH"	"YI_T2"	"MATCH"
15197	"BARE"	5	1	"CLEAR_SIMPLEX"	"YI_T2"	"YI_T2"	"MATCH"	"YI_T2"	"MATCH"
15402	"BARE"	20	1	"CLEAR_SIMPLEX"	"YI_T2"	"YI_T2"	"MATCH"	"YI_T2"	"MATCH"
15559	"BARE"	8	1	"CLEAR_SIMPLEX"	"YI_T2"	"YI_T2"	"MATCH"	"YI_T2"	"MATCH"
15587	"BARE"	6	1	"CLEAR_SIMPLEX"	"YI_T2"	"YI_T2"	"MATCH"	"YI_T2"	"MATCH"
15649	"BARE"	12	1	"CLEAR_SIMPLEX"	"YI_T2"	"YI_T2"	"MATCH"	"YI_T2"	"MATCH"
15712	"BARE"	2	1	"CLEAR_SIMPLEX"	"YI_T2"	"YI_T2"	"MATCH"	"YI_T2"	"MATCH"
15727	"BARE"	4	1	"CLEAR_SIMPLEX"	"YI_T2"	"YI_T2"	"MATCH"	"YI_T2"	"MATCH"
15770	"BARE"	8	1	"CLEAR_SIMPLEX"	"YI_T2"	"YI_T2"	"MATCH"	"YI_T2"	"MATCH"
15810	"BARE"	6	1	"CLEAR_SIMPLEX"	"YI_T2"	"YI_T2"	"MATCH"	"YI_T2"	"MATCH"
15907	"BARE"	13	1	"CLEAR_SIMPLEX"	"YI_T2"	"YI_T2"	"MATCH"	"YI_T2"	"MATCH"
16239	"BARE"	10	1	"CLEAR_SIMPLEX"	"YI_T2"	"YI_T2"	"MATCH"	"YI_T2"	"MATCH"
16311	"BARE"	3	1	"CLEAR_SIMPLEX"	"YI_T2"	"YI_T2"	"MATCH"	"YI_T2"	"MATCH"
16322	"BARE"	3	1	"CLEAR_SIMPLEX"	"YI_T2"	"YI_T2"	"MATCH"	"YI_T2"	"MATCH"
16361	"BARE"	2	1	"CLEAR_SIMPLEX"	"YI_T2"	"YI_T2"	"MATCH"	"YI_T2"	"MATCH"
16373	"BARE"	7	1	"CLEAR_SIMPLEX"	"YI_T2"	"YI_T2"	"MATCH"	"YI_T2"	"MATCH"
16467	"BARE"	7	1	"CLEAR_SIMPLEX"	"YI_T2"	"YI_T2"	"MATCH"	"YI_T2"	"MATCH"
16509	"BARE"	4	1	"CLEAR_SIMPLEX"	"YI_T2"	"YI_T2"	"MATCH"	"YI_T2"	"MATCH"
16590	"BARE"	5	1	"CLEAR_SIMPLEX"	"YI_T2"	"YI_T2"	"MATCH"	"YI_T2"	"MATCH"
16594	"BARE"	7	1	"CLEAR_SIMPLEX"	"YI_T2"	"YI_T2"	"MATCH"	"YI_T2"	"MATCH"
16601	"ORDINAL"	11	1	"ORDINAL_ABSOLUTE"	"YI_T1"	"YI_T1"	"MATCH"	"YI_T1"	"MATCH"
16768	"BARE"	10	1	"CLEAR_SIMPLEX"	"YI_T2"	"YI_T2"	"MATCH"	"YI_T2"	"MATCH"
16834	"ORDINAL"	6	1	"ORDINAL_ABSOLUTE"	"YI_T1"	"YI_T1"	"MATCH"	"YI_T1"	"MATCH"
16869	"BARE"	8	1	"CLEAR_SIMPLEX"	"YI_T2"	"YI_T2"	"MATCH"	"YI_T2"	"MATCH"
16943	"ORDINAL"	3	1	"ORDINAL_ABSOLUTE"	"YI_T1"	"YI_T1"	"MATCH"	"YI_T1"	"MATCH"
16959	"BARE"	5	1	"CLEAR_SIMPLEX"	"YI_T2"	"YI_T2"	"MATCH"	"YI_T2"	"MATCH"
17147	"BARE"	6	1	"CLEAR_SIMPLEX"	"YI_T2"	"YI_T2"	"MATCH"	"YI_T2"	"MATCH"
17166	"BARE"	6	1	"CLEAR_SIMPLEX"	"YI_T2"	"YI_T2"	"MATCH"	"YI_T2"	"MATCH"
17176	"BARE"	6	1	"CLEAR_SIMPLEX"	"YI_T2"	"YI_T2"	"MATCH"	"YI_T2"	"MATCH"
17180	"BARE"	13	1	"CLEAR_SIMPLEX"	"YI_T2"	"YI_T2"	"MATCH"	"YI_T2"	"MATCH"
17183	"BARE"	10	1	"CLEAR_SIMPLEX"	"YI_T2"	"YI_T2"	"MATCH"	"YI_T2"	"MATCH"
17210	"BARE"	6	1	"CLEAR_SIMPLEX"	"YI_T2"	"YI_T2"	"MATCH"	"YI_T2"	"MATCH"
17287	"BARE"	6	1	"CLEAR_SIMPLEX"	"YI_T2"	"YI_T2"	"MATCH"	"YI_T2"	"MATCH"
17289	"BARE"	11	1	"CLEAR_SIMPLEX"	"YI_T2"	"YI_T2"	"MATCH"	"YI_T2"	"MATCH"
17310	"BARE"	6	1	"CLEAR_SIMPLEX"	"YI_T2"	"YI_T2"	"MATCH"	"YI_T2"	"MATCH"
17328	"BARE"	9	1	"CLEAR_SIMPLEX"	"YI_T2"	"YI_T2"	"MATCH"	"YI_T2"	"MATCH"
17402	"BARE"	5	1	"CLEAR_SIMPLEX"	"YI_T2"	"YI_T2"	"MATCH"	"YI_T2"	"MATCH"
17462	"BARE"	10	1	"CLEAR_SIMPLEX"	"YI_T2"	"YI_T2"	"MATCH"	"YI_T2"	"MATCH"
17495	"BARE"	6	1	"CLEAR_SIMPLEX"	"YI_T2"	"YI_T2"	"MATCH"	"YI_T2"	"MATCH"
17501	"BARE"	6	1	"CLEAR_SIMPLEX"	"YI_T2"	"YI_T2"	"MATCH"	"YI_T2"	"MATCH"
17528	"BARE"	10	1	"CLEAR_SIMPLEX"	"YI_T2"	"YI_T2"	"MATCH"	"YI_T2"	"MATCH"
17549	"BARE"	6	1	"CLEAR_SIMPLEX"	"YI_T2"	"YI_T2"	"MATCH"	"YI_T2"	"MATCH"
17566	"BARE"	2	1	"CLEAR_SIMPLEX"	"YI_T2"	"YI_T2"	"MATCH"	"YI_T2"	"MATCH"
17659	"BARE"	11	1	"CLEAR_SIMPLEX"	"YI_T2"	"YI_T2"	"MATCH"	"YI_T2"	"MATCH"
17670	"BARE"	6	1	"CLEAR_SIMPLEX"	"YI_T2"	"YI_T2"	"MATCH"	"YI_T2"	"MATCH"
17694	"BARE"	4	1	"CLEAR_SIMPLEX"	"YI_T2"	"YI_T2"	"MATCH"	"YI_T2"	"MATCH"
17705	"BARE"	4	1	"CLEAR_SIMPLEX"	"YI_T2"	"YI_T2"	"MATCH"	"YI_T2"	"MATCH"
17767	"BARE"	3	1	"CLEAR_COMPLEX_LAST_DIGIT"	"YI_T2"	"YI_T1"	"COUNTEREXAMPLE"	"YI_T1"	"MATCH"
17938	"BARE"	11	1	"CLEAR_SIMPLEX"	"YI_T2"	"YI_T2"	"MATCH"	"YI_T2"	"MATCH"
17959	"BARE"	2	1	"CLEAR_SIMPLEX"	"YI_T2"	"YI_T2"	"MATCH"	"YI_T2"	"MATCH"
17970	"BARE"	4	1	"CLEAR_SIMPLEX"	"YI_T2"	"YI_T2"	"MATCH"	"YI_T2"	"MATCH"
18015	"BARE"	17	1	"CLEAR_SIMPLEX"	"YI_T2"	"YI_T2"	"MATCH"	"YI_T2"	"MATCH"
18015	"BARE"	20	2	"CLEAR_SIMPLEX"	"YI_T2"	"YI_T2"	"MATCH"	"YI_T2"	"MATCH"
18043	"BARE"	11	1	"CLEAR_SIMPLEX"	"YI_T2"	"YI_T2"	"MATCH"	"YI_T2"	"MATCH"
18126	"BARE"	7	1	"CLEAR_SIMPLEX"	"YI_T2"	"YI_T2"	"MATCH"	"YI_T2"	"MATCH"
18164	"BARE"	13	1	"CLEAR_SIMPLEX"	"YI_T2"	"YI_T2"	"MATCH"	"YI_T2"	"MATCH"
18307	"BARE"	8	1	"CLEAR_SIMPLEX"	"YI_T2"	"YI_T2"	"MATCH"	"YI_T2"	"MATCH"
18331	"BARE"	8	1	"CLEAR_SIMPLEX"	"YI_T2"	"YI_T2"	"MATCH"	"YI_T2"	"MATCH"
18371	"BARE"	12	1	"CLEAR_SIMPLEX"	"YI_T2"	"YI_T2"	"MATCH"	"YI_T2"	"MATCH"
18377	"BARE"	2	1	"CLEAR_SIMPLEX"	"YI_T2"	"YI_T2"	"MATCH"	"YI_T2"	"MATCH"
18378	"BARE"	4	1	"CLEAR_SIMPLEX"	"YI_T2"	"YI_T2"	"MATCH"	"YI_T2"	"MATCH"
18386	"BARE"	6	1	"CLEAR_SIMPLEX"	"YI_T2"	"YI_T2"	"MATCH"	"YI_T2"	"MATCH"
18407	"BARE"	6	1	"CLEAR_SIMPLEX"	"YI_T2"	"YI_T2"	"MATCH"	"YI_T2"	"MATCH"
18408	"BARE"	13	1	"CLEAR_SIMPLEX"	"YI_T2"	"YI_T2"	"MATCH"	"YI_T2"	"MATCH"
18410	"BARE"	5	1	"CLEAR_SIMPLEX"	"YI_T2"	"YI_T2"	"MATCH"	"YI_T2"	"MATCH"
18467	"BARE"	9	1	"CLEAR_SIMPLEX"	"YI_T2"	"YI_T2"	"MATCH"	"YI_T2"	"MATCH"
18491	"BARE"	15	1	"CLEAR_SIMPLEX"	"YI_T2"	"YI_T2"	"MATCH"	"YI_T2"	"MATCH"
18500	"BARE"	13	1	"CLEAR_SIMPLEX"	"YI_T2"	"YI_T2"	"MATCH"	"YI_T2"	"MATCH"
18514	"BARE"	2	1	"CLEAR_SIMPLEX"	"YI_T2"	"YI_T2"	"MATCH"	"YI_T2"	"MATCH"
18631	"BARE"	10	1	"CLEAR_SIMPLEX"	"YI_T2"	"YI_T2"	"MATCH"	"YI_T2"	"MATCH"
18753	"BARE"	4	1	"CLEAR_SIMPLEX"	"YI_T2"	"YI_T2"	"MATCH"	"YI_T2"	"MATCH"
18810	"BARE"	18	1	"CLEAR_SIMPLEX"	"YI_T2"	"YI_T2"	"MATCH"	"YI_T2"	"MATCH"
18847	"BARE"	7	1	"CLEAR_SIMPLEX"	"YI_T2"	"YI_T2"	"MATCH"	"YI_T2"	"MATCH"
19023	"BARE"	4	1	"CLEAR_SIMPLEX"	"YI_T2"	"YI_T2"	"MATCH"	"YI_T2"	"MATCH"
19131	"BARE"	8	1	"CLEAR_SIMPLEX"	"YI_T2"	"YI_T2"	"MATCH"	"YI_T2"	"MATCH"
19274	"BARE"	9	1	"CLEAR_SIMPLEX"	"YI_T2"	"YI_T2"	"MATCH"	"YI_T2"	"MATCH"
19284	"BARE"	5	1	"CLEAR_SIMPLEX"	"YI_T2"	"YI_T2"	"MATCH"	"YI_T2"	"MATCH"
19413	"BARE"	7	1	"CLEAR_SIMPLEX"	"YI_T2"	"YI_T2"	"MATCH"	"YI_T2"	"MATCH"
19498	"BARE"	9	1	"CLEAR_SIMPLEX"	"YI_T2"	"YI_T2"	"MATCH"	"YI_T2"	"MATCH"
19598	"BARE"	5	1	"CLEAR_SIMPLEX"	"YI_T2"	"YI_T2"	"MATCH"	"YI_T2"	"MATCH"
19628	"BARE"	7	1	"CLEAR_SIMPLEX"	"YI_T2"	"YI_T2"	"MATCH"	"YI_T2"	"MATCH"
19644	"BARE"	10	1	"CLEAR_SIMPLEX"	"YI_T2"	"YI_T2"	"MATCH"	"YI_T2"	"MATCH"
19651	"BARE"	5	1	"CLEAR_SIMPLEX"	"YI_T2"	"YI_T2"	"MATCH"	"YI_T2"	"MATCH"
19862	"BARE"	7	1	"CLEAR_SIMPLEX"	"YI_T2"	"YI_T2"	"MATCH"	"YI_T2"	"MATCH"
19878	"BARE"	3	1	"CLEAR_SIMPLEX"	"YI_T2"	"YI_T2"	"MATCH"	"YI_T2"	"MATCH"
19904	"BARE"	12	1	"CLEAR_SIMPLEX"	"YI_T2"	"YI_T2"	"MATCH"	"YI_T2"	"MATCH"
19904	"BARE"	21	2	"CLEAR_SIMPLEX"	"YI_T2"	"YI_T2"	"MATCH"	"YI_T2"	"MATCH"
19919	"BARE"	10	1	"CLEAR_SIMPLEX"	"YI_T2"	"YI_T2"	"MATCH"	"YI_T2"	"MATCH"
19924	"BARE"	4	1	"CLEAR_SIMPLEX"	"YI_T2"	"YI_T2"	"MATCH"	"YI_T2"	"MATCH"
20055	"BARE"	7	1	"CLEAR_SIMPLEX"	"YI_T2"	"YI_T2"	"MATCH"	"YI_T2"	"MATCH"
20103	"BARE"	7	1	"CLEAR_SIMPLEX"	"YI_T2"	"YI_T2"	"MATCH"	"YI_T2"	"MATCH"
20108	"BARE"	18	1	"CLEAR_SIMPLEX"	"YI_T2"	"YI_T2"	"MATCH"	"YI_T2"	"MATCH"
20149	"BARE"	6	1	"CLEAR_SIMPLEX"	"YI_T2"	"YI_T1"	"COUNTEREXAMPLE"	"YI_T2"	"COUNTEREXAMPLE"
20174	"BARE"	7	1	"CLEAR_SIMPLEX"	"YI_T2"	"YI_T2"	"MATCH"	"YI_T2"	"MATCH"
20406	"BARE"	6	1	"CLEAR_SIMPLEX"	"YI_T2"	"YI_T2"	"MATCH"	"YI_T2"	"MATCH"
20420	"BARE"	6	1	"CLEAR_SIMPLEX"	"YI_T2"	"YI_T2"	"MATCH"	"YI_T2"	"MATCH"
20421	"BARE"	4	1	"CLEAR_SIMPLEX"	"YI_T2"	"YI_T2"	"MATCH"	"YI_T2"	"MATCH"
20442	"BARE"	9	1	"CLEAR_SIMPLEX"	"YI_T2"	"YI_T2"	"MATCH"	"YI_T2"	"MATCH"
20445	"BARE"	8	1	"CLEAR_SIMPLEX"	"YI_T2"	"YI_T2"	"MATCH"	"YI_T2"	"MATCH"
20453	"BARE"	7	1	"CLEAR_SIMPLEX"	"YI_T2"	"YI_T2"	"MATCH"	"YI_T2"	"MATCH"
20544	"BARE"	10	1	"CLEAR_SIMPLEX"	"YI_T2"	"YI_T2"	"MATCH"	"YI_T2"	"MATCH"
20597	"BARE"	2	1	"CLEAR_SIMPLEX"	"YI_T2"	"YI_T2"	"MATCH"	"YI_T2"	"MATCH"
20684	"BARE"	9	1	"CLEAR_SIMPLEX"	"YI_T2"	"YI_T2"	"MATCH"	"YI_T2"	"MATCH"
20719	"BARE"	5	1	"CLEAR_SIMPLEX"	"YI_T2"	"YI_T2"	"MATCH"	"YI_T2"	"MATCH"
20757	"BARE"	4	1	"CLEAR_SIMPLEX"	"YI_T2"	"YI_T2"	"MATCH"	"YI_T2"	"MATCH"
20790	"BARE"	2	1	"CLEAR_SIMPLEX"	"YI_T2"	"YI_T2"	"MATCH"	"YI_T2"	"MATCH"
20816	"BARE"	8	1	"CLEAR_SIMPLEX"	"YI_T2"	"YI_T2"	"MATCH"	"YI_T2"	"MATCH"
20820	"BARE"	2	1	"CLEAR_SIMPLEX"	"YI_T2"	"YI_T2"	"MATCH"	"YI_T2"	"MATCH"
20833	"BARE"	11	1	"CLEAR_SIMPLEX"	"YI_T2"	"YI_T2"	"MATCH"	"YI_T2"	"MATCH"
21061	"BARE"	9	1	"CLEAR_SIMPLEX"	"YI_T2"	"YI_T2"	"MATCH"	"YI_T2"	"MATCH"
21064	"BARE"	11	1	"CLEAR_SIMPLEX"	"YI_T2"	"YI_T2"	"MATCH"	"YI_T2"	"MATCH"
21091	"BARE"	13	1	"CLEAR_SIMPLEX"	"YI_T2"	"YI_T2"	"MATCH"	"YI_T2"	"MATCH"
21145	"BARE"	5	1	"CLEAR_SIMPLEX"	"YI_T2"	"YI_T2"	"MATCH"	"YI_T2"	"MATCH"
21145	"BARE"	8	2	"CLEAR_SIMPLEX"	"YI_T2"	"YI_T2"	"MATCH"	"YI_T2"	"MATCH"
21148	"BARE"	4	1	"CLEAR_SIMPLEX"	"YI_T2"	"YI_T2"	"MATCH"	"YI_T2"	"MATCH"
21162	"ORDINAL"	18	1	"ORDINAL_ABSOLUTE"	"YI_T1"	"YI_T1"	"MATCH"	"YI_T1"	"MATCH"
21349	"BARE"	8	1	"CLEAR_SIMPLEX"	"YI_T2"	"YI_T2"	"MATCH"	"YI_T2"	"MATCH"
21413	"BARE"	6	1	"CLEAR_SIMPLEX"	"YI_T2"	"YI_T2"	"MATCH"	"YI_T2"	"MATCH"
21419	"BARE"	10	1	"CLEAR_SIMPLEX"	"YI_T2"	"YI_T2"	"MATCH"	"YI_T2"	"MATCH"
21514	"BARE"	2	1	"CLEAR_SIMPLEX"	"YI_T2"	"YI_T2"	"MATCH"	"YI_T2"	"MATCH"
21572	"BARE"	2	1	"CLEAR_SIMPLEX"	"YI_T2"	"YI_T2"	"MATCH"	"YI_T2"	"MATCH"
21677	"BARE"	7	1	"CLEAR_SIMPLEX"	"YI_T2"	"YI_T2"	"MATCH"	"YI_T2"	"MATCH"
21680	"BARE"	4	1	"CLEAR_SIMPLEX"	"YI_T2"	"YI_T2"	"MATCH"	"YI_T2"	"MATCH"
21727	"BARE"	6	1	"CLEAR_SIMPLEX"	"YI_T2"	"YI_T2"	"MATCH"	"YI_T2"	"MATCH"
21755	"BARE"	9	1	"CLEAR_SIMPLEX"	"YI_T2"	"YI_T2"	"MATCH"	"YI_T2"	"MATCH"
21769	"BARE"	7	1	"CLEAR_SIMPLEX"	"YI_T2"	"YI_T2"	"MATCH"	"YI_T2"	"MATCH"
21772	"BARE"	2	1	"CLEAR_SIMPLEX"	"YI_T2"	"YI_T2"	"MATCH"	"YI_T2"	"MATCH"
21802	"BARE"	9	1	"CLEAR_SIMPLEX"	"YI_T2"	"YI_T2"	"MATCH"	"YI_T2"	"MATCH"
21874	"BARE"	2	1	"CLEAR_SIMPLEX"	"YI_T2"	"YI_T2"	"MATCH"	"YI_T2"	"MATCH"
21880	"BARE"	2	1	"CLEAR_SIMPLEX"	"YI_T2"	"YI_T2"	"MATCH"	"YI_T2"	"MATCH"
21896	"BARE"	10	1	"CLEAR_SIMPLEX"	"YI_T2"	"YI_T2"	"MATCH"	"YI_T2"	"MATCH"
21924	"BARE"	18	1	"CLEAR_SIMPLEX"	"YI_T2"	"YI_T2"	"MATCH"	"YI_T2"	"MATCH"
21984	"BARE"	7	1	"CLEAR_SIMPLEX"	"YI_T2"	"YI_T2"	"MATCH"	"YI_T2"	"MATCH"
22061	"BARE"	3	1	"CLEAR_SIMPLEX"	"YI_T2"	"YI_T2"	"MATCH"	"YI_T2"	"MATCH"
22146	"ORDINAL"	6	1	"ORDINAL_ABSOLUTE"	"YI_T1"	"YI_T1"	"MATCH"	"YI_T1"	"MATCH"
22218	"BARE"	17	1	"CLEAR_COMPLEX_LAST_DIGIT"	"YI_T2"	"YI_T1"	"COUNTEREXAMPLE"	"YI_T1"	"MATCH"
22383	"BARE"	3	1	"CLEAR_SIMPLEX"	"YI_T2"	"YI_T2"	"MATCH"	"YI_T2"	"MATCH"
22529	"BARE"	9	1	"CLEAR_SIMPLEX"	"YI_T2"	"YI_T2"	"MATCH"	"YI_T2"	"MATCH"
22535	"BARE"	4	1	"CLEAR_SIMPLEX"	"YI_T2"	"YI_T2"	"MATCH"	"YI_T2"	"MATCH"
22563	"BARE"	15	1	"CLEAR_SIMPLEX"	"YI_T2"	"YI_T2"	"MATCH"	"YI_T2"	"MATCH"
22665	"BARE"	8	1	"CLEAR_SIMPLEX"	"YI_T2"	"YI_T2"	"MATCH"	"YI_T2"	"MATCH"
22691	"BARE"	12	1	"CLEAR_SIMPLEX"	"YI_T2"	"YI_T2"	"MATCH"	"YI_T2"	"MATCH"
22864	"BARE"	9	1	"CLEAR_SIMPLEX"	"YI_T2"	"YI_T2"	"MATCH"	"YI_T2"	"MATCH"
22891	"BARE"	10	1	"CLEAR_SIMPLEX"	"YI_T2"	"YI_T2"	"MATCH"	"YI_T2"	"MATCH"
22957	"BARE"	11	1	"CLEAR_SIMPLEX"	"YI_T2"	"YI_T2"	"MATCH"	"YI_T2"	"MATCH"
23177	"BARE"	11	1	"CLEAR_SIMPLEX"	"YI_T2"	"YI_T2"	"MATCH"	"YI_T2"	"MATCH"
23222	"BARE"	8	1	"CLEAR_SIMPLEX"	"YI_T2"	"YI_T2"	"MATCH"	"YI_T2"	"MATCH"
23236	"BARE"	8	1	"CLEAR_SIMPLEX"	"YI_T2"	"YI_T2"	"MATCH"	"YI_T2"	"MATCH"
23262	"BARE"	7	1	"CLEAR_SIMPLEX"	"YI_T2"	"YI_T2"	"MATCH"	"YI_T2"	"MATCH"
23326	"BARE"	4	1	"CLEAR_SIMPLEX"	"YI_T2"	"YI_T2"	"MATCH"	"YI_T2"	"MATCH"
23327	"BARE"	19	1	"CLEAR_SIMPLEX"	"YI_T2"	"YI_T2"	"MATCH"	"YI_T2"	"MATCH"
23358	"BARE"	13	1	"AMBIGUOUS_OR_OUTSIDE_SCOPE"	"YI_T2"	"YI_T2"	"MATCH"	"NO_PREDICTION"	"NO_CONCLUSION_SCOPE"
23363	"BARE"	11	1	"CLEAR_SIMPLEX"	"YI_T2"	"YI_T2"	"MATCH"	"YI_T2"	"MATCH"
23367	"BARE"	7	1	"CLEAR_SIMPLEX"	"YI_T2"	"YI_T2"	"MATCH"	"YI_T2"	"MATCH"
23369	"BARE"	11	1	"CLEAR_SIMPLEX"	"YI_T2"	"YI_T2"	"MATCH"	"YI_T2"	"MATCH"
23410	"BARE"	4	1	"CLEAR_SIMPLEX"	"YI_T2"	"YI_T2"	"MATCH"	"YI_T2"	"MATCH"
23436	"BARE"	12	1	"CLEAR_SIMPLEX"	"YI_T2"	"YI_T2"	"MATCH"	"YI_T2"	"MATCH"
23442	"BARE"	7	1	"CLEAR_SIMPLEX"	"YI_T2"	"YI_T2"	"MATCH"	"YI_T2"	"MATCH"
23839	"ORDINAL"	10	1	"ORDINAL_ABSOLUTE"	"YI_T1"	"YI_T1"	"MATCH"	"YI_T1"	"MATCH"
23938	"BARE"	6	1	"CLEAR_SIMPLEX"	"YI_T2"	"YI_T2"	"MATCH"	"YI_T2"	"MATCH"
23960	"BARE"	5	1	"CLEAR_SIMPLEX"	"YI_T2"	"YI_T2"	"MATCH"	"YI_T2"	"MATCH"
23963	"BARE"	4	1	"CLEAR_SIMPLEX"	"YI_T2"	"YI_T2"	"MATCH"	"YI_T2"	"MATCH"
24053	"BARE"	10	1	"CLEAR_SIMPLEX"	"YI_T2"	"YI_T2"	"MATCH"	"YI_T2"	"MATCH"
24115	"BARE"	6	1	"CLEAR_SIMPLEX"	"YI_T2"	"YI_T2"	"MATCH"	"YI_T2"	"MATCH"
24119	"BARE"	16	1	"CLEAR_SIMPLEX"	"YI_T2"	"YI_T2"	"MATCH"	"YI_T2"	"MATCH"
24175	"BARE"	6	1	"CLEAR_SIMPLEX"	"YI_T2"	"YI_T2"	"MATCH"	"YI_T2"	"MATCH"
24320	"BARE"	4	1	"CLEAR_SIMPLEX"	"YI_T2"	"YI_OTHER_TONE"	"COUNTEREXAMPLE"	"YI_T2"	"COUNTEREXAMPLE"
24330	"BARE"	5	1	"CLEAR_SIMPLEX"	"YI_T2"	"YI_T2"	"MATCH"	"YI_T2"	"MATCH"
24395	"BARE"	5	1	"CLEAR_SIMPLEX"	"YI_T2"	"YI_T2"	"MATCH"	"YI_T2"	"MATCH"
24457	"BARE"	14	1	"CLEAR_SIMPLEX"	"YI_T2"	"YI_T2"	"MATCH"	"YI_T2"	"MATCH"
24516	"BARE"	9	1	"CLEAR_SIMPLEX"	"YI_T2"	"YI_T2"	"MATCH"	"YI_T2"	"MATCH"
24555	"BARE"	5	1	"CLEAR_SIMPLEX"	"YI_T2"	"YI_T2"	"MATCH"	"YI_T2"	"MATCH"
24571	"BARE"	3	1	"CLEAR_SIMPLEX"	"YI_T2"	"YI_T2"	"MATCH"	"YI_T2"	"MATCH"
24758	"BARE"	7	1	"CLEAR_SIMPLEX"	"YI_T2"	"YI_T2"	"MATCH"	"YI_T2"	"MATCH"
24769	"BARE"	3	1	"CLEAR_SIMPLEX"	"YI_T2"	"YI_T2"	"MATCH"	"YI_T2"	"MATCH"
24805	"BARE"	9	1	"CLEAR_SIMPLEX"	"YI_T2"	"YI_T2"	"MATCH"	"YI_T2"	"MATCH"
24839	"BARE"	7	1	"CLEAR_SIMPLEX"	"YI_T2"	"YI_T2"	"MATCH"	"YI_T2"	"MATCH"
25142	"BARE"	5	1	"CLEAR_SIMPLEX"	"YI_T2"	"YI_T2"	"MATCH"	"YI_T2"	"MATCH"
25204	"BARE"	9	1	"CLEAR_SIMPLEX"	"YI_T2"	"YI_T2"	"MATCH"	"YI_T2"	"MATCH"
25219	"BARE"	3	1	"CLEAR_SIMPLEX"	"YI_T2"	"YI_T2"	"MATCH"	"YI_T2"	"MATCH"
25220	"BARE"	6	1	"CLEAR_SIMPLEX"	"YI_T2"	"YI_T2"	"MATCH"	"YI_T2"	"MATCH"
25244	"BARE"	3	1	"CLEAR_SIMPLEX"	"YI_T2"	"YI_T2"	"MATCH"	"YI_T2"	"MATCH"
25306	"BARE"	15	1	"CLEAR_SIMPLEX"	"YI_T2"	"YI_T2"	"MATCH"	"YI_T2"	"MATCH"
25393	"BARE"	11	1	"CLEAR_SIMPLEX"	"YI_T2"	"YI_T2"	"MATCH"	"YI_T2"	"MATCH"
25641	"BARE"	12	1	"CLEAR_SIMPLEX"	"YI_T2"	"YI_T2"	"MATCH"	"YI_T2"	"MATCH"
25743	"BARE"	3	1	"CLEAR_SIMPLEX"	"YI_T2"	"YI_T2"	"MATCH"	"YI_T2"	"MATCH"
25757	"BARE"	2	1	"CLEAR_SIMPLEX"	"YI_T2"	"YI_T2"	"MATCH"	"YI_T2"	"MATCH"
25761	"BARE"	7	1	"CLEAR_SIMPLEX"	"YI_T2"	"YI_T2"	"MATCH"	"YI_T2"	"MATCH"
25814	"BARE"	2	1	"CLEAR_SIMPLEX"	"YI_T2"	"YI_T2"	"MATCH"	"YI_T2"	"MATCH"
25829	"BARE"	4	1	"CLEAR_SIMPLEX"	"YI_T2"	"YI_T2"	"MATCH"	"YI_T2"	"MATCH"
25874	"BARE"	10	1	"CLEAR_SIMPLEX"	"YI_T2"	"YI_T2"	"MATCH"	"YI_T2"	"MATCH"
25890	"BARE"	16	1	"CLEAR_SIMPLEX"	"YI_T2"	"YI_T2"	"MATCH"	"YI_T2"	"MATCH"
25906	"BARE"	2	1	"CLEAR_SIMPLEX"	"YI_T2"	"YI_T2"	"MATCH"	"YI_T2"	"MATCH"
25974	"ORDINAL"	3	1	"ORDINAL_ABSOLUTE"	"YI_T1"	"YI_T1"	"MATCH"	"YI_T1"	"MATCH"
26050	"BARE"	10	1	"CLEAR_SIMPLEX"	"YI_T2"	"YI_T2"	"MATCH"	"YI_T2"	"MATCH"
26172	"BARE"	7	1	"CLEAR_SIMPLEX"	"YI_T2"	"YI_T2"	"MATCH"	"YI_T2"	"MATCH"
26187	"BARE"	7	1	"CLEAR_SIMPLEX"	"YI_T2"	"YI_T2"	"MATCH"	"YI_T2"	"MATCH"
26199	"BARE"	3	1	"CLEAR_SIMPLEX"	"YI_T2"	"YI_T2"	"MATCH"	"YI_T2"	"MATCH"
26281	"BARE"	6	1	"CLEAR_SIMPLEX"	"YI_T2"	"YI_T2"	"MATCH"	"YI_T2"	"MATCH"
26389	"BARE"	5	1	"CLEAR_SIMPLEX"	"YI_T2"	"YI_T2"	"MATCH"	"YI_T2"	"MATCH"
26397	"BARE"	3	1	"CLEAR_SIMPLEX"	"YI_T2"	"YI_T2"	"MATCH"	"YI_T2"	"MATCH"
26526	"BARE"	6	1	"CLEAR_SIMPLEX"	"YI_T2"	"YI_T2"	"MATCH"	"YI_T2"	"MATCH"
26573	"BARE"	8	1	"CLEAR_SIMPLEX"	"YI_T2"	"YI_T2"	"MATCH"	"YI_T2"	"MATCH"
26580	"BARE"	7	1	"CLEAR_SIMPLEX"	"YI_T2"	"YI_T2"	"MATCH"	"YI_T2"	"MATCH"
26595	"BARE"	7	1	"CLEAR_SIMPLEX"	"YI_T2"	"YI_T2"	"MATCH"	"YI_T2"	"MATCH"
27075	"BARE"	7	1	"CLEAR_SIMPLEX"	"YI_T2"	"YI_T2"	"MATCH"	"YI_T2"	"MATCH"
27090	"BARE"	8	1	"CLEAR_SIMPLEX"	"YI_T2"	"YI_T2"	"MATCH"	"YI_T2"	"MATCH"
27166	"BARE"	9	1	"CLEAR_SIMPLEX"	"YI_T2"	"YI_T2"	"MATCH"	"YI_T2"	"MATCH"
27314	"BARE"	9	1	"CLEAR_SIMPLEX"	"YI_T2"	"YI_T2"	"MATCH"	"YI_T2"	"MATCH"
27320	"BARE"	14	1	"CLEAR_SIMPLEX"	"YI_T2"	"YI_T2"	"MATCH"	"YI_T2"	"MATCH"
27452	"BARE"	9	1	"CLEAR_SIMPLEX"	"YI_T2"	"YI_T2"	"MATCH"	"YI_T2"	"MATCH"
27475	"BARE"	4	1	"CLEAR_SIMPLEX"	"YI_T2"	"YI_T2"	"MATCH"	"YI_T2"	"MATCH"
27607	"BARE"	2	1	"CLEAR_SIMPLEX"	"YI_T2"	"YI_T2"	"MATCH"	"YI_T2"	"MATCH"
27740	"BARE"	17	1	"CLEAR_SIMPLEX"	"YI_T2"	"YI_T1"	"COUNTEREXAMPLE"	"YI_T2"	"COUNTEREXAMPLE"
27761	"BARE"	10	1	"CLEAR_SIMPLEX"	"YI_T2"	"YI_T2"	"MATCH"	"YI_T2"	"MATCH"
27961	"BARE"	7	1	"CLEAR_SIMPLEX"	"YI_T2"	"YI_T2"	"MATCH"	"YI_T2"	"MATCH"
28059	"BARE"	7	1	"CLEAR_SIMPLEX"	"YI_T2"	"YI_T2"	"MATCH"	"YI_T2"	"MATCH"
28213	"BARE"	2	1	"CLEAR_SIMPLEX"	"YI_T2"	"YI_T2"	"MATCH"	"YI_T2"	"MATCH"
28240	"BARE"	15	1	"CLEAR_SIMPLEX"	"YI_T2"	"YI_T2"	"MATCH"	"YI_T2"	"MATCH"
28247	"BARE"	9	1	"CLEAR_SIMPLEX"	"YI_T2"	"YI_T2"	"MATCH"	"YI_T2"	"MATCH"
28267	"BARE"	11	1	"CLEAR_SIMPLEX"	"YI_T2"	"YI_T2"	"MATCH"	"YI_T2"	"MATCH"
28304	"BARE"	6	1	"CLEAR_SIMPLEX"	"YI_T2"	"YI_T2"	"MATCH"	"YI_T2"	"MATCH"
28375	"BARE"	3	1	"CLEAR_SIMPLEX"	"YI_T2"	"YI_T2"	"MATCH"	"YI_T2"	"MATCH"
28428	"BARE"	3	1	"CLEAR_SIMPLEX"	"YI_T2"	"YI_T2"	"MATCH"	"YI_T2"	"MATCH"
28438	"BARE"	15	1	"CLEAR_SIMPLEX"	"YI_T2"	"YI_T2"	"MATCH"	"YI_T2"	"MATCH"
28837	"BARE"	4	1	"CLEAR_SIMPLEX"	"YI_T2"	"YI_T2"	"MATCH"	"YI_T2"	"MATCH"
28927	"BARE"	4	1	"CLEAR_SIMPLEX"	"YI_T2"	"YI_T2"	"MATCH"	"YI_T2"	"MATCH"
28937	"BARE"	9	1	"CLEAR_SIMPLEX"	"YI_T2"	"YI_T2"	"MATCH"	"YI_T2"	"MATCH"
28996	"ORDINAL"	3	1	"ORDINAL_ABSOLUTE"	"YI_T1"	"YI_T1"	"MATCH"	"YI_T1"	"MATCH"
29005	"BARE"	4	1	"CLEAR_SIMPLEX"	"YI_T2"	"YI_T2"	"MATCH"	"YI_T2"	"MATCH"
29082	"BARE"	2	1	"CLEAR_SIMPLEX"	"YI_T2"	"YI_T2"	"MATCH"	"YI_T2"	"MATCH"
29374	"BARE"	15	1	"CLEAR_SIMPLEX"	"YI_T2"	"YI_T2"	"MATCH"	"YI_T2"	"MATCH"
29459	"BARE"	2	1	"CLEAR_SIMPLEX"	"YI_T2"	"YI_T2"	"MATCH"	"YI_T2"	"MATCH"
29466	"BARE"	3	1	"CLEAR_SIMPLEX"	"YI_T2"	"YI_T2"	"MATCH"	"YI_T2"	"MATCH"
29669	"BARE"	17	1	"CLEAR_SIMPLEX"	"YI_T2"	"YI_T2"	"MATCH"	"YI_T2"	"MATCH"
29734	"BARE"	10	1	"CLEAR_SIMPLEX"	"YI_T2"	"YI_T2"	"MATCH"	"YI_T2"	"MATCH"
29751	"BARE"	5	1	"CLEAR_SIMPLEX"	"YI_T2"	"YI_T2"	"MATCH"	"YI_T2"	"MATCH"
29924	"BARE"	5	1	"CLEAR_SIMPLEX"	"YI_T2"	"YI_T2"	"MATCH"	"YI_T2"	"MATCH"
29969	"BARE"	5	1	"CLEAR_SIMPLEX"	"YI_T2"	"YI_T2"	"MATCH"	"YI_T2"	"MATCH"
29999	"BARE"	8	1	"CLEAR_SIMPLEX"	"YI_T2"	"YI_T2"	"MATCH"	"YI_T2"	"MATCH"
30054	"BARE"	11	1	"CLEAR_SIMPLEX"	"YI_T2"	"YI_T2"	"MATCH"	"YI_T2"	"MATCH"
30079	"BARE"	3	1	"CLEAR_SIMPLEX"	"YI_T2"	"YI_T2"	"MATCH"	"YI_T2"	"MATCH"
30118	"BARE"	9	1	"CLEAR_SIMPLEX"	"YI_T2"	"YI_T2"	"MATCH"	"YI_T2"	"MATCH"
30202	"BARE"	8	1	"CLEAR_SIMPLEX"	"YI_T2"	"YI_T2"	"MATCH"	"YI_T2"	"MATCH"
30290	"BARE"	8	1	"CLEAR_SIMPLEX"	"YI_T2"	"YI_T2"	"MATCH"	"YI_T2"	"MATCH"
30313	"BARE"	9	1	"CLEAR_SIMPLEX"	"YI_T2"	"YI_T1"	"COUNTEREXAMPLE"	"YI_T2"	"COUNTEREXAMPLE"
30531	"BARE"	10	1	"CLEAR_SIMPLEX"	"YI_T2"	"YI_T2"	"MATCH"	"YI_T2"	"MATCH"
30643	"BARE"	7	1	"CLEAR_SIMPLEX"	"YI_T2"	"YI_T2"	"MATCH"	"YI_T2"	"MATCH"
30725	"BARE"	10	1	"CLEAR_SIMPLEX"	"YI_T2"	"YI_T2"	"MATCH"	"YI_T2"	"MATCH"
30841	"BARE"	4	1	"CLEAR_SIMPLEX"	"YI_T2"	"YI_T2"	"MATCH"	"YI_T2"	"MATCH"
30894	"BARE"	14	1	"CLEAR_SIMPLEX"	"YI_T2"	"YI_T2"	"MATCH"	"YI_T2"	"MATCH"
30921	"BARE"	4	1	"CLEAR_SIMPLEX"	"YI_T2"	"YI_T2"	"MATCH"	"YI_T2"	"MATCH"
31017	"BARE"	15	1	"CLEAR_SIMPLEX"	"YI_T2"	"YI_T2"	"MATCH"	"YI_T2"	"MATCH"
31174	"BARE"	5	1	"CLEAR_SIMPLEX"	"YI_T2"	"YI_T2"	"MATCH"	"YI_T2"	"MATCH"
31545	"BARE"	12	1	"CLEAR_SIMPLEX"	"YI_T2"	"YI_T2"	"MATCH"	"YI_T2"	"MATCH"
31580	"BARE"	3	1	"CLEAR_SIMPLEX"	"YI_T2"	"YI_T2"	"MATCH"	"YI_T2"	"MATCH"
31930	"BARE"	17	1	"CLEAR_SIMPLEX"	"YI_T2"	"YI_T2"	"MATCH"	"YI_T2"	"MATCH"
32083	"BARE"	9	1	"CLEAR_SIMPLEX"	"YI_T2"	"YI_T2"	"MATCH"	"YI_T2"	"MATCH"
32105	"BARE"	5	1	"CLEAR_SIMPLEX"	"YI_T2"	"YI_T2"	"MATCH"	"YI_T2"	"MATCH"
32282	"BARE"	11	1	"CLEAR_SIMPLEX"	"YI_T2"	"YI_T2"	"MATCH"	"YI_T2"	"MATCH"
32305	"BARE"	5	1	"CLEAR_SIMPLEX"	"YI_T2"	"YI_T2"	"MATCH"	"YI_T2"	"MATCH"
32312	"BARE"	7	1	"CLEAR_SIMPLEX"	"YI_T2"	"YI_T2"	"MATCH"	"YI_T2"	"MATCH"
32358	"BARE"	3	1	"CLEAR_SIMPLEX"	"YI_T2"	"YI_T2"	"MATCH"	"YI_T2"	"MATCH"
32367	"BARE"	14	1	"CLEAR_SIMPLEX"	"YI_T2"	"YI_T2"	"MATCH"	"YI_T2"	"MATCH"
32405	"ORDINAL"	15	1	"ORDINAL_ABSOLUTE"	"YI_T1"	"YI_T1"	"MATCH"	"YI_T1"	"MATCH"
32472	"BARE"	11	1	"CLEAR_SIMPLEX"	"YI_T2"	"YI_T2"	"MATCH"	"YI_T2"	"MATCH"
32590	"BARE"	7	1	"CLEAR_SIMPLEX"	"YI_T2"	"YI_T2"	"MATCH"	"YI_T2"	"MATCH"
32830	"BARE"	5	1	"CLEAR_SIMPLEX"	"YI_T2"	"YI_T2"	"MATCH"	"YI_T2"	"MATCH"
32834	"BARE"	5	1	"CLEAR_SIMPLEX"	"YI_T2"	"YI_T2"	"MATCH"	"YI_T2"	"MATCH"
32852	"BARE"	7	1	"CLEAR_SIMPLEX"	"YI_T2"	"YI_T2"	"MATCH"	"YI_T2"	"MATCH"
33124	"BARE"	8	1	"CLEAR_SIMPLEX"	"YI_T2"	"YI_T2"	"MATCH"	"YI_T2"	"MATCH"
33152	"BARE"	16	1	"CLEAR_SIMPLEX"	"YI_T2"	"YI_T2"	"MATCH"	"YI_T2"	"MATCH"
33263	"BARE"	7	1	"CLEAR_SIMPLEX"	"YI_T2"	"YI_T2"	"MATCH"	"YI_T2"	"MATCH"
33263	"BARE"	17	2	"CLEAR_SIMPLEX"	"YI_T2"	"YI_T2"	"MATCH"	"YI_T2"	"MATCH"
33295	"BARE"	7	1	"CLEAR_SIMPLEX"	"YI_T2"	"YI_T2"	"MATCH"	"YI_T2"	"MATCH"
33319	"BARE"	4	1	"CLEAR_SIMPLEX"	"YI_T2"	"YI_T2"	"MATCH"	"YI_T2"	"MATCH"
33333	"BARE"	12	1	"CLEAR_SIMPLEX"	"YI_T2"	"YI_T2"	"MATCH"	"YI_T2"	"MATCH"
33364	"BARE"	2	1	"CLEAR_SIMPLEX"	"YI_T2"	"YI_T2"	"MATCH"	"YI_T2"	"MATCH"
33394	"BARE"	7	1	"CLEAR_SIMPLEX"	"YI_T2"	"YI_T2"	"MATCH"	"YI_T2"	"MATCH"
33410	"BARE"	4	1	"CLEAR_SIMPLEX"	"YI_T2"	"YI_T2"	"MATCH"	"YI_T2"	"MATCH"
33478	"BARE"	4	1	"CLEAR_SIMPLEX"	"YI_T2"	"YI_T2"	"MATCH"	"YI_T2"	"MATCH"
33496	"BARE"	11	1	"CLEAR_SIMPLEX"	"YI_T2"	"YI_T2"	"MATCH"	"YI_T2"	"MATCH"
33602	"BARE"	11	1	"CLEAR_SIMPLEX"	"YI_T2"	"YI_T2"	"MATCH"	"YI_T2"	"MATCH"
33726	"BARE"	4	1	"CLEAR_SIMPLEX"	"YI_T2"	"YI_T2"	"MATCH"	"YI_T2"	"MATCH"
33730	"BARE"	4	1	"CLEAR_SIMPLEX"	"YI_T2"	"YI_T2"	"MATCH"	"YI_T2"	"MATCH"
33828	"BARE"	11	1	"CLEAR_SIMPLEX"	"YI_T2"	"YI_T2"	"MATCH"	"YI_T2"	"MATCH"
33950	"BARE"	3	1	"CLEAR_SIMPLEX"	"YI_T2"	"YI_T2"	"MATCH"	"YI_T2"	"MATCH"
33990	"BARE"	17	1	"CLEAR_SIMPLEX"	"YI_T2"	"YI_T2"	"MATCH"	"YI_T2"	"MATCH"
34087	"BARE"	7	1	"CLEAR_SIMPLEX"	"YI_T2"	"YI_T2"	"MATCH"	"YI_T2"	"MATCH"
34090	"BARE"	2	1	"CLEAR_SIMPLEX"	"YI_T2"	"YI_T2"	"MATCH"	"YI_T2"	"MATCH"
34183	"BARE"	2	1	"CLEAR_SIMPLEX"	"YI_T2"	"YI_T2"	"MATCH"	"YI_T2"	"MATCH"
34223	"BARE"	12	1	"CLEAR_SIMPLEX"	"YI_T2"	"YI_T2"	"MATCH"	"YI_T2"	"MATCH"
34273	"BARE"	6	1	"CLEAR_SIMPLEX"	"YI_T2"	"YI_T2"	"MATCH"	"YI_T2"	"MATCH"
34291	"ORDINAL"	8	1	"ORDINAL_ABSOLUTE"	"YI_T1"	"YI_T1"	"MATCH"	"YI_T1"	"MATCH"
34402	"BARE"	4	1	"CLEAR_SIMPLEX"	"YI_T2"	"YI_T2"	"MATCH"	"YI_T2"	"MATCH"
34597	"BARE"	4	1	"CLEAR_SIMPLEX"	"YI_T2"	"YI_OTHER_TONE"	"COUNTEREXAMPLE"	"YI_T2"	"COUNTEREXAMPLE"
34599	"BARE"	4	1	"CLEAR_SIMPLEX"	"YI_T2"	"YI_T2"	"MATCH"	"YI_T2"	"MATCH"
34686	"BARE"	3	1	"CLEAR_SIMPLEX"	"YI_T2"	"YI_T2"	"MATCH"	"YI_T2"	"MATCH"
34819	"BARE"	8	1	"CLEAR_SIMPLEX"	"YI_T2"	"YI_T2"	"MATCH"	"YI_T2"	"MATCH"
34822	"BARE"	19	1	"CLEAR_SIMPLEX"	"YI_T2"	"YI_T2"	"MATCH"	"YI_T2"	"MATCH"
34891	"BARE"	14	1	"CLEAR_SIMPLEX"	"YI_T2"	"YI_T2"	"MATCH"	"YI_T2"	"MATCH"
34951	"BARE"	4	1	"CLEAR_SIMPLEX"	"YI_T2"	"YI_T2"	"MATCH"	"YI_T2"	"MATCH"
34979	"BARE"	9	1	"CLEAR_SIMPLEX"	"YI_T2"	"YI_T2"	"MATCH"	"YI_T2"	"MATCH"
35037	"BARE"	2	1	"CLEAR_SIMPLEX"	"YI_T2"	"YI_T2"	"MATCH"	"YI_T2"	"MATCH"
35194	"BARE"	7	1	"CLEAR_SIMPLEX"	"YI_T2"	"YI_T2"	"MATCH"	"YI_T2"	"MATCH"
35198	"BARE"	11	1	"CLEAR_SIMPLEX"	"YI_T2"	"YI_T2"	"MATCH"	"YI_T2"	"MATCH"
35229	"BARE"	5	1	"CLEAR_SIMPLEX"	"YI_T2"	"YI_T2"	"MATCH"	"YI_T2"	"MATCH"
35257	"BARE"	16	1	"CLEAR_SIMPLEX"	"YI_T2"	"YI_T2"	"MATCH"	"YI_T2"	"MATCH"
35289	"BARE"	18	1	"CLEAR_SIMPLEX"	"YI_T2"	"YI_T2"	"MATCH"	"YI_T2"	"MATCH"
35434	"BARE"	4	1	"CLEAR_SIMPLEX"	"YI_T2"	"YI_T2"	"MATCH"	"YI_T2"	"MATCH"
35439	"BARE"	13	1	"CLEAR_SIMPLEX"	"YI_T2"	"YI_T2"	"MATCH"	"YI_T2"	"MATCH"
35456	"BARE"	10	1	"CLEAR_SIMPLEX"	"YI_T2"	"YI_T2"	"MATCH"	"YI_T2"	"MATCH"
35554	"BARE"	7	1	"CLEAR_SIMPLEX"	"YI_T2"	"YI_T2"	"MATCH"	"YI_T2"	"MATCH"
35754	"BARE"	2	1	"CLEAR_SIMPLEX"	"YI_T2"	"YI_T2"	"MATCH"	"YI_T2"	"MATCH"
35836	"BARE"	2	1	"CLEAR_SIMPLEX"	"YI_T2"	"YI_T2"	"MATCH"	"YI_T2"	"MATCH"
35873	"BARE"	12	1	"CLEAR_SIMPLEX"	"YI_T2"	"YI_T2"	"MATCH"	"YI_T2"	"MATCH"
36096	"BARE"	4	1	"CLEAR_SIMPLEX"	"YI_T2"	"YI_T2"	"MATCH"	"YI_T2"	"MATCH"
36195	"BARE"	8	1	"CLEAR_SIMPLEX"	"YI_T2"	"YI_T2"	"MATCH"	"YI_T2"	"MATCH"
36272	"BARE"	8	1	"CLEAR_SIMPLEX"	"YI_T2"	"YI_T2"	"MATCH"	"YI_T2"	"MATCH"
36334	"BARE"	2	1	"CLEAR_SIMPLEX"	"YI_T2"	"YI_T2"	"MATCH"	"YI_T2"	"MATCH"
36342	"BARE"	5	1	"CLEAR_SIMPLEX"	"YI_T2"	"YI_T2"	"MATCH"	"YI_T2"	"MATCH"
36663	"BARE"	4	1	"CLEAR_SIMPLEX"	"YI_T2"	"YI_T2"	"MATCH"	"YI_T2"	"MATCH"
36669	"ORDINAL"	10	1	"ORDINAL_ABSOLUTE"	"YI_T1"	"YI_T1"	"MATCH"	"YI_T1"	"MATCH"
36690	"ORDINAL"	5	1	"ORDINAL_ABSOLUTE"	"YI_T1"	"YI_T1"	"MATCH"	"YI_T1"	"MATCH"
36701	"BARE"	9	1	"CLEAR_SIMPLEX"	"YI_T2"	"YI_T2"	"MATCH"	"YI_T2"	"MATCH"
36725	"BARE"	6	1	"CLEAR_SIMPLEX"	"YI_T2"	"YI_T2"	"MATCH"	"YI_T2"	"MATCH"
36835	"BARE"	2	1	"CLEAR_SIMPLEX"	"YI_T2"	"YI_T2"	"MATCH"	"YI_T2"	"MATCH"
36855	"BARE"	6	1	"CLEAR_SIMPLEX"	"YI_T2"	"YI_T2"	"MATCH"	"YI_T2"	"MATCH"
36922	"BARE"	5	1	"CLEAR_SIMPLEX"	"YI_T2"	"YI_T2"	"MATCH"	"YI_T2"	"MATCH"
36950	"BARE"	6	1	"CLEAR_SIMPLEX"	"YI_T2"	"YI_T2"	"MATCH"	"YI_T2"	"MATCH"
37061	"BARE"	6	1	"CLEAR_SIMPLEX"	"YI_T2"	"YI_T2"	"MATCH"	"YI_T2"	"MATCH"
37070	"BARE"	2	1	"CLEAR_SIMPLEX"	"YI_T2"	"YI_T2"	"MATCH"	"YI_T2"	"MATCH"
37200	"BARE"	5	1	"CLEAR_SIMPLEX"	"YI_T2"	"YI_T2"	"MATCH"	"YI_T2"	"MATCH"
37244	"BARE"	7	1	"CLEAR_SIMPLEX"	"YI_T2"	"YI_T2"	"MATCH"	"YI_T2"	"MATCH"
37258	"BARE"	14	1	"CLEAR_SIMPLEX"	"YI_T2"	"YI_T2"	"MATCH"	"YI_T2"	"MATCH"
37312	"BARE"	17	1	"CLEAR_SIMPLEX"	"YI_T2"	"YI_T2"	"MATCH"	"YI_T2"	"MATCH"
37538	"BARE"	6	1	"CLEAR_SIMPLEX"	"YI_T2"	"YI_T2"	"MATCH"	"YI_T2"	"MATCH"
37661	"BARE"	11	1	"AMBIGUOUS_OR_OUTSIDE_SCOPE"	"YI_T2"	"YI_T2"	"MATCH"	"NO_PREDICTION"	"NO_CONCLUSION_SCOPE"
37765	"BARE"	2	1	"CLEAR_SIMPLEX"	"YI_T2"	"YI_T2"	"MATCH"	"YI_T2"	"MATCH"
37886	"BARE"	6	1	"CLEAR_SIMPLEX"	"YI_T2"	"YI_T2"	"MATCH"	"YI_T2"	"MATCH"
37887	"BARE"	4	1	"CLEAR_SIMPLEX"	"YI_T2"	"YI_T2"	"MATCH"	"YI_T2"	"MATCH"
38019	"BARE"	7	1	"CLEAR_SIMPLEX"	"YI_T2"	"YI_T2"	"MATCH"	"YI_T2"	"MATCH"
38055	"BARE"	2	1	"CLEAR_SIMPLEX"	"YI_T2"	"YI_T2"	"MATCH"	"YI_T2"	"MATCH"
38095	"BARE"	7	1	"CLEAR_SIMPLEX"	"YI_T2"	"YI_T2"	"MATCH"	"YI_T2"	"MATCH"
38197	"BARE"	2	1	"CLEAR_SIMPLEX"	"YI_T2"	"YI_T2"	"MATCH"	"YI_T2"	"MATCH"
38200	"BARE"	8	1	"CLEAR_SIMPLEX"	"YI_T2"	"YI_T2"	"MATCH"	"YI_T2"	"MATCH"
38211	"BARE"	7	1	"CLEAR_SIMPLEX"	"YI_T2"	"YI_T2"	"MATCH"	"YI_T2"	"MATCH"
38330	"BARE"	2	1	"CLEAR_SIMPLEX"	"YI_T2"	"YI_T2"	"MATCH"	"YI_T2"	"MATCH"
38330	"BARE"	6	2	"CLEAR_SIMPLEX"	"YI_T2"	"YI_T2"	"MATCH"	"YI_T2"	"MATCH"
38586	"BARE"	10	1	"CLEAR_SIMPLEX"	"YI_T2"	"YI_T2"	"MATCH"	"YI_T2"	"MATCH"
38621	"BARE"	5	1	"CLEAR_SIMPLEX"	"YI_T2"	"YI_T2"	"MATCH"	"YI_T2"	"MATCH"
38679	"BARE"	3	1	"CLEAR_SIMPLEX"	"YI_T2"	"YI_T2"	"MATCH"	"YI_T2"	"MATCH"
38772	"BARE"	7	1	"CLEAR_SIMPLEX"	"YI_T2"	"YI_T2"	"MATCH"	"YI_T2"	"MATCH"
38796	"BARE"	11	1	"CLEAR_SIMPLEX"	"YI_T2"	"YI_T2"	"MATCH"	"YI_T2"	"MATCH"
38953	"BARE"	15	1	"CLEAR_SIMPLEX"	"YI_T2"	"YI_T2"	"MATCH"	"YI_T2"	"MATCH"
39016	"BARE"	7	1	"CLEAR_SIMPLEX"	"YI_T2"	"YI_T2"	"MATCH"	"YI_T2"	"MATCH"
39029	"BARE"	15	1	"CLEAR_SIMPLEX"	"YI_T2"	"YI_T2"	"MATCH"	"YI_T2"	"MATCH"
39080	"ORDINAL"	19	1	"ORDINAL_ABSOLUTE"	"YI_T1"	"YI_T1"	"MATCH"	"YI_T1"	"MATCH"
39108	"BARE"	19	1	"CLEAR_SIMPLEX"	"YI_T2"	"YI_T2"	"MATCH"	"YI_T2"	"MATCH"
39153	"BARE"	9	1	"CLEAR_SIMPLEX"	"YI_T2"	"YI_T2"	"MATCH"	"YI_T2"	"MATCH"
39262	"BARE"	8	1	"CLEAR_SIMPLEX"	"YI_T2"	"YI_T2"	"MATCH"	"YI_T2"	"MATCH"
39291	"BARE"	6	1	"CLEAR_SIMPLEX"	"YI_T2"	"YI_T2"	"MATCH"	"YI_T2"	"MATCH"
39307	"BARE"	11	1	"CLEAR_SIMPLEX"	"YI_T2"	"YI_T2"	"MATCH"	"YI_T2"	"MATCH"
39361	"BARE"	5	1	"CLEAR_SIMPLEX"	"YI_T2"	"YI_T2"	"MATCH"	"YI_T2"	"MATCH"
39370	"BARE"	3	1	"CLEAR_SIMPLEX"	"YI_T2"	"YI_T2"	"MATCH"	"YI_T2"	"MATCH"
39390	"BARE"	9	1	"CLEAR_SIMPLEX"	"YI_T2"	"YI_T2"	"MATCH"	"YI_T2"	"MATCH"
39471	"BARE"	13	1	"CLEAR_SIMPLEX"	"YI_T2"	"YI_T2"	"MATCH"	"YI_T2"	"MATCH"
39487	"BARE"	5	1	"CLEAR_SIMPLEX"	"YI_T2"	"YI_T2"	"MATCH"	"YI_T2"	"MATCH"
39498	"BARE"	5	1	"CLEAR_SIMPLEX"	"YI_T2"	"YI_T2"	"MATCH"	"YI_T2"	"MATCH"
39514	"BARE"	17	1	"CLEAR_SIMPLEX"	"YI_T2"	"YI_T2"	"MATCH"	"YI_T2"	"MATCH"
39724	"BARE"	7	1	"CLEAR_SIMPLEX"	"YI_T2"	"YI_T2"	"MATCH"	"YI_T2"	"MATCH"
39790	"BARE"	3	1	"CLEAR_SIMPLEX"	"YI_T2"	"YI_T2"	"MATCH"	"YI_T2"	"MATCH"
39907	"BARE"	7	1	"CLEAR_SIMPLEX"	"YI_T2"	"YI_T2"	"MATCH"	"YI_T2"	"MATCH"
39934	"BARE"	14	1	"CLEAR_SIMPLEX"	"YI_T2"	"YI_T2"	"MATCH"	"YI_T2"	"MATCH"
39961	"BARE"	8	1	"CLEAR_SIMPLEX"	"YI_T2"	"YI_T2"	"MATCH"	"YI_T2"	"MATCH"
39979	"BARE"	4	1	"CLEAR_SIMPLEX"	"YI_T2"	"YI_T2"	"MATCH"	"YI_T2"	"MATCH"
40300	"BARE"	20	1	"CLEAR_SIMPLEX"	"YI_T2"	"YI_T2"	"MATCH"	"YI_T2"	"MATCH"
40322	"BARE"	9	1	"CLEAR_SIMPLEX"	"YI_T2"	"YI_T2"	"MATCH"	"YI_T2"	"MATCH"
40359	"BARE"	16	1	"CLEAR_SIMPLEX"	"YI_T2"	"YI_T2"	"MATCH"	"YI_T2"	"MATCH"
40371	"BARE"	6	1	"CLEAR_SIMPLEX"	"YI_T2"	"YI_T2"	"MATCH"	"YI_T2"	"MATCH"
40489	"BARE"	18	1	"CLEAR_SIMPLEX"	"YI_T2"	"YI_T2"	"MATCH"	"YI_T2"	"MATCH"
40556	"BARE"	10	1	"CLEAR_SIMPLEX"	"YI_T2"	"YI_T2"	"MATCH"	"YI_T2"	"MATCH"
40636	"ORDINAL"	11	1	"ORDINAL_ABSOLUTE"	"YI_T1"	"YI_T1"	"MATCH"	"YI_T1"	"MATCH"
40651	"BARE"	2	1	"CLEAR_SIMPLEX"	"YI_T2"	"YI_T2"	"MATCH"	"YI_T2"	"MATCH"
40747	"BARE"	5	1	"CLEAR_SIMPLEX"	"YI_T2"	"YI_T2"	"MATCH"	"YI_T2"	"MATCH"
40761	"BARE"	15	1	"CLEAR_SIMPLEX"	"YI_T2"	"YI_T2"	"MATCH"	"YI_T2"	"MATCH"
40887	"BARE"	9	1	"CLEAR_SIMPLEX"	"YI_T2"	"YI_T2"	"MATCH"	"YI_T2"	"MATCH"
40897	"BARE"	9	1	"CLEAR_SIMPLEX"	"YI_T2"	"YI_T2"	"MATCH"	"YI_T2"	"MATCH"
40904	"BARE"	6	1	"CLEAR_SIMPLEX"	"YI_T2"	"YI_T2"	"MATCH"	"YI_T2"	"MATCH"
40941	"BARE"	2	1	"CLEAR_SIMPLEX"	"YI_T2"	"YI_T2"	"MATCH"	"YI_T2"	"MATCH"
