result_id	assumption_id	status	used_by_proof	necessity_status	countermodel
APP-BASIC	APP-BASIC.SOURCE.01	PASS	true	sufficient_not_claimed_necessary	not_required_for_the_registered_sufficiency_theorem
APP-MCC-COMP	APP-MCC-COMP.SOURCE.01	PASS	true	sufficient_not_claimed_necessary	not_required_for_the_registered_sufficiency_theorem
APP-MCC-GRID	APP-MCC-GRID.SOURCE.01	PASS	true	sufficient_not_claimed_necessary	not_required_for_the_registered_sufficiency_theorem
APP-MCC-LENGTH	APP-MCC-LENGTH.SOURCE.01	PASS	true	sufficient_not_claimed_necessary	not_required_for_the_registered_sufficiency_theorem
CALC-F1	CALC-F1.A1	PASS	true	sufficient_not_claimed_necessary	not_required_for_the_registered_sufficiency_theorem
CALC-F1	CALC-F1.A2	PASS	true	sufficient_not_claimed_necessary	not_required_for_the_registered_sufficiency_theorem
CALC-F1	CALC-F1.A3	PASS	true	sufficient_not_claimed_necessary	not_required_for_the_registered_sufficiency_theorem
CALC-F1	CALC-F1.A4	PASS	true	sufficient_not_claimed_necessary	not_required_for_the_registered_sufficiency_theorem
CALC-R01	CALC-R01.EXACT-FINITE-MODEL	PASS	true	sufficient_not_claimed_necessary	not_required_for_the_registered_sufficiency_theorem
CALC-R02	CALC-R02.EXACT-FINITE-MODEL	PASS	true	sufficient_not_claimed_necessary	not_required_for_the_registered_sufficiency_theorem
CALC-R03	CALC-R03.EXACT-FINITE-MODEL	PASS	true	sufficient_not_claimed_necessary	not_required_for_the_registered_sufficiency_theorem
CALC-R04	CALC-R04.EXACT-FINITE-MODEL	PASS	true	sufficient_not_claimed_necessary	not_required_for_the_registered_sufficiency_theorem
CALC-R05	CALC-R05.EXACT-FINITE-MODEL	PASS	true	sufficient_not_claimed_necessary	not_required_for_the_registered_sufficiency_theorem
CALC-R06	CALC-R06.EXACT-FINITE-MODEL	PASS	true	sufficient_not_claimed_necessary	not_required_for_the_registered_sufficiency_theorem
CALC-R07	CALC-R07.EXACT-FINITE-MODEL	PASS	true	sufficient_not_claimed_necessary	not_required_for_the_registered_sufficiency_theorem
CALC-R08	CALC-R08.EXACT-FINITE-MODEL	PASS	true	sufficient_not_claimed_necessary	not_required_for_the_registered_sufficiency_theorem
CALC-R09	CALC-R09.EXACT-FINITE-MODEL	PASS	true	sufficient_not_claimed_necessary	not_required_for_the_registered_sufficiency_theorem
CALC-R10	CALC-R10.EXACT-FINITE-MODEL	PASS	true	sufficient_not_claimed_necessary	not_required_for_the_registered_sufficiency_theorem
CALC-R11	CALC-R11.EXACT-FINITE-MODEL	PASS	true	sufficient_not_claimed_necessary	not_required_for_the_registered_sufficiency_theorem
CALC-R12	CALC-R12.P-RANGE	PASS	true	sufficient_not_claimed_necessary	not_required_for_the_registered_sufficiency_theorem
CALC-R13	CALC-R13.EXACT-FINITE-MODEL	PASS	true	sufficient_not_claimed_necessary	not_required_for_the_registered_sufficiency_theorem
CALC-R14	CALC-R14.EXACT-FINITE-MODEL	PASS	true	sufficient_not_claimed_necessary	not_required_for_the_registered_sufficiency_theorem
CALC-R15	CALC-R15.EXACT-FINITE-MODEL	PASS	true	sufficient_not_claimed_necessary	not_required_for_the_registered_sufficiency_theorem
CHG-B1	CHG-B1.ASSUMPTION-MANIFEST	PASS	true	sufficient_not_claimed_necessary	not_required_for_the_registered_sufficiency_theorem
CHG-B10	CHG-B10.ASSUMPTION-MANIFEST	PASS	true	sufficient_not_claimed_necessary	not_required_for_the_registered_sufficiency_theorem
CHG-B11	CHG-B11.ASSUMPTION-MANIFEST	PASS	true	sufficient_not_claimed_necessary	not_required_for_the_registered_sufficiency_theorem
CHG-B12	CHG-B12.ASSUMPTION-MANIFEST	PASS	true	sufficient_not_claimed_necessary	not_required_for_the_registered_sufficiency_theorem
CHG-B13	CHG-B13.ASSUMPTION-MANIFEST	PASS	true	sufficient_not_claimed_necessary	not_required_for_the_registered_sufficiency_theorem
CHG-B14	CHG-B14.ASSUMPTION-MANIFEST	PASS	true	sufficient_not_claimed_necessary	not_required_for_the_registered_sufficiency_theorem
CHG-B15	CHG-B15.ASSUMPTION-MANIFEST	PASS	true	sufficient_not_claimed_necessary	not_required_for_the_registered_sufficiency_theorem
CHG-B16	CHG-B16.ASSUMPTION-MANIFEST	PASS	true	sufficient_not_claimed_necessary	not_required_for_the_registered_sufficiency_theorem
CHG-B2	CHG-B2.ASSUMPTION-MANIFEST	PASS	true	sufficient_not_claimed_necessary	not_required_for_the_registered_sufficiency_theorem
CHG-B3	CHG-B3.ASSUMPTION-MANIFEST	PASS	true	sufficient_not_claimed_necessary	not_required_for_the_registered_sufficiency_theorem
CHG-B4	CHG-B4.ASSUMPTION-MANIFEST	PASS	true	sufficient_not_claimed_necessary	not_required_for_the_registered_sufficiency_theorem
CHG-B5	CHG-B5.ASSUMPTION-MANIFEST	PASS	true	sufficient_not_claimed_necessary	not_required_for_the_registered_sufficiency_theorem
CHG-B6	CHG-B6.ASSUMPTION-MANIFEST	PASS	true	sufficient_not_claimed_necessary	not_required_for_the_registered_sufficiency_theorem
CHG-B7	CHG-B7.ASSUMPTION-MANIFEST	PASS	true	sufficient_not_claimed_necessary	not_required_for_the_registered_sufficiency_theorem
CHG-B8	CHG-B8.ASSUMPTION-MANIFEST	PASS	true	sufficient_not_claimed_necessary	not_required_for_the_registered_sufficiency_theorem
CHG-B9	CHG-B9.ASSUMPTION-MANIFEST	PASS	true	sufficient_not_claimed_necessary	not_required_for_the_registered_sufficiency_theorem
CTX-C1	CTX-C1.ASSUMPTION-MANIFEST	PASS	true	sufficient_not_claimed_necessary	not_required_for_the_registered_sufficiency_theorem
CTX-C2	CTX-C2.ASSUMPTION-MANIFEST	PASS	true	sufficient_not_claimed_necessary	not_required_for_the_registered_sufficiency_theorem
DATA-EN-R1	DATA-EN-R1.SOURCE-IDENTITY	PASS	true	sufficient_not_claimed_necessary	not_required_for_the_registered_sufficiency_theorem
DATA-PT-R1	DATA-PT-R1.SOURCE-IDENTITY	PASS	true	sufficient_not_claimed_necessary	not_required_for_the_registered_sufficiency_theorem
DATA-ZH-R1	DATA-ZH-R1.SOURCE-IDENTITY	PASS	true	sufficient_not_claimed_necessary	not_required_for_the_registered_sufficiency_theorem
FIN-A1	FIN-A1.A1	PASS	true	sufficient_not_claimed_necessary	not_required_for_the_registered_sufficiency_theorem
FIN-A1	FIN-A1.A2	PASS	true	sufficient_not_claimed_necessary	not_required_for_the_registered_sufficiency_theorem
FIN-A1	FIN-A1.A3	PASS	true	sufficient_not_claimed_necessary	not_required_for_the_registered_sufficiency_theorem
FIN-A1	FIN-A1.A4	PASS	true	sufficient_not_claimed_necessary	not_required_for_the_registered_sufficiency_theorem
FIN-A2	FIN-A2.A1	PASS	true	sufficient_not_claimed_necessary	not_required_for_the_registered_sufficiency_theorem
FIN-A2	FIN-A2.A2	PASS	true	sufficient_not_claimed_necessary	not_required_for_the_registered_sufficiency_theorem
FIN-A2	FIN-A2.A3	PASS	true	sufficient_not_claimed_necessary	not_required_for_the_registered_sufficiency_theorem
FIN-A2	FIN-A2.A4	PASS	true	sufficient_not_claimed_necessary	not_required_for_the_registered_sufficiency_theorem
FIN-A3	FIN-A3.A1	PASS	true	sufficient_not_claimed_necessary	not_required_for_the_registered_sufficiency_theorem
FIN-A3	FIN-A3.A2	PASS	true	sufficient_not_claimed_necessary	not_required_for_the_registered_sufficiency_theorem
FIN-A3	FIN-A3.A3	PASS	true	sufficient_not_claimed_necessary	not_required_for_the_registered_sufficiency_theorem
FIN-A3	FIN-A3.A4	PASS	true	sufficient_not_claimed_necessary	not_required_for_the_registered_sufficiency_theorem
FIN-A3	FIN-A3.A5	PASS	true	sufficient_not_claimed_necessary	not_required_for_the_registered_sufficiency_theorem
FIN-A4	FIN-A4.A1	PASS	true	sufficient_not_claimed_necessary	not_required_for_the_registered_sufficiency_theorem
FIN-A4	FIN-A4.A2	PASS	true	sufficient_not_claimed_necessary	not_required_for_the_registered_sufficiency_theorem
FIN-A4	FIN-A4.A3	PASS	true	sufficient_not_claimed_necessary	not_required_for_the_registered_sufficiency_theorem
FIN-A4	FIN-A4.A4	PASS	true	sufficient_not_claimed_necessary	not_required_for_the_registered_sufficiency_theorem
FIN-A5	FIN-A5.A1	PASS	true	sufficient_not_claimed_necessary	not_required_for_the_registered_sufficiency_theorem
FIN-A5	FIN-A5.A2	PASS	true	sufficient_not_claimed_necessary	not_required_for_the_registered_sufficiency_theorem
FIN-A5	FIN-A5.A3	PASS	true	sufficient_not_claimed_necessary	not_required_for_the_registered_sufficiency_theorem
FIN-A5	FIN-A5.A4	PASS	true	sufficient_not_claimed_necessary	not_required_for_the_registered_sufficiency_theorem
FIN-A5	FIN-A5.A5	PASS	true	sufficient_not_claimed_necessary	not_required_for_the_registered_sufficiency_theorem
FIN-A5	FIN-A5.A6	PASS	true	sufficient_not_claimed_necessary	not_required_for_the_registered_sufficiency_theorem
FIN-A5	FIN-A5.A7	PASS	true	sufficient_not_claimed_necessary	not_required_for_the_registered_sufficiency_theorem
FIN-A6	FIN-A6.A1	PASS	true	sufficient_not_claimed_necessary	not_required_for_the_registered_sufficiency_theorem
FIN-A6	FIN-A6.A2	PASS	true	sufficient_not_claimed_necessary	not_required_for_the_registered_sufficiency_theorem
FIN-A6	FIN-A6.A3	PASS	true	sufficient_not_claimed_necessary	not_required_for_the_registered_sufficiency_theorem
FIN-A6	FIN-A6.A4	PASS	true	sufficient_not_claimed_necessary	not_required_for_the_registered_sufficiency_theorem
FIN-A6	FIN-A6.A5	PASS	true	sufficient_not_claimed_necessary	not_required_for_the_registered_sufficiency_theorem
FIN-A7	FIN-A7.A1	PASS	true	sufficient_not_claimed_necessary	not_required_for_the_registered_sufficiency_theorem
FIN-A7	FIN-A7.A2	PASS	true	sufficient_not_claimed_necessary	not_required_for_the_registered_sufficiency_theorem
FIN-A7	FIN-A7.A3	PASS	true	sufficient_not_claimed_necessary	not_required_for_the_registered_sufficiency_theorem
FIN-A7	FIN-A7.A4	PASS	true	sufficient_not_claimed_necessary	not_required_for_the_registered_sufficiency_theorem
FIN-A7	FIN-A7.A5	PASS	true	sufficient_not_claimed_necessary	not_required_for_the_registered_sufficiency_theorem
FIN-A7	FIN-A7.A6	PASS	true	sufficient_not_claimed_necessary	not_required_for_the_registered_sufficiency_theorem
FLUX-D1	FLUX-D1.ASSUMPTION-MANIFEST	PASS	true	sufficient_not_claimed_necessary	not_required_for_the_registered_sufficiency_theorem
FLUX-D2	FLUX-D2.ASSUMPTION-MANIFEST	PASS	true	sufficient_not_claimed_necessary	not_required_for_the_registered_sufficiency_theorem
FLUX-D3	FLUX-D3.ASSUMPTION-MANIFEST	PASS	true	sufficient_not_claimed_necessary	not_required_for_the_registered_sufficiency_theorem
FLUX-D4	FLUX-D4.ASSUMPTION-MANIFEST	PASS	true	sufficient_not_claimed_necessary	not_required_for_the_registered_sufficiency_theorem
FLUX-D5	FLUX-D5.ASSUMPTION-MANIFEST	PASS	true	sufficient_not_claimed_necessary	not_required_for_the_registered_sufficiency_theorem
MAX-G1	MAX-G1.DOMAIN	PASS	true	sufficient_not_claimed_necessary	not_required_for_the_registered_sufficiency_theorem
MAX-G2	MAX-G2.DOMAIN	PASS	true	sufficient_not_claimed_necessary	not_required_for_the_registered_sufficiency_theorem
MAX-G3	MAX-G3.DOMAIN	PASS	true	sufficient_not_claimed_necessary	not_required_for_the_registered_sufficiency_theorem
MAX-G4	MAX-G4.DOMAIN	PASS	true	sufficient_not_claimed_necessary	not_required_for_the_registered_sufficiency_theorem
MAX-G5	MAX-G5.DOMAIN	PASS	true	sufficient_not_claimed_necessary	not_required_for_the_registered_sufficiency_theorem
MAX-G6	MAX-G6.DOMAIN	PASS	true	sufficient_not_claimed_necessary	not_required_for_the_registered_sufficiency_theorem
MAX-G7	MAX-G7.DOMAIN	PASS	true	sufficient_not_claimed_necessary	not_required_for_the_registered_sufficiency_theorem
MAX-G8	MAX-G8.DOMAIN	PASS	true	sufficient_not_claimed_necessary	not_required_for_the_registered_sufficiency_theorem
MAX-G9	MAX-G9.DOMAIN	PASS	true	sufficient_not_claimed_necessary	not_required_for_the_registered_sufficiency_theorem
SEL-F1	SEL-F1.ASSUMPTION-MANIFEST	PASS	true	sufficient_not_claimed_necessary	not_required_for_the_registered_sufficiency_theorem
SEL-F2	SEL-F2.ASSUMPTION-MANIFEST	PASS	true	sufficient_not_claimed_necessary	not_required_for_the_registered_sufficiency_theorem
SUP-E1	SUP-E1.ASSUMPTION-MANIFEST	PASS	true	sufficient_not_claimed_necessary	not_required_for_the_registered_sufficiency_theorem
SUP-E2	SUP-E2.ASSUMPTION-MANIFEST	PASS	true	sufficient_not_claimed_necessary	not_required_for_the_registered_sufficiency_theorem
SUP-E3	SUP-E3.ASSUMPTION-MANIFEST	PASS	true	sufficient_not_claimed_necessary	not_required_for_the_registered_sufficiency_theorem
SUP-E4	SUP-E4.ASSUMPTION-MANIFEST	PASS	true	sufficient_not_claimed_necessary	not_required_for_the_registered_sufficiency_theorem
