mutant_id	result_id	mutated_formal_path	mutation_operator	scientific_meaning	expected_failing_proof_goal	equivalent_mutant_status	python_result	python_detail	wolfram_result
APP-BASIC.MUTANT.CLAIM	APP-BASIC	formal/mutants/APP-BASIC.MUTANT.CLAIM.json	result_specific_conclusion_change	Changes one registered exact consequence while retaining the result identity and declared scope.	APP-BASIC.REUSE.01	non_equivalent	KILLED	APP-BASIC.REUSE.01.mathematical.json: ValueError: Canonical result hash mismatch	KILLED
APP-MCC-COMP.MUTANT.CLAIM	APP-MCC-COMP	formal/mutants/APP-MCC-COMP.MUTANT.CLAIM.json	result_specific_conclusion_change	Changes one registered exact consequence while retaining the result identity and declared scope.	APP-MCC-COMP.COUNTS.01	non_equivalent	KILLED	APP-MCC-COMP.COUNTS.01.mathematical.json: ValueError: Canonical result hash mismatch | APP-MCC-COMP.PARAMETER.02.mathematical.json: ValueError: Canonical result hash mismatch | APP-MCC-COMP.TYPE.03.mathematical.json: ValueError: Canonical result hash mismatch	KILLED
APP-MCC-GRID.MUTANT.CLAIM	APP-MCC-GRID	formal/mutants/APP-MCC-GRID.MUTANT.CLAIM.json	result_specific_conclusion_change	Changes one registered exact consequence while retaining the result identity and declared scope.	APP-MCC-GRID.CONTINUUM.01	non_equivalent	KILLED	APP-MCC-GRID.CONTINUUM.01.mathematical.json: ValueError: Canonical result hash mismatch | APP-MCC-GRID.LATTICE.02.mathematical.json: ValueError: Canonical result hash mismatch | APP-MCC-GRID.VERDICT.03.mathematical.json: ValueError: Canonical result hash mismatch	KILLED
APP-MCC-LENGTH.MUTANT.CLAIM	APP-MCC-LENGTH	formal/mutants/APP-MCC-LENGTH.MUTANT.CLAIM.json	result_specific_conclusion_change	Changes one registered exact consequence while retaining the result identity and declared scope.	APP-MCC-LENGTH.ANCHORS.01	non_equivalent	KILLED	APP-MCC-LENGTH.ANCHORS.01.mathematical.json: ValueError: Canonical result hash mismatch | APP-MCC-LENGTH.ONEFOLLOWER.02.mathematical.json: ValueError: Canonical result hash mismatch	KILLED
CALC-F1.MUTANT.CLAIM	CALC-F1	formal/mutants/CALC-F1.MUTANT.CLAIM.json	result_specific_conclusion_change	Changes one registered exact consequence while retaining the result identity and declared scope.	CALC-F1.ADMISSION.01	non_equivalent	KILLED	CALC-F1.ADMISSION.01.mathematical.json: ValueError: Proof record proves a different proof-goal claim | CALC-F1.PROGRESS.02.mathematical.json: ValueError: Finite replay proof goal CALC-F1.ADMISSION.01 differs from its trusted exact algorithm | CALC-F1.REFUSALS.05.mathematical.json: ValueError: Finite replay proof goal CALC-F1.ADMISSION.01 differs from its trusted exact algorithm | CALC-F1.TERMINATION.04.mathematical.json: ValueError: Finite replay proof goal CALC-F1.ADMISSION.01 differs from its trusted exact algorithm | CALC-F1.WITNESS.03.mathematical.json: ValueError: Finite replay proof goal CALC-F1.ADMISSION.01 differs from its trusted exact algorithm	KILLED
CALC-R01.MUTANT.CLAIM	CALC-R01	formal/mutants/CALC-R01.MUTANT.CLAIM.json	result_specific_conclusion_change	Changes one registered exact consequence while retaining the result identity and declared scope.	CALC-R01.PARTITION.01	non_equivalent	KILLED	CALC-R01.PARTIAL.03.mathematical.json: ValueError: Canonical result hash mismatch | CALC-R01.PARTITION.01.mathematical.json: ValueError: Canonical result hash mismatch | CALC-R01.SORTS.02.mathematical.json: ValueError: Canonical result hash mismatch	KILLED
CALC-R02.MUTANT.CLAIM	CALC-R02	formal/mutants/CALC-R02.MUTANT.CLAIM.json	result_specific_conclusion_change	Changes one registered exact consequence while retaining the result identity and declared scope.	CALC-R02.COIMAGE.01	non_equivalent	KILLED	CALC-R02.COIMAGE.01.mathematical.json: ValueError: Canonical result hash mismatch | CALC-R02.PARTIAL.02.mathematical.json: ValueError: Canonical result hash mismatch	KILLED
CALC-R03.MUTANT.CLAIM	CALC-R03	formal/mutants/CALC-R03.MUTANT.CLAIM.json	result_specific_conclusion_change	Changes one registered exact consequence while retaining the result identity and declared scope.	CALC-R03.REFUSAL.01	non_equivalent	KILLED	CALC-R03.REFUSAL.01.mathematical.json: ValueError: Canonical result hash mismatch	KILLED
CALC-R04.MUTANT.CLAIM	CALC-R04	formal/mutants/CALC-R04.MUTANT.CLAIM.json	result_specific_conclusion_change	Changes one registered exact consequence while retaining the result identity and declared scope.	CALC-R04.SURJECTIVITY.01	non_equivalent	KILLED	CALC-R04.FRONTIER.02.mathematical.json: ValueError: Canonical result hash mismatch | CALC-R04.SURJECTIVITY.01.mathematical.json: ValueError: Canonical result hash mismatch	KILLED
CALC-R05.MUTANT.CLAIM	CALC-R05	formal/mutants/CALC-R05.MUTANT.CLAIM.json	result_specific_conclusion_change	Changes one registered exact consequence while retaining the result identity and declared scope.	CALC-R05.ORBIT.01	non_equivalent	KILLED	CALC-R05.ORBIT.01.mathematical.json: ValueError: Canonical result hash mismatch	KILLED
CALC-R06.MUTANT.CLAIM	CALC-R06	formal/mutants/CALC-R06.MUTANT.CLAIM.json	result_specific_conclusion_change	Changes one registered exact consequence while retaining the result identity and declared scope.	CALC-R06.ORBITS.01	non_equivalent	KILLED	CALC-R06.ORBITS.01.mathematical.json: ValueError: Canonical result hash mismatch	KILLED
CALC-R07.MUTANT.CLAIM	CALC-R07	formal/mutants/CALC-R07.MUTANT.CLAIM.json	result_specific_conclusion_change	Changes one registered exact consequence while retaining the result identity and declared scope.	CALC-R07.OUTBOUND.01	non_equivalent	KILLED	CALC-R07.OUTBOUND.01.mathematical.json: ValueError: Canonical result hash mismatch	KILLED
CALC-R08.MUTANT.CLAIM	CALC-R08	formal/mutants/CALC-R08.MUTANT.CLAIM.json	result_specific_conclusion_change	Changes one registered exact consequence while retaining the result identity and declared scope.	CALC-R08.STATUS.01	non_equivalent	KILLED	CALC-R08.STATUS.01.mathematical.json: ValueError: Canonical result hash mismatch	KILLED
CALC-R09.MUTANT.CLAIM	CALC-R09	formal/mutants/CALC-R09.MUTANT.CLAIM.json	result_specific_conclusion_change	Changes one registered exact consequence while retaining the result identity and declared scope.	CALC-R09.MASS.01	non_equivalent	KILLED	CALC-R09.MASS.01.mathematical.json: ValueError: Canonical result hash mismatch	KILLED
CALC-R10.MUTANT.CLAIM	CALC-R10	formal/mutants/CALC-R10.MUTANT.CLAIM.json	result_specific_conclusion_change	Changes one registered exact consequence while retaining the result identity and declared scope.	CALC-R10.CYCLE.01	non_equivalent	KILLED	CALC-R10.CYCLE.01.mathematical.json: ValueError: Canonical result hash mismatch	KILLED
CALC-R11.MUTANT.CLAIM	CALC-R11	formal/mutants/CALC-R11.MUTANT.CLAIM.json	result_specific_conclusion_change	Changes one registered exact consequence while retaining the result identity and declared scope.	CALC-R11.FIBRE.01	non_equivalent	KILLED	CALC-R11.FIBRE.01.mathematical.json: ValueError: Canonical result hash mismatch	KILLED
CALC-R12.MUTANT.CLAIM	CALC-R12	formal/mutants/CALC-R12.MUTANT.CLAIM.json	result_specific_conclusion_change	Changes one registered exact consequence while retaining the result identity and declared scope.	CALC-R12.SERIES.01	non_equivalent	KILLED	CALC-R12.SERIES.01.mathematical.json: ValueError: Canonical result hash mismatch	KILLED
CALC-R13.MUTANT.CLAIM	CALC-R13	formal/mutants/CALC-R13.MUTANT.CLAIM.json	result_specific_conclusion_change	Changes one registered exact consequence while retaining the result identity and declared scope.	CALC-R13.MISMATCH.01	non_equivalent	KILLED	CALC-R13.MISMATCH.01.mathematical.json: ValueError: Canonical result hash mismatch	KILLED
CALC-R14.MUTANT.CLAIM	CALC-R14	formal/mutants/CALC-R14.MUTANT.CLAIM.json	result_specific_conclusion_change	Changes one registered exact consequence while retaining the result identity and declared scope.	CALC-R14.BELL.01	non_equivalent	KILLED	CALC-R14.BELL.01.mathematical.json: ValueError: Canonical result hash mismatch	KILLED
CALC-R15.MUTANT.CLAIM	CALC-R15	formal/mutants/CALC-R15.MUTANT.CLAIM.json	result_specific_conclusion_change	Changes one registered exact consequence while retaining the result identity and declared scope.	CALC-R15.EXTERNAL.01	non_equivalent	KILLED	CALC-R15.EXTERNAL.01.mathematical.json: ValueError: Canonical result hash mismatch	KILLED
CHG-B1.MUTANT.CLAIM	CHG-B1	formal/mutants/CHG-B1.MUTANT.CLAIM.json	result_specific_conclusion_change	Changes one registered exact consequence while retaining the result identity and declared scope.	CHG-B1.RUNMIN.01	non_equivalent	KILLED	CHG-B1.CONVEX.03.mathematical.json: ValueError: Canonical result hash mismatch | CHG-B1.METAPROOF.mathematical.json: ValueError: Canonical result hash mismatch | CHG-B1.RUNMIN.01.mathematical.json: ValueError: Canonical result hash mismatch | CHG-B1.SIMPLEX.02.mathematical.json: ValueError: Canonical result hash mismatch	KILLED
CHG-B10.MUTANT.CLAIM	CHG-B10	formal/mutants/CHG-B10.MUTANT.CLAIM.json	result_specific_conclusion_change	Changes one registered exact consequence while retaining the result identity and declared scope.	CHG-B10.MONOTONE.01	non_equivalent	KILLED	CHG-B10.BOUNDARY.03.mathematical.json: ValueError: Canonical result hash mismatch | CHG-B10.EXTENSION.02.mathematical.json: ValueError: Canonical result hash mismatch | CHG-B10.METAPROOF.mathematical.json: ValueError: Canonical result hash mismatch | CHG-B10.MONOTONE.01.mathematical.json: ValueError: Canonical result hash mismatch	KILLED
CHG-B11.MUTANT.CLAIM	CHG-B11	formal/mutants/CHG-B11.MUTANT.CLAIM.json	result_specific_conclusion_change	Changes one registered exact consequence while retaining the result identity and declared scope.	CHG-B11.PHASE.01	non_equivalent	KILLED	CHG-B11.METAPROOF.mathematical.json: ValueError: Canonical result hash mismatch | CHG-B11.PHASE.01.mathematical.json: ValueError: Canonical result hash mismatch | CHG-B11.RATIO.02.mathematical.json: ValueError: Canonical result hash mismatch | CHG-B11.SCALE.04.mathematical.json: ValueError: Canonical result hash mismatch | CHG-B11.TRIPLE.03.mathematical.json: ValueError: Canonical result hash mismatch	KILLED
CHG-B12.MUTANT.CLAIM	CHG-B12	formal/mutants/CHG-B12.MUTANT.CLAIM.json	result_specific_conclusion_change	Changes one registered exact consequence while retaining the result identity and declared scope.	CHG-B12.SEQUENCE.01	non_equivalent	KILLED	CHG-B12.DENOMINATOR.02.mathematical.json: ValueError: Canonical result hash mismatch | CHG-B12.METAPROOF.mathematical.json: ValueError: Canonical result hash mismatch | CHG-B12.SEQUENCE.01.mathematical.json: ValueError: Canonical result hash mismatch	KILLED
CHG-B13.MUTANT.CLAIM	CHG-B13	formal/mutants/CHG-B13.MUTANT.CLAIM.json	result_specific_conclusion_change	Changes one registered exact consequence while retaining the result identity and declared scope.	CHG-B13.PARABOLA.01	non_equivalent	KILLED	CHG-B13.DENSITY.02.mathematical.json: ValueError: Canonical result hash mismatch | CHG-B13.METAPROOF.mathematical.json: ValueError: Canonical result hash mismatch | CHG-B13.PARABOLA.01.mathematical.json: ValueError: Canonical result hash mismatch | CHG-B13.QUANTILE.03.mathematical.json: ValueError: Canonical result hash mismatch	KILLED
CHG-B14.MUTANT.CLAIM	CHG-B14	formal/mutants/CHG-B14.MUTANT.CLAIM.json	result_specific_conclusion_change	Changes one registered exact consequence while retaining the result identity and declared scope.	CHG-B14.REGIMES.01	non_equivalent	KILLED	CHG-B14.COEFFICIENT.02.mathematical.json: ValueError: Canonical result hash mismatch | CHG-B14.CONTINUITY.03.mathematical.json: ValueError: Canonical result hash mismatch | CHG-B14.METAPROOF.mathematical.json: ValueError: Canonical result hash mismatch | CHG-B14.REGIMES.01.mathematical.json: ValueError: Canonical result hash mismatch	KILLED
CHG-B15.MUTANT.CLAIM	CHG-B15	formal/mutants/CHG-B15.MUTANT.CLAIM.json	result_specific_conclusion_change	Changes one registered exact consequence while retaining the result identity and declared scope.	CHG-B15.EQUALITY.01	non_equivalent	KILLED	CHG-B15.EQUALITY.01.mathematical.json: ValueError: Canonical result hash mismatch | CHG-B15.METAPROOF.mathematical.json: ValueError: Canonical result hash mismatch | CHG-B15.PATH.03.mathematical.json: ValueError: Canonical result hash mismatch | CHG-B15.UPCAST.04.mathematical.json: ValueError: Canonical result hash mismatch | CHG-B15.VARIATIONAL.02.mathematical.json: ValueError: Canonical result hash mismatch	KILLED
CHG-B16.MUTANT.CLAIM	CHG-B16	formal/mutants/CHG-B16.MUTANT.CLAIM.json	result_specific_conclusion_change	Changes one registered exact consequence while retaining the result identity and declared scope.	CHG-B16.LAMBDA.01	non_equivalent	KILLED	CHG-B16.LAMBDA.01.mathematical.json: ValueError: Canonical result hash mismatch | CHG-B16.METAPROOF.mathematical.json: ValueError: Canonical result hash mismatch | CHG-B16.NONCOMMUTE.05.mathematical.json: ValueError: Canonical result hash mismatch | CHG-B16.ONEFOLLOWER.02.mathematical.json: ValueError: Canonical result hash mismatch | CHG-B16.POSITIVITY.03.mathematical.json: ValueError: Canonical result hash mismatch | CHG-B16.SUPPORT.04.mathematical.json: ValueError: Canonical result hash mismatch	KILLED
CHG-B2.MUTANT.CLAIM	CHG-B2	formal/mutants/CHG-B2.MUTANT.CLAIM.json	result_specific_conclusion_change	Changes one registered exact consequence while retaining the result identity and declared scope.	CHG-B2.ASSUMPTIONS.01	non_equivalent	KILLED	CHG-B2.ANCHORS.05.mathematical.json: ValueError: Canonical result hash mismatch | CHG-B2.ASSUMPTIONS.01.mathematical.json: ValueError: Canonical result hash mismatch | CHG-B2.BOUNDARY.04.mathematical.json: ValueError: Canonical result hash mismatch | CHG-B2.EXTENSION.03.mathematical.json: ValueError: Canonical result hash mismatch | CHG-B2.KKT.02.mathematical.json: ValueError: Canonical result hash mismatch | CHG-B2.METAPROOF.mathematical.json: ValueError: Canonical result hash mismatch	KILLED
CHG-B3.MUTANT.CLAIM	CHG-B3	formal/mutants/CHG-B3.MUTANT.CLAIM.json	result_specific_conclusion_change	Changes one registered exact consequence while retaining the result identity and declared scope.	CHG-B3.UNSATURATED.01	non_equivalent	KILLED	CHG-B3.METAPROOF.mathematical.json: ValueError: Canonical result hash mismatch | CHG-B3.PROJECTION.04.mathematical.json: ValueError: Canonical result hash mismatch | CHG-B3.SATURATED.02.mathematical.json: ValueError: Canonical result hash mismatch | CHG-B3.SUPPORT.03.mathematical.json: ValueError: Canonical result hash mismatch | CHG-B3.UNSATURATED.01.mathematical.json: ValueError: Canonical result hash mismatch	KILLED
CHG-B4.MUTANT.CLAIM	CHG-B4	formal/mutants/CHG-B4.MUTANT.CLAIM.json	result_specific_conclusion_change	Changes one registered exact consequence while retaining the result identity and declared scope.	CHG-B4.LITTLEO.01	non_equivalent	KILLED	CHG-B4.LITTLEO.01.mathematical.json: ValueError: Canonical result hash mismatch | CHG-B4.METAPROOF.mathematical.json: ValueError: Canonical result hash mismatch | CHG-B4.QUADRATIC.02.mathematical.json: ValueError: Canonical result hash mismatch	KILLED
CHG-B5.MUTANT.CLAIM	CHG-B5	formal/mutants/CHG-B5.MUTANT.CLAIM.json	result_specific_conclusion_change	Changes one registered exact consequence while retaining the result identity and declared scope.	CHG-B5.ENDPOINTS.01	non_equivalent	KILLED	CHG-B5.ENDPOINTS.01.mathematical.json: ValueError: Canonical result hash mismatch | CHG-B5.METAPROOF.mathematical.json: ValueError: Canonical result hash mismatch | CHG-B5.REPAIR.02.mathematical.json: ValueError: Canonical result hash mismatch	KILLED
CHG-B6.MUTANT.CLAIM	CHG-B6	formal/mutants/CHG-B6.MUTANT.CLAIM.json	result_specific_conclusion_change	Changes one registered exact consequence while retaining the result identity and declared scope.	CHG-B6.CLASSIFY.01	non_equivalent	KILLED	CHG-B6.CLASSIFY.01.mathematical.json: ValueError: Canonical result hash mismatch | CHG-B6.METAPROOF.mathematical.json: ValueError: Canonical result hash mismatch | CHG-B6.ONESTEP.02.mathematical.json: ValueError: Canonical result hash mismatch	KILLED
CHG-B7.MUTANT.CLAIM	CHG-B7	formal/mutants/CHG-B7.MUTANT.CLAIM.json	result_specific_conclusion_change	Changes one registered exact consequence while retaining the result identity and declared scope.	CHG-B7.GAUGE.01	non_equivalent	KILLED	CHG-B7.ASYMPTOTIC.03.mathematical.json: ValueError: Canonical result hash mismatch | CHG-B7.GAUGE.01.mathematical.json: ValueError: Canonical result hash mismatch | CHG-B7.METAPROOF.mathematical.json: ValueError: Canonical result hash mismatch | CHG-B7.PHASE.02.mathematical.json: ValueError: Canonical result hash mismatch	KILLED
CHG-B8.MUTANT.CLAIM	CHG-B8	formal/mutants/CHG-B8.MUTANT.CLAIM.json	result_specific_conclusion_change	Changes one registered exact consequence while retaining the result identity and declared scope.	CHG-B8.RATIO.01	non_equivalent	KILLED	CHG-B8.HORIZON.02.mathematical.json: ValueError: Canonical result hash mismatch | CHG-B8.METAPROOF.mathematical.json: ValueError: Canonical result hash mismatch | CHG-B8.RATIO.01.mathematical.json: ValueError: Canonical result hash mismatch	KILLED
CHG-B9.MUTANT.CLAIM	CHG-B9	formal/mutants/CHG-B9.MUTANT.CLAIM.json	result_specific_conclusion_change	Changes one registered exact consequence while retaining the result identity and declared scope.	CHG-B9.NORMALIZE.01	non_equivalent	KILLED	CHG-B9.GAPS.02.mathematical.json: ValueError: Canonical result hash mismatch | CHG-B9.METAPROOF.mathematical.json: ValueError: Canonical result hash mismatch | CHG-B9.NORMALIZE.01.mathematical.json: ValueError: Canonical result hash mismatch | CHG-B9.PROFILE.03.mathematical.json: ValueError: Canonical result hash mismatch	KILLED
CTX-C1.MUTANT.CLAIM	CTX-C1	formal/mutants/CTX-C1.MUTANT.CLAIM.json	result_specific_conclusion_change	Changes one registered exact consequence while retaining the result identity and declared scope.	CTX-C1.PHASE.01	non_equivalent	KILLED	CTX-C1.CARRIER.03.mathematical.json: ValueError: Canonical result hash mismatch | CTX-C1.CENTER.02.mathematical.json: ValueError: Canonical result hash mismatch | CTX-C1.GENERAL.04.mathematical.json: ValueError: Canonical result hash mismatch | CTX-C1.PHASE.01.mathematical.json: ValueError: Canonical result hash mismatch	KILLED
CTX-C2.MUTANT.CLAIM	CTX-C2	formal/mutants/CTX-C2.MUTANT.CLAIM.json	result_specific_conclusion_change	Changes one registered exact consequence while retaining the result identity and declared scope.	CTX-C2.ORDER.01	non_equivalent	KILLED	CTX-C2.GENERAL.03.mathematical.json: ValueError: Canonical result hash mismatch | CTX-C2.ORDER.01.mathematical.json: ValueError: Canonical result hash mismatch | CTX-C2.SHORTEST.02.mathematical.json: ValueError: Canonical result hash mismatch	KILLED
DATA-EN-R1.MUTANT.CLAIM	DATA-EN-R1	formal/mutants/DATA-EN-R1.MUTANT.CLAIM.json	result_specific_conclusion_change	Changes one registered exact consequence while retaining the result identity and declared scope.	DATA-EN-R1.REPLAY.01	non_equivalent	KILLED	DATA-EN-R1.REPLAY.01.mathematical.json: ValueError: Canonical result hash mismatch	KILLED
DATA-PT-R1.MUTANT.CLAIM	DATA-PT-R1	formal/mutants/DATA-PT-R1.MUTANT.CLAIM.json	result_specific_conclusion_change	Changes one registered exact consequence while retaining the result identity and declared scope.	DATA-PT-R1.REPLAY.01	non_equivalent	KILLED	DATA-PT-R1.REPLAY.01.mathematical.json: ValueError: Canonical result hash mismatch	KILLED
DATA-ZH-R1.MUTANT.CLAIM	DATA-ZH-R1	formal/mutants/DATA-ZH-R1.MUTANT.CLAIM.json	result_specific_conclusion_change	Changes one registered exact consequence while retaining the result identity and declared scope.	DATA-ZH-R1.REPLAY.01	non_equivalent	KILLED	DATA-ZH-R1.REPLAY.01.mathematical.json: ValueError: Canonical result hash mismatch	KILLED
FIN-A1.MUTANT.CLAIM	FIN-A1	formal/mutants/FIN-A1.MUTANT.CLAIM.json	result_specific_conclusion_change	Changes one registered exact consequence while retaining the result identity and declared scope.	FIN-A1.INVERSE.01	non_equivalent	KILLED	FIN-A1.EMPTY.02.mathematical.json: ValueError: Finite replay proof goal FIN-A1.INVERSE.01 differs from its trusted exact algorithm | FIN-A1.EQUIVARIANCE.03.mathematical.json: ValueError: Finite replay proof goal FIN-A1.INVERSE.01 differs from its trusted exact algorithm | FIN-A1.INVERSE.01.mathematical.json: ValueError: Proof record proves a different proof-goal claim | FIN-A1.NEGATIVE.04.mathematical.json: ValueError: Finite replay proof goal FIN-A1.INVERSE.01 differs from its trusted exact algorithm	KILLED
FIN-A2.MUTANT.CLAIM	FIN-A2	formal/mutants/FIN-A2.MUTANT.CLAIM.json	result_specific_conclusion_change	Changes one registered exact consequence while retaining the result identity and declared scope.	FIN-A2.PROOF.01	non_equivalent	KILLED	FIN-A2.COHERENCE.03.mathematical.json: ValueError: Finite replay proof goal FIN-A2.PROOF.01 differs from its trusted exact algorithm | FIN-A2.OUTBOUND.02.mathematical.json: ValueError: Finite replay proof goal FIN-A2.PROOF.01 differs from its trusted exact algorithm | FIN-A2.PROOF.01.mathematical.json: ValueError: Proof record proves a different proof-goal claim	KILLED
FIN-A3.MUTANT.CLAIM	FIN-A3	formal/mutants/FIN-A3.MUTANT.CLAIM.json	result_specific_conclusion_change	Changes one registered exact consequence while retaining the result identity and declared scope.	FIN-A3.MARGINALS.01	non_equivalent	KILLED	FIN-A3.EDGECASES.03.mathematical.json: ValueError: Finite replay proof goal FIN-A3.MARGINALS.01 differs from its trusted exact algorithm | FIN-A3.MARGINALS.01.mathematical.json: ValueError: Proof record proves a different proof-goal claim | FIN-A3.NONTERMINATION.02.mathematical.json: ValueError: Finite replay proof goal FIN-A3.MARGINALS.01 differs from its trusted exact algorithm | FIN-A3.TYPES.04.mathematical.json: ValueError: Finite replay proof goal FIN-A3.MARGINALS.01 differs from its trusted exact algorithm	KILLED
FIN-A4.MUTANT.CLAIM	FIN-A4	formal/mutants/FIN-A4.MUTANT.CLAIM.json	result_specific_conclusion_change	Changes one registered exact consequence while retaining the result identity and declared scope.	FIN-A4.KERNEL.01	non_equivalent	KILLED	FIN-A4.CONVERSES.02.mathematical.json: ValueError: Finite replay proof goal FIN-A4.KERNEL.01 differs from its trusted exact algorithm | FIN-A4.KERNEL.01.mathematical.json: ValueError: Proof record proves a different proof-goal claim | FIN-A4.REACHABLE.03.mathematical.json: ValueError: Finite replay proof goal FIN-A4.KERNEL.01 differs from its trusted exact algorithm	KILLED
FIN-A5.MUTANT.CLAIM	FIN-A5	formal/mutants/FIN-A5.MUTANT.CLAIM.json	result_specific_conclusion_change	Changes one registered exact consequence while retaining the result identity and declared scope.	FIN-A5.CARRIER.01	non_equivalent	KILLED	FIN-A5.CARRIER.01.mathematical.json: ValueError: Proof record proves a different proof-goal claim | FIN-A5.COLLISIONS.08.mathematical.json: ValueError: Finite replay proof goal FIN-A5.CARRIER.01 differs from its trusted exact algorithm | FIN-A5.FACTORIZATION.04.mathematical.json: ValueError: Finite replay proof goal FIN-A5.CARRIER.01 differs from its trusted exact algorithm | FIN-A5.LOSS.03.mathematical.json: ValueError: Finite replay proof goal FIN-A5.CARRIER.01 differs from its trusted exact algorithm | FIN-A5.POSTPROCESS.06.mathematical.json: ValueError: Finite replay proof goal FIN-A5.CARRIER.01 differs from its trusted exact algorithm | FIN-A5.PRICE.02.mathematical.json: ValueError: Finite replay proof goal FIN-A5.CARRIER.01 differs from its trusted exact algorithm | FIN-A5.REDUNDANCY.05.mathematical.json: ValueError: Finite replay proof goal FIN-A5.CARRIER.01 differs from its trusted exact algorithm | FIN-A5.UNIVERSAL.07.mathematical.json: ValueError: Finite replay proof goal FIN-A5.CARRIER.01 differs from its trusted exact algorithm	KILLED
FIN-A6.MUTANT.CLAIM	FIN-A6	formal/mutants/FIN-A6.MUTANT.CLAIM.json	result_specific_conclusion_change	Changes one registered exact consequence while retaining the result identity and declared scope.	FIN-A6.LATTICE.01	non_equivalent	KILLED	FIN-A6.CLOSURE.02.mathematical.json: ValueError: Finite replay proof goal FIN-A6.LATTICE.01 differs from its trusted exact algorithm | FIN-A6.CONTEXT.05.mathematical.json: ValueError: Finite replay proof goal FIN-A6.LATTICE.01 differs from its trusted exact algorithm | FIN-A6.DEFINEDNESS.03.mathematical.json: ValueError: Finite replay proof goal FIN-A6.LATTICE.01 differs from its trusted exact algorithm | FIN-A6.LATTICE.01.mathematical.json: ValueError: Proof record proves a different proof-goal claim | FIN-A6.LATTICEOPS.04.mathematical.json: ValueError: Finite replay proof goal FIN-A6.LATTICE.01 differs from its trusted exact algorithm	KILLED
FIN-A7.MUTANT.CLAIM	FIN-A7	formal/mutants/FIN-A7.MUTANT.CLAIM.json	result_specific_conclusion_change	Changes one registered exact consequence while retaining the result identity and declared scope.	FIN-A7.DIAGRAM.01	non_equivalent	KILLED	FIN-A7.CODE.03.mathematical.json: ValueError: Finite replay proof goal FIN-A7.DIAGRAM.01 differs from its trusted exact algorithm | FIN-A7.DIAGRAM.01.mathematical.json: ValueError: Proof record proves a different proof-goal claim | FIN-A7.POSITIVESECTION.04.mathematical.json: ValueError: Finite replay proof goal FIN-A7.DIAGRAM.01 differs from its trusted exact algorithm | FIN-A7.REFUSALS.05.mathematical.json: ValueError: Finite replay proof goal FIN-A7.DIAGRAM.01 differs from its trusted exact algorithm | FIN-A7.SECTION.02.mathematical.json: ValueError: Finite replay proof goal FIN-A7.DIAGRAM.01 differs from its trusted exact algorithm	KILLED
FLUX-D1.MUTANT.CLAIM	FLUX-D1	formal/mutants/FLUX-D1.MUTANT.CLAIM.json	result_specific_conclusion_change	Changes one registered exact consequence while retaining the result identity and declared scope.	FLUX-D1.SHIFT.01	non_equivalent	KILLED	FLUX-D1.NECESSITY.04.mathematical.json: ValueError: Canonical result hash mismatch | FLUX-D1.POTENTIAL.02.mathematical.json: ValueError: Canonical result hash mismatch | FLUX-D1.REVERSAL.03.mathematical.json: ValueError: Canonical result hash mismatch | FLUX-D1.SHIFT.01.mathematical.json: ValueError: Canonical result hash mismatch	KILLED
FLUX-D2.MUTANT.CLAIM	FLUX-D2	formal/mutants/FLUX-D2.MUTANT.CLAIM.json	result_specific_conclusion_change	Changes one registered exact consequence while retaining the result identity and declared scope.	FLUX-D2.PERIOD.01	non_equivalent	KILLED	FLUX-D2.PERIOD.01.mathematical.json: ValueError: Canonical result hash mismatch | FLUX-D2.RIGIDITY.03.mathematical.json: ValueError: Canonical result hash mismatch | FLUX-D2.STAR.02.mathematical.json: ValueError: Canonical result hash mismatch	KILLED
FLUX-D3.MUTANT.CLAIM	FLUX-D3	formal/mutants/FLUX-D3.MUTANT.CLAIM.json	result_specific_conclusion_change	Changes one registered exact consequence while retaining the result identity and declared scope.	FLUX-D3.NULL.01	non_equivalent	KILLED	FLUX-D3.GENERAL.04.mathematical.json: ValueError: Canonical result hash mismatch | FLUX-D3.MONOTONE.02.mathematical.json: ValueError: Canonical result hash mismatch | FLUX-D3.NULL.01.mathematical.json: ValueError: Canonical result hash mismatch | FLUX-D3.UNREGISTERED.03.mathematical.json: ValueError: Canonical result hash mismatch	KILLED
FLUX-D4.MUTANT.CLAIM	FLUX-D4	formal/mutants/FLUX-D4.MUTANT.CLAIM.json	result_specific_conclusion_change	Changes one registered exact consequence while retaining the result identity and declared scope.	FLUX-D4.SCALES.01	non_equivalent	KILLED	FLUX-D4.COEFFICIENTS.02.mathematical.json: ValueError: Canonical result hash mismatch | FLUX-D4.NORMALFORM.03.mathematical.json: ValueError: Canonical result hash mismatch | FLUX-D4.PERTURBATION.04.mathematical.json: ValueError: Canonical result hash mismatch | FLUX-D4.SCALES.01.mathematical.json: ValueError: Canonical result hash mismatch	KILLED
FLUX-D5.MUTANT.CLAIM	FLUX-D5	formal/mutants/FLUX-D5.MUTANT.CLAIM.json	result_specific_conclusion_change	Changes one registered exact consequence while retaining the result identity and declared scope.	FLUX-D5.FINITE.01	non_equivalent	KILLED	FLUX-D5.FINITE.01.mathematical.json: ValueError: Canonical result hash mismatch | FLUX-D5.IDENTITY.03.mathematical.json: ValueError: Canonical result hash mismatch | FLUX-D5.RECURRENCE.02.mathematical.json: ValueError: Canonical result hash mismatch	KILLED
MAX-G1.MUTANT.CLAIM	MAX-G1	formal/mutants/MAX-G1.MUTANT.CLAIM.json	result_specific_conclusion_change	Changes one registered exact consequence while retaining the result identity and declared scope.	MAX-G1.CARRIER.01	non_equivalent	KILLED	MAX-G1.CARRIER.01.mathematical.json: ValueError: Canonical result hash mismatch | MAX-G1.CLEAR.02.mathematical.json: ValueError: Canonical result hash mismatch | MAX-G1.CLOSURE.03.mathematical.json: ValueError: Canonical result hash mismatch	KILLED
MAX-G2.MUTANT.CLAIM	MAX-G2	formal/mutants/MAX-G2.MUTANT.CLAIM.json	result_specific_conclusion_change	Changes one registered exact consequence while retaining the result identity and declared scope.	MAX-G2.ANCHOR.01	non_equivalent	KILLED	MAX-G2.ANCHOR.01.mathematical.json: ValueError: Canonical result hash mismatch | MAX-G2.ORDER.02.mathematical.json: ValueError: Canonical result hash mismatch	KILLED
MAX-G3.MUTANT.CLAIM	MAX-G3	formal/mutants/MAX-G3.MUTANT.CLAIM.json	result_specific_conclusion_change	Changes one registered exact consequence while retaining the result identity and declared scope.	MAX-G3.RESIDUAL.01	non_equivalent	KILLED	MAX-G3.CHAIN.02.mathematical.json: ValueError: Canonical result hash mismatch | MAX-G3.REDUCTION.03.mathematical.json: ValueError: Canonical result hash mismatch | MAX-G3.RESIDUAL.01.mathematical.json: ValueError: Canonical result hash mismatch	KILLED
MAX-G4.MUTANT.CLAIM	MAX-G4	formal/mutants/MAX-G4.MUTANT.CLAIM.json	result_specific_conclusion_change	Changes one registered exact consequence while retaining the result identity and declared scope.	MAX-G4.REVERSAL.01	non_equivalent	KILLED	MAX-G4.COMPLEXITY.04.mathematical.json: ValueError: Canonical result hash mismatch | MAX-G4.MULTISET.03.mathematical.json: ValueError: Canonical result hash mismatch | MAX-G4.REVERSAL.01.mathematical.json: ValueError: Canonical result hash mismatch | MAX-G4.TIE.02.mathematical.json: ValueError: Canonical result hash mismatch	KILLED
MAX-G5.MUTANT.CLAIM	MAX-G5	formal/mutants/MAX-G5.MUTANT.CLAIM.json	result_specific_conclusion_change	Changes one registered exact consequence while retaining the result identity and declared scope.	MAX-G5.TYPES.01	non_equivalent	KILLED	MAX-G5.GORDAN.02.mathematical.json: ValueError: Canonical result hash mismatch | MAX-G5.METAPROOF.mathematical.json: ValueError: Canonical result hash mismatch | MAX-G5.TYPES.01.mathematical.json: ValueError: Canonical result hash mismatch	KILLED
MAX-G6.MUTANT.CLAIM	MAX-G6	formal/mutants/MAX-G6.MUTANT.CLAIM.json	result_specific_conclusion_change	Changes one registered exact consequence while retaining the result identity and declared scope.	MAX-G6.ENUM.01	non_equivalent	KILLED	MAX-G6.CONE.02.mathematical.json: ValueError: Canonical result hash mismatch | MAX-G6.ENUM.01.mathematical.json: ValueError: Canonical result hash mismatch | MAX-G6.METAPROOF.mathematical.json: ValueError: Canonical result hash mismatch | MAX-G6.PROVENANCE.03.mathematical.json: ValueError: Canonical result hash mismatch	KILLED
MAX-G7.MUTANT.CLAIM	MAX-G7	formal/mutants/MAX-G7.MUTANT.CLAIM.json	result_specific_conclusion_change	Changes one registered exact consequence while retaining the result identity and declared scope.	MAX-G7.RANK.01	non_equivalent	KILLED	MAX-G7.CONTACT.02.mathematical.json: ValueError: Canonical result hash mismatch | MAX-G7.FACTORIZATION.04.mathematical.json: ValueError: Canonical result hash mismatch | MAX-G7.RANK.01.mathematical.json: ValueError: Canonical result hash mismatch | MAX-G7.RAY.03.mathematical.json: ValueError: Canonical result hash mismatch	KILLED
MAX-G8.MUTANT.CLAIM	MAX-G8	formal/mutants/MAX-G8.MUTANT.CLAIM.json	result_specific_conclusion_change	Changes one registered exact consequence while retaining the result identity and declared scope.	MAX-G8.SHARP.01	non_equivalent	KILLED	MAX-G8.BOUNDARY.03.mathematical.json: ValueError: Canonical result hash mismatch | MAX-G8.CAPACITY.02.mathematical.json: ValueError: Canonical result hash mismatch | MAX-G8.CHEBYSHEV.04.mathematical.json: ValueError: Canonical result hash mismatch | MAX-G8.SHARP.01.mathematical.json: ValueError: Canonical result hash mismatch	KILLED
MAX-G9.MUTANT.CLAIM	MAX-G9	formal/mutants/MAX-G9.MUTANT.CLAIM.json	result_specific_conclusion_change	Changes one registered exact consequence while retaining the result identity and declared scope.	MAX-G9.LAWTOENV.01	non_equivalent	KILLED	MAX-G9.CONVEX.03.mathematical.json: ValueError: Canonical result hash mismatch | MAX-G9.ENVTOLAW.02.mathematical.json: ValueError: Canonical result hash mismatch | MAX-G9.LAWTOENV.01.mathematical.json: ValueError: Canonical result hash mismatch	KILLED
SEL-F1.MUTANT.CLAIM	SEL-F1	formal/mutants/SEL-F1.MUTANT.CLAIM.json	result_specific_conclusion_change	Changes one registered exact consequence while retaining the result identity and declared scope.	SEL-F1.RAYS.01	non_equivalent	KILLED	SEL-F1.MEASURE.04.mathematical.json: ValueError: Canonical result hash mismatch | SEL-F1.RAYS.01.mathematical.json: ValueError: Canonical result hash mismatch | SEL-F1.SPHERE.02.mathematical.json: ValueError: Canonical result hash mismatch | SEL-F1.WITNESS.03.mathematical.json: ValueError: Canonical result hash mismatch	KILLED
SEL-F2.MUTANT.CLAIM	SEL-F2	formal/mutants/SEL-F2.MUTANT.CLAIM.json	result_specific_conclusion_change	Changes one registered exact consequence while retaining the result identity and declared scope.	SEL-F2.SCORES.01	non_equivalent	KILLED	SEL-F2.COMMONLAW.04.mathematical.json: ValueError: Canonical result hash mismatch | SEL-F2.EUCLIDEAN.02.mathematical.json: ValueError: Canonical result hash mismatch | SEL-F2.FROBENIUS.03.mathematical.json: ValueError: Canonical result hash mismatch | SEL-F2.SCORES.01.mathematical.json: ValueError: Canonical result hash mismatch	KILLED
SUP-E1.MUTANT.CLAIM	SUP-E1	formal/mutants/SUP-E1.MUTANT.CLAIM.json	result_specific_conclusion_change	Changes one registered exact consequence while retaining the result identity and declared scope.	SUP-E1.DERIVATIVE.01	non_equivalent	KILLED	SUP-E1.BOUND.02.mathematical.json: ValueError: Canonical result hash mismatch | SUP-E1.DERIVATIVE.01.mathematical.json: ValueError: Canonical result hash mismatch | SUP-E1.GENERAL.03.mathematical.json: ValueError: Canonical result hash mismatch	KILLED
SUP-E2.MUTANT.CLAIM	SUP-E2	formal/mutants/SUP-E2.MUTANT.CLAIM.json	result_specific_conclusion_change	Changes one registered exact consequence while retaining the result identity and declared scope.	SUP-E2.CONTRADICTION.01	non_equivalent	KILLED	SUP-E2.CONTRADICTION.01.mathematical.json: ValueError: Canonical result hash mismatch | SUP-E2.QUADRATIC.02.mathematical.json: ValueError: Canonical result hash mismatch | SUP-E2.ZEROEXTEND.03.mathematical.json: ValueError: Canonical result hash mismatch	KILLED
SUP-E3.MUTANT.CLAIM	SUP-E3	formal/mutants/SUP-E3.MUTANT.CLAIM.json	result_specific_conclusion_change	Changes one registered exact consequence while retaining the result identity and declared scope.	SUP-E3.ROOT.01	non_equivalent	KILLED	SUP-E3.ENERGY.02.mathematical.json: ValueError: Canonical result hash mismatch | SUP-E3.EXISTENCE.03.mathematical.json: ValueError: Canonical result hash mismatch | SUP-E3.ROOT.01.mathematical.json: ValueError: Canonical result hash mismatch	KILLED
SUP-E4.MUTANT.CLAIM	SUP-E4	formal/mutants/SUP-E4.MUTANT.CLAIM.json	result_specific_conclusion_change	Changes one registered exact consequence while retaining the result identity and declared scope.	SUP-E4.COEFFICIENT.01	non_equivalent	KILLED	SUP-E4.COEFFICIENT.01.mathematical.json: ValueError: Canonical result hash mismatch | SUP-E4.METAPROOF.mathematical.json: ValueError: Canonical result hash mismatch | SUP-E4.REPAIR.02.mathematical.json: ValueError: Canonical result hash mismatch | SUP-E4.TRILEMMA.03.mathematical.json: ValueError: Canonical result hash mismatch	KILLED
CHG-B2.MUTANT.STRICT_TO_NONSTRICT	CHG-B2	formal/mutants/CHG-B2.MUTANT.STRICT_TO_NONSTRICT.json	strict_to_nonstrict	strict to nonstrict	CHG-B2.ASSUMPTIONS.01	non_equivalent	KILLED	CHG-B2.ANCHORS.05.mathematical.json: ValueError: Canonical result hash mismatch | CHG-B2.ASSUMPTIONS.01.mathematical.json: ValueError: Canonical result hash mismatch | CHG-B2.BOUNDARY.04.mathematical.json: ValueError: Canonical result hash mismatch | CHG-B2.EXTENSION.03.mathematical.json: ValueError: Canonical result hash mismatch | CHG-B2.KKT.02.mathematical.json: ValueError: Canonical result hash mismatch | CHG-B2.METAPROOF.mathematical.json: ValueError: Canonical result hash mismatch	KILLED
CHG-B2.MUTANT.NONSTRICT_TO_STRICT	CHG-B2	formal/mutants/CHG-B2.MUTANT.NONSTRICT_TO_STRICT.json	nonstrict_to_strict	nonstrict to strict	CHG-B2.ASSUMPTIONS.01	non_equivalent	KILLED	CHG-B2.ANCHORS.05.mathematical.json: ValueError: Canonical result hash mismatch | CHG-B2.ASSUMPTIONS.01.mathematical.json: ValueError: Canonical result hash mismatch | CHG-B2.BOUNDARY.04.mathematical.json: ValueError: Canonical result hash mismatch | CHG-B2.EXTENSION.03.mathematical.json: ValueError: Canonical result hash mismatch | CHG-B2.KKT.02.mathematical.json: ValueError: Canonical result hash mismatch | CHG-B2.METAPROOF.mathematical.json: ValueError: Canonical result hash mismatch	KILLED
CHG-B2.MUTANT.POSITIVE_TO_NONNEGATIVE	CHG-B2	formal/mutants/CHG-B2.MUTANT.POSITIVE_TO_NONNEGATIVE.json	positive_to_nonnegative	positive to nonnegative	CHG-B2.ASSUMPTIONS.01	non_equivalent	KILLED	CHG-B2.ANCHORS.05.mathematical.json: ValueError: Canonical result hash mismatch | CHG-B2.ASSUMPTIONS.01.mathematical.json: ValueError: Canonical result hash mismatch | CHG-B2.BOUNDARY.04.mathematical.json: ValueError: Canonical result hash mismatch | CHG-B2.EXTENSION.03.mathematical.json: ValueError: Canonical result hash mismatch | CHG-B2.KKT.02.mathematical.json: ValueError: Canonical result hash mismatch | CHG-B2.METAPROOF.mathematical.json: ValueError: Canonical result hash mismatch	KILLED
MAX-G1.MUTANT.OMITTED_CANDIDATE_MULTIPLICITY	MAX-G1	formal/mutants/MAX-G1.MUTANT.OMITTED_CANDIDATE_MULTIPLICITY.json	omitted_candidate_multiplicity	omitted candidate multiplicity	MAX-G1.CARRIER.01	non_equivalent	KILLED	MAX-G1.CARRIER.01.mathematical.json: ValueError: Canonical result hash mismatch | MAX-G1.CLEAR.02.mathematical.json: ValueError: Canonical result hash mismatch | MAX-G1.CLOSURE.03.mathematical.json: ValueError: Canonical result hash mismatch	KILLED
MAX-G1.MUTANT.OMITTED_BASE_MASS	MAX-G1	formal/mutants/MAX-G1.MUTANT.OMITTED_BASE_MASS.json	omitted_base_mass	omitted base mass	MAX-G1.CARRIER.01	non_equivalent	KILLED	MAX-G1.CARRIER.01.mathematical.json: ValueError: Canonical result hash mismatch | MAX-G1.CLEAR.02.mathematical.json: ValueError: Canonical result hash mismatch | MAX-G1.CLOSURE.03.mathematical.json: ValueError: Canonical result hash mismatch	KILLED
MAX-G2.MUTANT.REVERSED_PROBABILITY_CROSS_PRODUCT	MAX-G2	formal/mutants/MAX-G2.MUTANT.REVERSED_PROBABILITY_CROSS_PRODUCT.json	reversed_probability_cross_product	reversed probability cross product	MAX-G2.ANCHOR.01	non_equivalent	KILLED	MAX-G2.ANCHOR.01.mathematical.json: ValueError: Canonical result hash mismatch | MAX-G2.ORDER.02.mathematical.json: ValueError: Canonical result hash mismatch	KILLED
MAX-G2.MUTANT.MISSING_NORMALIZATION	MAX-G2	formal/mutants/MAX-G2.MUTANT.MISSING_NORMALIZATION.json	missing_normalization	missing normalization	MAX-G2.ANCHOR.01	non_equivalent	KILLED	MAX-G2.ANCHOR.01.mathematical.json: ValueError: Canonical result hash mismatch | MAX-G2.ORDER.02.mathematical.json: ValueError: Canonical result hash mismatch	KILLED
CHG-B2.MUTANT.WRONG_ACTIVE_SET_SIZE	CHG-B2	formal/mutants/CHG-B2.MUTANT.WRONG_ACTIVE_SET_SIZE.json	wrong_active_set_size	wrong active set size	CHG-B2.ASSUMPTIONS.01	non_equivalent	KILLED	CHG-B2.ANCHORS.05.mathematical.json: ValueError: Canonical result hash mismatch | CHG-B2.ASSUMPTIONS.01.mathematical.json: ValueError: Canonical result hash mismatch | CHG-B2.BOUNDARY.04.mathematical.json: ValueError: Canonical result hash mismatch | CHG-B2.EXTENSION.03.mathematical.json: ValueError: Canonical result hash mismatch | CHG-B2.KKT.02.mathematical.json: ValueError: Canonical result hash mismatch | CHG-B2.METAPROOF.mathematical.json: ValueError: Canonical result hash mismatch	KILLED
CHG-B9.MUTANT.P_SUBSTITUTED_FOR_Q	CHG-B9	formal/mutants/CHG-B9.MUTANT.P_SUBSTITUTED_FOR_Q.json	p_substituted_for_q	p substituted for q	CHG-B9.NORMALIZE.01	non_equivalent	KILLED	CHG-B9.GAPS.02.mathematical.json: ValueError: Canonical result hash mismatch | CHG-B9.METAPROOF.mathematical.json: ValueError: Canonical result hash mismatch | CHG-B9.NORMALIZE.01.mathematical.json: ValueError: Canonical result hash mismatch | CHG-B9.PROFILE.03.mathematical.json: ValueError: Canonical result hash mismatch	KILLED
CHG-B2.MUTANT.WRONG_FIRST_ZERO_BOUNDARY_SIDE	CHG-B2	formal/mutants/CHG-B2.MUTANT.WRONG_FIRST_ZERO_BOUNDARY_SIDE.json	wrong_first_zero_boundary_side	wrong first zero boundary side	CHG-B2.ASSUMPTIONS.01	non_equivalent	KILLED	CHG-B2.ANCHORS.05.mathematical.json: ValueError: Canonical result hash mismatch | CHG-B2.ASSUMPTIONS.01.mathematical.json: ValueError: Canonical result hash mismatch | CHG-B2.BOUNDARY.04.mathematical.json: ValueError: Canonical result hash mismatch | CHG-B2.EXTENSION.03.mathematical.json: ValueError: Canonical result hash mismatch | CHG-B2.KKT.02.mathematical.json: ValueError: Canonical result hash mismatch | CHG-B2.METAPROOF.mathematical.json: ValueError: Canonical result hash mismatch	KILLED
CHG-B2.MUTANT.MISSING_ZERO_TAIL	CHG-B2	formal/mutants/CHG-B2.MUTANT.MISSING_ZERO_TAIL.json	missing_zero_tail	missing zero tail	CHG-B2.ASSUMPTIONS.01	non_equivalent	KILLED	CHG-B2.ANCHORS.05.mathematical.json: ValueError: Canonical result hash mismatch | CHG-B2.ASSUMPTIONS.01.mathematical.json: ValueError: Canonical result hash mismatch | CHG-B2.BOUNDARY.04.mathematical.json: ValueError: Canonical result hash mismatch | CHG-B2.EXTENSION.03.mathematical.json: ValueError: Canonical result hash mismatch | CHG-B2.KKT.02.mathematical.json: ValueError: Canonical result hash mismatch | CHG-B2.METAPROOF.mathematical.json: ValueError: Canonical result hash mismatch	KILLED
CHG-B2.MUTANT.CHANGED_KKT_MULTIPLIER_SIGN	CHG-B2	formal/mutants/CHG-B2.MUTANT.CHANGED_KKT_MULTIPLIER_SIGN.json	changed_kkt_multiplier_sign	changed kkt multiplier sign	CHG-B2.ASSUMPTIONS.01	non_equivalent	KILLED	CHG-B2.ANCHORS.05.mathematical.json: ValueError: Canonical result hash mismatch | CHG-B2.ASSUMPTIONS.01.mathematical.json: ValueError: Canonical result hash mismatch | CHG-B2.BOUNDARY.04.mathematical.json: ValueError: Canonical result hash mismatch | CHG-B2.EXTENSION.03.mathematical.json: ValueError: Canonical result hash mismatch | CHG-B2.KKT.02.mathematical.json: ValueError: Canonical result hash mismatch | CHG-B2.METAPROOF.mathematical.json: ValueError: Canonical result hash mismatch	KILLED
SEL-F2.MUTANT.REMOVED_MATCHED_ROW	SEL-F2	formal/mutants/SEL-F2.MUTANT.REMOVED_MATCHED_ROW.json	removed_matched_row	removed matched row	SEL-F2.SCORES.01	non_equivalent	KILLED	SEL-F2.COMMONLAW.04.mathematical.json: ValueError: Canonical result hash mismatch | SEL-F2.EUCLIDEAN.02.mathematical.json: ValueError: Canonical result hash mismatch | SEL-F2.FROBENIUS.03.mathematical.json: ValueError: Canonical result hash mismatch | SEL-F2.SCORES.01.mathematical.json: ValueError: Canonical result hash mismatch	KILLED
FIN-A3.MUTANT.ACCIDENTAL_ANSWER_TYPE_COERCION	FIN-A3	formal/mutants/FIN-A3.MUTANT.ACCIDENTAL_ANSWER_TYPE_COERCION.json	accidental_answer_type_coercion	accidental answer type coercion	FIN-A3.MARGINALS.01	non_equivalent	KILLED	FIN-A3.EDGECASES.03.mathematical.json: ValueError: Finite replay proof goal FIN-A3.MARGINALS.01 differs from its trusted exact algorithm | FIN-A3.MARGINALS.01.mathematical.json: ValueError: Proof record proves a different proof-goal claim | FIN-A3.NONTERMINATION.02.mathematical.json: ValueError: Finite replay proof goal FIN-A3.MARGINALS.01 differs from its trusted exact algorithm | FIN-A3.TYPES.04.mathematical.json: ValueError: Finite replay proof goal FIN-A3.MARGINALS.01 differs from its trusted exact algorithm	KILLED
FIN-A3.MUTANT.MISSING_SERIAL_NONTERMINATION_MASS	FIN-A3	formal/mutants/FIN-A3.MUTANT.MISSING_SERIAL_NONTERMINATION_MASS.json	missing_serial_nontermination_mass	missing serial nontermination mass	FIN-A3.MARGINALS.01	non_equivalent	KILLED	FIN-A3.EDGECASES.03.mathematical.json: ValueError: Canonical result hash mismatch | FIN-A3.MARGINALS.01.mathematical.json: ValueError: Canonical result hash mismatch | FIN-A3.METAPROOF.mathematical.json: ValueError: Canonical result hash mismatch | FIN-A3.NONTERMINATION.02.mathematical.json: ValueError: Canonical result hash mismatch | FIN-A3.TYPES.04.mathematical.json: ValueError: Canonical result hash mismatch	KILLED
CALC-F1.MUTANT.DISPLAYED_SUPPORT_FOR_COMPLETE_GEN	CALC-F1	formal/mutants/CALC-F1.MUTANT.DISPLAYED_SUPPORT_FOR_COMPLETE_GEN.json	displayed_support_for_complete_gen	displayed support for complete gen	CALC-F1.ADMISSION.01	non_equivalent	KILLED	CALC-F1.ADMISSION.01.mathematical.json: ValueError: Canonical result hash mismatch | CALC-F1.METAPROOF.mathematical.json: ValueError: Canonical result hash mismatch | CALC-F1.PROGRESS.02.mathematical.json: ValueError: Canonical result hash mismatch | CALC-F1.REFUSALS.05.mathematical.json: ValueError: Canonical result hash mismatch | CALC-F1.TERMINATION.04.mathematical.json: ValueError: Canonical result hash mismatch | CALC-F1.WITNESS.03.mathematical.json: ValueError: Canonical result hash mismatch	KILLED
APP-MCC-GRID.MUTANT.PLOTTED_GRID_FOR_CONTINUUM	APP-MCC-GRID	formal/mutants/APP-MCC-GRID.MUTANT.PLOTTED_GRID_FOR_CONTINUUM.json	plotted_grid_for_continuum	plotted grid for continuum	APP-MCC-GRID.CONTINUUM.01	non_equivalent	KILLED	APP-MCC-GRID.CONTINUUM.01.mathematical.json: ValueError: Canonical result hash mismatch | APP-MCC-GRID.LATTICE.02.mathematical.json: ValueError: Canonical result hash mismatch | APP-MCC-GRID.VERDICT.03.mathematical.json: ValueError: Canonical result hash mismatch	KILLED
MAX-G3.MUTANT.DELETED_REDUCTION_TAG	MAX-G3	formal/mutants/MAX-G3.MUTANT.DELETED_REDUCTION_TAG.json	deleted_reduction_tag	deleted reduction tag	MAX-G3.RESIDUAL.01	non_equivalent	KILLED	MAX-G3.CHAIN.02.mathematical.json: ValueError: Canonical result hash mismatch | MAX-G3.REDUCTION.03.mathematical.json: ValueError: Canonical result hash mismatch | MAX-G3.RESIDUAL.01.mathematical.json: ValueError: Canonical result hash mismatch	KILLED
MAX-G4.MUTANT.DUPLICATE_ROWS_ALLOWED	MAX-G4	formal/mutants/MAX-G4.MUTANT.DUPLICATE_ROWS_ALLOWED.json	duplicate_rows_allowed	duplicate rows allowed	MAX-G4.REVERSAL.01	non_equivalent	KILLED	MAX-G4.COMPLEXITY.04.mathematical.json: ValueError: Canonical result hash mismatch | MAX-G4.MULTISET.03.mathematical.json: ValueError: Canonical result hash mismatch | MAX-G4.REVERSAL.01.mathematical.json: ValueError: Canonical result hash mismatch | MAX-G4.TIE.02.mathematical.json: ValueError: Canonical result hash mismatch	KILLED
SEL-F2.MUTANT.REMOVED_SOURCE_ASSUMPTION	SEL-F2	formal/mutants/SEL-F2.MUTANT.REMOVED_SOURCE_ASSUMPTION.json	removed_source_assumption	removed source assumption	SEL-F2.SCORES.01	non_equivalent	KILLED	SEL-F2.COMMONLAW.04.mathematical.json: ValueError: Canonical result hash mismatch | SEL-F2.EUCLIDEAN.02.mathematical.json: ValueError: Canonical result hash mismatch | SEL-F2.FROBENIUS.03.mathematical.json: ValueError: Canonical result hash mismatch | SEL-F2.SCORES.01.mathematical.json: ValueError: Canonical result hash mismatch	KILLED
CALC-F1.MUTANT.SINGLE_WITNESS_FOR_COMPLETE_WITNESS_SET	CALC-F1	formal/mutants/CALC-F1.MUTANT.SINGLE_WITNESS_FOR_COMPLETE_WITNESS_SET.json	single_witness_for_complete_witness_set	single witness for complete witness set	CALC-F1.ADMISSION.01	non_equivalent	KILLED	CALC-F1.ADMISSION.01.mathematical.json: ValueError: Canonical result hash mismatch | CALC-F1.METAPROOF.mathematical.json: ValueError: Canonical result hash mismatch | CALC-F1.PROGRESS.02.mathematical.json: ValueError: Canonical result hash mismatch | CALC-F1.REFUSALS.05.mathematical.json: ValueError: Canonical result hash mismatch | CALC-F1.TERMINATION.04.mathematical.json: ValueError: Canonical result hash mismatch | CALC-F1.WITNESS.03.mathematical.json: ValueError: Canonical result hash mismatch	KILLED
APP-MCC-GRID.MUTANT.ROUNDED_DECIMAL_FOR_EXACT_RATIONAL	APP-MCC-GRID	formal/mutants/APP-MCC-GRID.MUTANT.ROUNDED_DECIMAL_FOR_EXACT_RATIONAL.json	rounded_decimal_for_exact_rational	rounded decimal for exact rational	APP-MCC-GRID.CONTINUUM.01	non_equivalent	KILLED	APP-MCC-GRID.CONTINUUM.01.mathematical.json: ValueError: Canonical result hash mismatch | APP-MCC-GRID.LATTICE.02.mathematical.json: ValueError: Canonical result hash mismatch | APP-MCC-GRID.VERDICT.03.mathematical.json: ValueError: Canonical result hash mismatch	KILLED
