proof_id	result_id	proof_goal_id	proof_method	path	sha256	formal_statement_sha256	claim_sha256	foundation_dependencies	result_dependencies	python_replay_status
APP-BASIC.REUSE.01.PROOF	APP-BASIC	APP-BASIC.REUSE.01	ExactApplicationProof	formal/proofs/APP-BASIC.REUSE.01.mathematical.json	b2f256e02e5c09e8a659d49b8717318125c3e91767c1d55f98fcb764dcab8ef9	14c3f3c79200ded31c7f33dd7dec214994a854463aedb67ba01d12fc8dfa912f	14990d6b95c2f1b3f31f2df97a25709f6ac46506f862c6a65d62c569f82dc748	FOUND-FINITE-001;FOUND-REAL-001	MAX-G6	PASS
APP-MCC-COMP.COUNTS.01.PROOF	APP-MCC-COMP	APP-MCC-COMP.COUNTS.01	ExactApplicationProof	formal/proofs/APP-MCC-COMP.COUNTS.01.mathematical.json	0c8b6e182c983b2267e3a0a5c85e375b4ee6c0c3d686b4bd7984833c96a39815	f796d0bb669392ebfeca06ca2fd90c4974d048417fb9154e496855eece25d87e	ebd5e2d70d6b48a971a25be75da40a95b12c2dde211e5d43ee79f76ef6f9d79b	FOUND-FINITE-001;FOUND-REAL-001	CHG-B2;FIN-A7	PASS
APP-MCC-COMP.PARAMETER.02.PROOF	APP-MCC-COMP	APP-MCC-COMP.PARAMETER.02	ExactApplicationProof	formal/proofs/APP-MCC-COMP.PARAMETER.02.mathematical.json	85ef6003c6008beb1830d59c5fcd2bf2944f24d2677e6fe3fca34227ecda747c	f796d0bb669392ebfeca06ca2fd90c4974d048417fb9154e496855eece25d87e	0cdeb91dd0ae567535dfd357b2bf6eaf390b56df292c6bd56c8063514784975d	FOUND-FINITE-001;FOUND-REAL-001	CHG-B2;FIN-A7	PASS
APP-MCC-COMP.TYPE.03.PROOF	APP-MCC-COMP	APP-MCC-COMP.TYPE.03	ExactApplicationProof	formal/proofs/APP-MCC-COMP.TYPE.03.mathematical.json	494024a275e6e38629c07b3deb3cd1f15d1c10511701eb4e0b9ab4c2431f048d	f796d0bb669392ebfeca06ca2fd90c4974d048417fb9154e496855eece25d87e	2eb395ed68c7cdd6bed16b01129e463b3b965490c64b5fe5bc41a985df807158	FOUND-FINITE-001;FOUND-REAL-001	CHG-B2;FIN-A7	PASS
APP-MCC-GRID.CONTINUUM.01.PROOF	APP-MCC-GRID	APP-MCC-GRID.CONTINUUM.01	ExactApplicationProof	formal/proofs/APP-MCC-GRID.CONTINUUM.01.mathematical.json	92ba6203f3059c831f075d62e663558140452f88c1d0fb9727d21483b1299b4c	f019672b48a6274c318e071b932758ce3fcc6e267c2ca55354bd0be2f0889893	3c5a5b3fb1fbf45806f00a68107b534a6c8bd7fb2838509401873605f36e355c	FOUND-FINITE-001;FOUND-REAL-001	CHG-B4;CHG-B6	PASS
APP-MCC-GRID.LATTICE.02.PROOF	APP-MCC-GRID	APP-MCC-GRID.LATTICE.02	ExactApplicationProof	formal/proofs/APP-MCC-GRID.LATTICE.02.mathematical.json	da6b2e5b2cd3ea8f3d3b5a3753ae1b9e2148bcb3564121e8f5aa841e1cb418ef	f019672b48a6274c318e071b932758ce3fcc6e267c2ca55354bd0be2f0889893	2e1c815083dada2295995c42495078bba21d1ea0824f872068c1abf70e591928	FOUND-FINITE-001;FOUND-REAL-001	CHG-B4;CHG-B6	PASS
APP-MCC-GRID.VERDICT.03.PROOF	APP-MCC-GRID	APP-MCC-GRID.VERDICT.03	ExactApplicationProof	formal/proofs/APP-MCC-GRID.VERDICT.03.mathematical.json	34a4fe91ba0d0b9d4f93366253ebcf6bc968b20f29a3a3b4ff240e23aa4a82dd	f019672b48a6274c318e071b932758ce3fcc6e267c2ca55354bd0be2f0889893	3f7ac1ecc13c4a1c48491d5a2ec22098b963e739b3d1a2e1b335bc93eda3be83	FOUND-FINITE-001;FOUND-REAL-001	CHG-B4;CHG-B6	PASS
APP-MCC-LENGTH.ANCHORS.01.PROOF	APP-MCC-LENGTH	APP-MCC-LENGTH.ANCHORS.01	ExactApplicationProof	formal/proofs/APP-MCC-LENGTH.ANCHORS.01.mathematical.json	b4dfce02e9655b08e9fe05106bf98469833921b15d8916efacb583b6b5ed1929	b32a629b1c0b6eebb7793055a673c171ac067c583193e1dd3c9ce87d0df4894f	2571e23f3558832531b65c34656f8228909c55e598f2a5f5ffec453db0cb7981	FOUND-FINITE-001;FOUND-REAL-001	CHG-B2;CHG-B3	PASS
APP-MCC-LENGTH.ONEFOLLOWER.02.PROOF	APP-MCC-LENGTH	APP-MCC-LENGTH.ONEFOLLOWER.02	ExactApplicationProof	formal/proofs/APP-MCC-LENGTH.ONEFOLLOWER.02.mathematical.json	530ad05515eddf07d10b8b3d10a6d848d474e02efc5c4e4e25714f0ddc995845	b32a629b1c0b6eebb7793055a673c171ac067c583193e1dd3c9ce87d0df4894f	744092ce93bff9bec58d8d1b103a55c886c1715ba1bbb921cc1eece02c5a6549	FOUND-FINITE-001;FOUND-REAL-001	CHG-B2;CHG-B3	PASS
CALC-F1.ADMISSION.01.FINITE-SEMANTIC.PROOF	CALC-F1	CALC-F1.ADMISSION.01	FiniteSemanticProof	formal/proofs/CALC-F1.ADMISSION.01.mathematical.json	57a81bf21bfe076f959cd828f121c4f8286430829c4801bd84e4621dad0827b6	14564da8100357eeb05a513662f0a987f19f3192ff9fec474eee1f87123a4cca	30851d0ca52950faf408cd289ec9243bdf3615cd514dfbbcc2ab9b8ba78f3290	FOUND-LOGIC-001;FOUND-FINITE-001;FOUND-PARTITION-001;FOUND-TERMINATION-001	CALC-R01;CALC-R02;CALC-R03;CALC-R04;CALC-R05;CALC-R06;CALC-R07;CALC-R08;CALC-R09;CALC-R10;CALC-R11;CALC-R12;CALC-R13;CALC-R14;CALC-R15	PASS
CALC-F1.METAPROOF.LEAN.PROOF	CALC-F1	CALC-F1.METAPROOF	LeanKernelProof	formal/proofs/CALC-F1.METAPROOF.mathematical.json	41b4577919da4298a037de30a6b113c4f49c81909f973b57f93af787dd26c849	14564da8100357eeb05a513662f0a987f19f3192ff9fec474eee1f87123a4cca	647f9a85a5221c81d98e6698562e30fd95117a1963994518dc46abd7a0585fef	FOUND-LOGIC-001;FOUND-FINITE-001;FOUND-PARTITION-001;FOUND-TERMINATION-001	CALC-R01;CALC-R02;CALC-R03;CALC-R04;CALC-R05;CALC-R06;CALC-R07;CALC-R08;CALC-R09;CALC-R10;CALC-R11;CALC-R12;CALC-R13;CALC-R14;CALC-R15	PASS
CALC-F1.PROGRESS.02.FINITE-SEMANTIC.PROOF	CALC-F1	CALC-F1.PROGRESS.02	FiniteSemanticProof	formal/proofs/CALC-F1.PROGRESS.02.mathematical.json	6e6fc94eaafe29c492c01a0b9b8a68d46991ce2df8569af51c15b65966a2c642	14564da8100357eeb05a513662f0a987f19f3192ff9fec474eee1f87123a4cca	62a8588ef10000a912dc99882643dec087aeea38796a2f0b1d884472a358818a	FOUND-LOGIC-001;FOUND-FINITE-001;FOUND-PARTITION-001;FOUND-TERMINATION-001	CALC-R01;CALC-R02;CALC-R03;CALC-R04;CALC-R05;CALC-R06;CALC-R07;CALC-R08;CALC-R09;CALC-R10;CALC-R11;CALC-R12;CALC-R13;CALC-R14;CALC-R15	PASS
CALC-F1.REFUSALS.05.FINITE-SEMANTIC.PROOF	CALC-F1	CALC-F1.REFUSALS.05	FiniteSemanticProof	formal/proofs/CALC-F1.REFUSALS.05.mathematical.json	a58b2f6b908ffbd828bc0c56f837af252380ab49c13e3cb9d2c37181b94c399e	14564da8100357eeb05a513662f0a987f19f3192ff9fec474eee1f87123a4cca	7702b98d021b0c224b6478375ce1c26ce36c820123dcffcd75f13b3073392cca	FOUND-LOGIC-001;FOUND-FINITE-001;FOUND-PARTITION-001;FOUND-TERMINATION-001	CALC-R01;CALC-R02;CALC-R03;CALC-R04;CALC-R05;CALC-R06;CALC-R07;CALC-R08;CALC-R09;CALC-R10;CALC-R11;CALC-R12;CALC-R13;CALC-R14;CALC-R15	PASS
CALC-F1.TERMINATION.04.FINITE-SEMANTIC.PROOF	CALC-F1	CALC-F1.TERMINATION.04	FiniteSemanticProof	formal/proofs/CALC-F1.TERMINATION.04.mathematical.json	270a1bd6e672ffa6368f2c41726f72c04893837fcc8c7f218773ca7a85a8374d	14564da8100357eeb05a513662f0a987f19f3192ff9fec474eee1f87123a4cca	3095c8abb93ec4f22f47c388f0cce24ee9643f0695acea5f16832dfac3c3d540	FOUND-LOGIC-001;FOUND-FINITE-001;FOUND-PARTITION-001;FOUND-TERMINATION-001	CALC-R01;CALC-R02;CALC-R03;CALC-R04;CALC-R05;CALC-R06;CALC-R07;CALC-R08;CALC-R09;CALC-R10;CALC-R11;CALC-R12;CALC-R13;CALC-R14;CALC-R15	PASS
CALC-F1.WITNESS.03.FINITE-SEMANTIC.PROOF	CALC-F1	CALC-F1.WITNESS.03	FiniteSemanticProof	formal/proofs/CALC-F1.WITNESS.03.mathematical.json	837e38a1fc082ca08d7adda94aeab5405e2e25308430d7ddebced4029f276b25	14564da8100357eeb05a513662f0a987f19f3192ff9fec474eee1f87123a4cca	79137ded16d809558d4474fb8d80476d70d426a8a006bad59af09a137e6e92b2	FOUND-LOGIC-001;FOUND-FINITE-001;FOUND-PARTITION-001;FOUND-TERMINATION-001	CALC-R01;CALC-R02;CALC-R03;CALC-R04;CALC-R05;CALC-R06;CALC-R07;CALC-R08;CALC-R09;CALC-R10;CALC-R11;CALC-R12;CALC-R13;CALC-R14;CALC-R15	PASS
CALC-R01.PARTIAL.03.PROOF	CALC-R01	CALC-R01.PARTIAL.03	ExactFiniteComputationProof	formal/proofs/CALC-R01.PARTIAL.03.mathematical.json	7e3f1f078381c0e49231ac7056cf9c4de9119e3f21357dbd01bd152db979e1a7	1edd33e91dfb348e41d9dcc6da448f7c2af572fbb6cba0e9d24922e27a6d66cd	4a6882a034b87dd319bea996e46ef34c2b273b3140ab3ed84df92f86d32c22ac	FOUND-FINITE-001		PASS
CALC-R01.PARTITION.01.PROOF	CALC-R01	CALC-R01.PARTITION.01	ExactFiniteComputationProof	formal/proofs/CALC-R01.PARTITION.01.mathematical.json	bed31ca910efd60cf01fd486cdee008fa1b681ce7325da3a76596610bc75eb0b	1edd33e91dfb348e41d9dcc6da448f7c2af572fbb6cba0e9d24922e27a6d66cd	8388242d002393e629534714c6b785fcc7de57f9c1ce38c48329d0ace10d2adb	FOUND-FINITE-001		PASS
CALC-R01.SORTS.02.PROOF	CALC-R01	CALC-R01.SORTS.02	ExactFiniteComputationProof	formal/proofs/CALC-R01.SORTS.02.mathematical.json	8edb4d6b35e548f01c18458cd936a07eb0d70144d38f83f185846d4ffa7234bd	1edd33e91dfb348e41d9dcc6da448f7c2af572fbb6cba0e9d24922e27a6d66cd	bf2ed462c67fa2755111951112d116de9296b9d84286439a142240e1fd37dfbb	FOUND-FINITE-001		PASS
CALC-R02.COIMAGE.01.PROOF	CALC-R02	CALC-R02.COIMAGE.01	ExactFiniteComputationProof	formal/proofs/CALC-R02.COIMAGE.01.mathematical.json	8e71853f5d25cfe0ba744038ba00a9d21197b9c6bd781239dfffa962546437a5	2bea56a5e3744ebe39c01ed48c786776f2cf4b12cab5f6cbc6dcf3e0d641f58d	c02f81165b44d01bb602f010f2e1e0e1a885ae978a7d04cf4bca588f773f4ee6	FOUND-FINITE-001		PASS
CALC-R02.PARTIAL.02.PROOF	CALC-R02	CALC-R02.PARTIAL.02	ExactFiniteComputationProof	formal/proofs/CALC-R02.PARTIAL.02.mathematical.json	c904236e9364e06cb4c4d8f70619aef5afb86823509f419c64968401b43fa4b9	2bea56a5e3744ebe39c01ed48c786776f2cf4b12cab5f6cbc6dcf3e0d641f58d	91f3f791fa39ee9ecd0d67f1c4dd3a998d9b02f9f94dc35c696ca4539003340f	FOUND-FINITE-001		PASS
CALC-R03.REFUSAL.01.PROOF	CALC-R03	CALC-R03.REFUSAL.01	ExactFiniteComputationProof	formal/proofs/CALC-R03.REFUSAL.01.mathematical.json	de8a9ac403faaf21b7cba3a0f0510b02afa84e38d4fc7720f3330782467e1a78	b4e629cca9e1dbf241d21d13afc7a6bffe2c0073a1f319c104a1e0ad9245e863	1f479b14fdead41ae690336e453918512b7c6ab04ec8cb0ba404a967ea9b8572	FOUND-FINITE-001		PASS
CALC-R04.FRONTIER.02.PROOF	CALC-R04	CALC-R04.FRONTIER.02	ExactFiniteComputationProof	formal/proofs/CALC-R04.FRONTIER.02.mathematical.json	074b220e904b832924a293015aa10127412c751917149f0413ee0ad9d388f7db	6a97553125a9f4a3c38dbb80e299703f1ace7f919e21bb19dd2b4f636c3a0100	d8d2df3850b868ab191c9e73f91c4a16ac5a2f28cd4903e926347998e648b6f6	FOUND-FINITE-001		PASS
CALC-R04.SURJECTIVITY.01.PROOF	CALC-R04	CALC-R04.SURJECTIVITY.01	ExactFiniteComputationProof	formal/proofs/CALC-R04.SURJECTIVITY.01.mathematical.json	bec82915d1518052bffb270774c2ac48278e5a0878d3db563ebac8e5fc7bb8e0	6a97553125a9f4a3c38dbb80e299703f1ace7f919e21bb19dd2b4f636c3a0100	4ce589f53357fa3d0ce2df82fb9999118f5bbe5c033a5b10fec16a980d3d0540	FOUND-FINITE-001		PASS
CALC-R05.ORBIT.01.PROOF	CALC-R05	CALC-R05.ORBIT.01	ExactFiniteComputationProof	formal/proofs/CALC-R05.ORBIT.01.mathematical.json	08df1ba23623de46d65aa3923875f8781feadeb3654059a92ad5e35e0bd53717	2667bb63c33827f123f34e93224557ad08ed8282fff1b3c55cb5f831a58d0874	f07f58996e864684799f33be3cd8c881f5c8344cef75832bfe0510d2599785e3	FOUND-FINITE-001		PASS
CALC-R06.ORBITS.01.PROOF	CALC-R06	CALC-R06.ORBITS.01	ExactFiniteComputationProof	formal/proofs/CALC-R06.ORBITS.01.mathematical.json	c12e6761b06da9d4033177f7c803e7901416c2b66713a45e08029e44940fcf68	26c55ccdeee730941a66f403053564f7c22c93b943da53ee7913e92e74caa3ba	fdfa0a23f563437b4aafeac1b1d3d2be5fda3634027c5df19bab1eefd33f8a30	FOUND-FINITE-001		PASS
CALC-R07.OUTBOUND.01.PROOF	CALC-R07	CALC-R07.OUTBOUND.01	ExactFiniteComputationProof	formal/proofs/CALC-R07.OUTBOUND.01.mathematical.json	83ac744cdd693af96dda09e6ec1748f6ad5753b67377c86d83dcc2b12363fc9d	de1abcb39f7c26f26b2f4232bb7ac8d503b7a2bbb2722ecdd6671fa79bd7483e	f1bdedd070a7321e56cb5a98190362f9bcb1e3d6b272e7230be7b1672bcd655a	FOUND-FINITE-001		PASS
CALC-R08.STATUS.01.PROOF	CALC-R08	CALC-R08.STATUS.01	ExactFiniteComputationProof	formal/proofs/CALC-R08.STATUS.01.mathematical.json	5ea556115edbd573222a4e75b9dd462cc1c5c9a5cc3725c88e838ff80eec258a	8856b18b8b5fb3251271ba82e509339fe55c5bff78c028f3917b174c569d4308	31dffd30e7d15bda90fbae4627ef63da0b9f7c7c6ec839868165379510f66d22	FOUND-FINITE-001		PASS
CALC-R09.MASS.01.PROOF	CALC-R09	CALC-R09.MASS.01	ExactFiniteComputationProof	formal/proofs/CALC-R09.MASS.01.mathematical.json	d79e57a4114742a9cf3bbf593d5fb560e65e46557ceae13d19ab4f6f194c05f5	1101537f92f0ab8c124b0151677f4e5c379d7288bed28b7342029e982d0b647c	102ca93a6e470cbc2c3a7a0f82672ad5cd95f4c0f6b99aabdb082a47dd215ce0	FOUND-FINITE-001		PASS
CALC-R10.CYCLE.01.PROOF	CALC-R10	CALC-R10.CYCLE.01	ExactFiniteComputationProof	formal/proofs/CALC-R10.CYCLE.01.mathematical.json	591a1be87cbea4a0f8f6be5f2556eb6460e6f82246f4cb76e2fe7671aec5687b	244e9b9fa58bd321ca67eea82759c70ea43929145ab3a84df757e2c477704d80	93ea2ab816de8e0fc4494097c66e896d6cea9db9be4350b2cc751de5e4abfb29	FOUND-FINITE-001		PASS
CALC-R11.FIBRE.01.PROOF	CALC-R11	CALC-R11.FIBRE.01	ExactFiniteComputationProof	formal/proofs/CALC-R11.FIBRE.01.mathematical.json	e137715be8100b789f843b68ea7364b3302ff9db35f27d60ea6f0c8bb778736b	6d3fe1eef5d390df53e05f322362322a83fe793486d3feb7d98d0850ce6bb7d1	b16e21ea65513fd0b6f28fc277ccdde1d651a365de625ac2eb3e962e1160f464	FOUND-FINITE-001		PASS
CALC-R12.SERIES.01.PROOF	CALC-R12	CALC-R12.SERIES.01	GeometricSeriesProof	formal/proofs/CALC-R12.SERIES.01.mathematical.json	fa600febbc4a5abcc685aa3f112718d69effe331bef8c7eed67995daa1ff7575	383e649afef1468cfd4916e07e4bfbfc3160d2a0fa1d75d627e23f7801ea9410	0a42a210acf6193ad7134ceeee86eb1fb67f62387c92f2ab089377be9b13e4a9	FOUND-REAL-001;FOUND-LIMIT-001		PASS
CALC-R13.MISMATCH.01.PROOF	CALC-R13	CALC-R13.MISMATCH.01	ExactFiniteComputationProof	formal/proofs/CALC-R13.MISMATCH.01.mathematical.json	90f6d2bcdaa7478a0c9fd95f755447015258bb8dba947f539cadabe5439c94f1	92a76606d7bdee95d7032a8af8211b27c8032a1d9eeaff288c9869fb0356e689	dfde8d288dc29cd80dd79e7fcd0f80ee66f346726f7d86172baec9172356e8b0	FOUND-FINITE-001		PASS
CALC-R14.BELL.01.PROOF	CALC-R14	CALC-R14.BELL.01	ExactFiniteComputationProof	formal/proofs/CALC-R14.BELL.01.mathematical.json	e513a159595b8e3efc994a6fffbf658cad3b6bc6bb6143cb968e498c6d8bc160	433ee8da5c7a3c371ca8470c1ec307248d4387ec6512986a45ceb6297bd28382	3d3bfe76cb4aa80a5dab2116d45da31b0b744df0e12339633510d0de6fc8f9a7	FOUND-FINITE-001		PASS
CALC-R15.EXTERNAL.01.PROOF	CALC-R15	CALC-R15.EXTERNAL.01	ExactFiniteComputationProof	formal/proofs/CALC-R15.EXTERNAL.01.mathematical.json	18b6c568c8770c65df8ec1ff57707ab84b3638e25776f401dc79b897c20cb8f0	c79c6ff300b75f778f47bf65b53d3e5254748b91a6137736bee703647442118e	b11da8a1f5d0df1427dc8f8f204492a68be40f7c536c6132b275c9e9f3fb0c47	FOUND-FINITE-001		PASS
CHG-B1.CONVEX.03.SEMANTIC.PROOF	CHG-B1	CHG-B1.CONVEX.03	SemanticDerivationProof	formal/proofs/CHG-B1.CONVEX.03.mathematical.json	7a6585c9d57e15ac01471488b90d2c6b9fd698b10019edf47ed5a69205a2915b	7f262044bbadce98672029070f82f6587f3eeceb42d016c5f4be45055d8fd800	09bbd88422d223fc0a320c20dbec44ab3bde6917ecb751063aa9fac3d731b73a	FOUND-FINITE-001;FOUND-REAL-001;FOUND-CONVEX-001		PASS
CHG-B1.METAPROOF.LEAN.PROOF	CHG-B1	CHG-B1.METAPROOF	LeanKernelProof	formal/proofs/CHG-B1.METAPROOF.mathematical.json	bc33b957b3b17e030bccfbd918a50afc99206ec3a6e8f4dc66e7f4f8f8cc9911	7f262044bbadce98672029070f82f6587f3eeceb42d016c5f4be45055d8fd800	db09876e44cffbc7ce5cb826a99b0259aeee317e8d1ef6615e0c076091c2757f	FOUND-FINITE-001;FOUND-REAL-001;FOUND-CONVEX-001		PASS
CHG-B1.RUNMIN.01.SEMANTIC.PROOF	CHG-B1	CHG-B1.RUNMIN.01	SemanticDerivationProof	formal/proofs/CHG-B1.RUNMIN.01.mathematical.json	f786ae1f7bf41c9ff656eb8763dc044a8ddad2f166b6f4b6f42765beb5285e12	7f262044bbadce98672029070f82f6587f3eeceb42d016c5f4be45055d8fd800	af3ee39c2d4737b5384faa1a71c282e19c43ade60f8d0a5b7e723ed77c1caf1d	FOUND-FINITE-001;FOUND-REAL-001;FOUND-CONVEX-001		PASS
CHG-B1.SIMPLEX.02.SEMANTIC.PROOF	CHG-B1	CHG-B1.SIMPLEX.02	SemanticDerivationProof	formal/proofs/CHG-B1.SIMPLEX.02.mathematical.json	aecd45b7dacb4c79e861313fd14921c0b66a84e73cacf8b577979a4457c0f11c	7f262044bbadce98672029070f82f6587f3eeceb42d016c5f4be45055d8fd800	f68af52c1f9b3f6b102cca9e21ee653d6dd6d85cba71830eb70bf7a4984186ef	FOUND-FINITE-001;FOUND-REAL-001;FOUND-CONVEX-001		PASS
CHG-B10.BOUNDARY.03.SEMANTIC.PROOF	CHG-B10	CHG-B10.BOUNDARY.03	SemanticDerivationProof	formal/proofs/CHG-B10.BOUNDARY.03.mathematical.json	c9fa13fe8de58f0c03785835473e5a3de2e9c78ff3b424cb70b8e9081b080b85	3d7417072909554aa90bf8c65822d4435b02419ae2b38bae7d042e198708ff98	2040e07fab0d28b362e9a027c88552b4b84dfceebe75541beb6d90bc322bb302	FOUND-FINITE-001;FOUND-REAL-001;FOUND-CONVEX-001;FOUND-KKT-001;FOUND-LIMIT-001	CHG-B2	PASS
CHG-B10.EXTENSION.02.SEMANTIC.PROOF	CHG-B10	CHG-B10.EXTENSION.02	SemanticDerivationProof	formal/proofs/CHG-B10.EXTENSION.02.mathematical.json	dd64320e87fd2d1a52a26aa34f505b8da4be15b3d9087d476924e30b7a3e1dd0	3d7417072909554aa90bf8c65822d4435b02419ae2b38bae7d042e198708ff98	f556115c1490101630765b3f1ec0696700a4db22a3d7471adec1296220ca648c	FOUND-FINITE-001;FOUND-REAL-001;FOUND-CONVEX-001;FOUND-KKT-001;FOUND-LIMIT-001	CHG-B2	PASS
CHG-B10.METAPROOF.LEAN.PROOF	CHG-B10	CHG-B10.METAPROOF	LeanKernelProof	formal/proofs/CHG-B10.METAPROOF.mathematical.json	004a97a862c8b5b4adf712a3bb5ad0aefcd9d10b999f66e8f10c89341220d74d	3d7417072909554aa90bf8c65822d4435b02419ae2b38bae7d042e198708ff98	08c2516aae117bbc0ff71329c6a800ab01e3c199de01e7601e954a3f73e19810	FOUND-FINITE-001;FOUND-REAL-001;FOUND-CONVEX-001;FOUND-KKT-001;FOUND-LIMIT-001	CHG-B2	PASS
CHG-B10.MONOTONE.01.SEMANTIC.PROOF	CHG-B10	CHG-B10.MONOTONE.01	SemanticDerivationProof	formal/proofs/CHG-B10.MONOTONE.01.mathematical.json	503160e43f593c9c123b3e5be7e0027b66a078fa38abde7021d6d438d2e82073	3d7417072909554aa90bf8c65822d4435b02419ae2b38bae7d042e198708ff98	210be2d4bd8e79fe8d9201c11d66b9ed58e25ded7d3afabf18d67716687d94f0	FOUND-FINITE-001;FOUND-REAL-001;FOUND-CONVEX-001;FOUND-KKT-001;FOUND-LIMIT-001	CHG-B2	PASS
CHG-B11.METAPROOF.LEAN.PROOF	CHG-B11	CHG-B11.METAPROOF	LeanKernelProof	formal/proofs/CHG-B11.METAPROOF.mathematical.json	1e018a22b01d4a02decbd1813a502c18a0e27b3699c30372864b8e726a8b70e7	3678fd7d865494bf27e17499109966656bbd908681b58b6bc401c907d81f1dbb	c22b62fc2c2b3bd3065fc8c3a664c7fb49fef334e74bbb15f0201aa7ae94f3e7	FOUND-REAL-001;FOUND-CONVEX-001;FOUND-LIMIT-001	CHG-B2;CHG-B9	PASS
CHG-B11.PHASE.01.SEMANTIC.PROOF	CHG-B11	CHG-B11.PHASE.01	SemanticDerivationProof	formal/proofs/CHG-B11.PHASE.01.mathematical.json	e7c5a7326520d694f6d52d32cb64310ef962fb3cf32540d4ca8b092a3ea78ab6	3678fd7d865494bf27e17499109966656bbd908681b58b6bc401c907d81f1dbb	b9b692ae08b165889e8c9210d3c33ac345ee801c510cf0ed8fda888609f59b70	FOUND-REAL-001;FOUND-CONVEX-001;FOUND-LIMIT-001	CHG-B2;CHG-B9	PASS
CHG-B11.RATIO.02.SEMANTIC.PROOF	CHG-B11	CHG-B11.RATIO.02	SemanticDerivationProof	formal/proofs/CHG-B11.RATIO.02.mathematical.json	fa4a81b27b085f0728dfeaa1e9df3dde00bdcc3fb94713db3b062fadb9bbbbe2	3678fd7d865494bf27e17499109966656bbd908681b58b6bc401c907d81f1dbb	f31f7770dcaedef5ef4a09cc21b2ca1535c79c7370cd2a9fecbf7af79e85ac38	FOUND-REAL-001;FOUND-CONVEX-001;FOUND-LIMIT-001	CHG-B2;CHG-B9	PASS
CHG-B11.SCALE.04.SEMANTIC.PROOF	CHG-B11	CHG-B11.SCALE.04	SemanticDerivationProof	formal/proofs/CHG-B11.SCALE.04.mathematical.json	b84ce435c8d6a0baa58e88af13323f339a705a03d999e1b0268730c242251b19	3678fd7d865494bf27e17499109966656bbd908681b58b6bc401c907d81f1dbb	c38e79e032515900f227f06691a35b67d8fd4fa286dc525ed11953f0dd881422	FOUND-REAL-001;FOUND-CONVEX-001;FOUND-LIMIT-001	CHG-B2;CHG-B9	PASS
CHG-B11.TRIPLE.03.SEMANTIC.PROOF	CHG-B11	CHG-B11.TRIPLE.03	SemanticDerivationProof	formal/proofs/CHG-B11.TRIPLE.03.mathematical.json	babc85953e2f87ba8f404b37ef4bca91edc0b1187d6d5b2eb58c9832fa6240cc	3678fd7d865494bf27e17499109966656bbd908681b58b6bc401c907d81f1dbb	e1d6e5b3319e080147493ad791008d78a2a8bc02758ab8688eff7e83995b5ead	FOUND-REAL-001;FOUND-CONVEX-001;FOUND-LIMIT-001	CHG-B2;CHG-B9	PASS
CHG-B12.DENOMINATOR.02.SEMANTIC.PROOF	CHG-B12	CHG-B12.DENOMINATOR.02	SemanticDerivationProof	formal/proofs/CHG-B12.DENOMINATOR.02.mathematical.json	2d001ab8138ae75c42cfdd351a1341e66ef68f9d3e38ef370b61a4989b052583	f6a38e7f1b736882a25e9aa8d0fa647db29304efa79f19f37ec7b68965df6aaf	9f2e3c8c0443b240373c1a57a131d8526818d0da5ca56b0e6edf52f5052f1463	FOUND-FINITE-001;FOUND-REAL-001;FOUND-CONVEX-001;FOUND-LIMIT-001	CHG-B2	PASS
CHG-B12.METAPROOF.LEAN.PROOF	CHG-B12	CHG-B12.METAPROOF	LeanKernelProof	formal/proofs/CHG-B12.METAPROOF.mathematical.json	e2f072b34fab9ea382625b86a1bbb9d7540c79d77b8065be20880e3fdeab2100	f6a38e7f1b736882a25e9aa8d0fa647db29304efa79f19f37ec7b68965df6aaf	e848214ed659962d8f8fd756bbd0774589f1717bcbbe6bfcc0048aba048b5399	FOUND-FINITE-001;FOUND-REAL-001;FOUND-CONVEX-001;FOUND-LIMIT-001	CHG-B2	PASS
CHG-B12.SEQUENCE.01.SEMANTIC.PROOF	CHG-B12	CHG-B12.SEQUENCE.01	SemanticDerivationProof	formal/proofs/CHG-B12.SEQUENCE.01.mathematical.json	9be83513ec18edb24c21ed99b4d5aaba8a1f7a0f60327818f877e79202d17d3d	f6a38e7f1b736882a25e9aa8d0fa647db29304efa79f19f37ec7b68965df6aaf	503227d4b6d915e8a95e0b1335a3cff253962fa67e5cb953d8659615c02a9873	FOUND-FINITE-001;FOUND-REAL-001;FOUND-CONVEX-001;FOUND-LIMIT-001	CHG-B2	PASS
CHG-B13.DENSITY.02.SEMANTIC.PROOF	CHG-B13	CHG-B13.DENSITY.02	SemanticDerivationProof	formal/proofs/CHG-B13.DENSITY.02.mathematical.json	274f7a95f22a95b7f6d085036720208024b410212d1c0b3f4f29a3efd2bb2af9	66b25e95ff6c7f35a3ab560af9bd148c58dc94f82432d6967ee8a6e8287f6854	b6021801301341fd7e22299621ff240b21ae654b9b1e79065664c799617b53db	FOUND-FINITE-001;FOUND-REAL-001;FOUND-LIMIT-001	CHG-B2;CHG-B9	PASS
CHG-B13.METAPROOF.LEAN.PROOF	CHG-B13	CHG-B13.METAPROOF	LeanKernelProof	formal/proofs/CHG-B13.METAPROOF.mathematical.json	41ef9d498218bf122ab94cc73b2e7750eb197b30dd7a9ab24babc05fcdd9fb24	66b25e95ff6c7f35a3ab560af9bd148c58dc94f82432d6967ee8a6e8287f6854	e2f2de5fd60e9b7b6fc23492d93bed463dc68fd59899ec36e78e8054924725d5	FOUND-FINITE-001;FOUND-REAL-001;FOUND-LIMIT-001	CHG-B2;CHG-B9	PASS
CHG-B13.PARABOLA.01.SEMANTIC.PROOF	CHG-B13	CHG-B13.PARABOLA.01	SemanticDerivationProof	formal/proofs/CHG-B13.PARABOLA.01.mathematical.json	fce79fb702def33034e6ccd3b9e6850580027f701cb8159b83408080a4d55287	66b25e95ff6c7f35a3ab560af9bd148c58dc94f82432d6967ee8a6e8287f6854	3bf19690f027224c2ccfc84e508ec8dd7ea88bfe32a6b7838adfcdb46db101b5	FOUND-FINITE-001;FOUND-REAL-001;FOUND-LIMIT-001	CHG-B2;CHG-B9	PASS
CHG-B13.QUANTILE.03.SEMANTIC.PROOF	CHG-B13	CHG-B13.QUANTILE.03	SemanticDerivationProof	formal/proofs/CHG-B13.QUANTILE.03.mathematical.json	4c0746a5b39ffa86efa087e30ed88609f545a9b2c44c37d21208bc834e0e711b	66b25e95ff6c7f35a3ab560af9bd148c58dc94f82432d6967ee8a6e8287f6854	e8da567e14f6e6e0ff9c6d43da0993e5f81a3539d4bf481c9b0865201798f34b	FOUND-FINITE-001;FOUND-REAL-001;FOUND-LIMIT-001	CHG-B2;CHG-B9	PASS
CHG-B14.COEFFICIENT.02.SEMANTIC.PROOF	CHG-B14	CHG-B14.COEFFICIENT.02	SemanticDerivationProof	formal/proofs/CHG-B14.COEFFICIENT.02.mathematical.json	2655cbf4b496427f3cc02c2fecb9267a45cdf7866a02dba30ff6d6d5bb89c7a0	d4f9fefa43ed762b250d43a16cb5569cea37d41d69897ac95458020b00c61dbd	312f63806612d22600b0a5fc0a31ced9d5fa512924e7170ffec7bea6c005f5e1	FOUND-FINITE-001;FOUND-REAL-001;FOUND-LIMIT-001	CHG-B2;CHG-B9	PASS
CHG-B14.CONTINUITY.03.SEMANTIC.PROOF	CHG-B14	CHG-B14.CONTINUITY.03	SemanticDerivationProof	formal/proofs/CHG-B14.CONTINUITY.03.mathematical.json	3578512b33c81ee1234bb3c2e5025a6293b56d4f2ecccc7e728efba1fc5decfa	d4f9fefa43ed762b250d43a16cb5569cea37d41d69897ac95458020b00c61dbd	575bd27141507752c6fcee4630fd1808873b99dcbc8dca8cde56f0c605bdcffc	FOUND-FINITE-001;FOUND-REAL-001;FOUND-LIMIT-001	CHG-B2;CHG-B9	PASS
CHG-B14.METAPROOF.LEAN.PROOF	CHG-B14	CHG-B14.METAPROOF	LeanKernelProof	formal/proofs/CHG-B14.METAPROOF.mathematical.json	4f49ba98465b509dc63927122a8886e4deeb7646ba3b6a41c536426a5fb86d80	d4f9fefa43ed762b250d43a16cb5569cea37d41d69897ac95458020b00c61dbd	6a28cf8f71c092b315c4eb292838493e08884aafe4ee95abf5c5d7f79ef58b90	FOUND-FINITE-001;FOUND-REAL-001;FOUND-LIMIT-001	CHG-B2;CHG-B9	PASS
CHG-B14.REGIMES.01.SEMANTIC.PROOF	CHG-B14	CHG-B14.REGIMES.01	SemanticDerivationProof	formal/proofs/CHG-B14.REGIMES.01.mathematical.json	00af098b7945b86960bf7d9a45f7592b174285b16b363fcfb6e31542cd2c5537	d4f9fefa43ed762b250d43a16cb5569cea37d41d69897ac95458020b00c61dbd	9ca374f6544cacea8d1804746da5eab7ef3e4a9db808a9303eeecbb82aa33de4	FOUND-FINITE-001;FOUND-REAL-001;FOUND-LIMIT-001	CHG-B2;CHG-B9	PASS
CHG-B15.EQUALITY.01.SEMANTIC.PROOF	CHG-B15	CHG-B15.EQUALITY.01	SemanticDerivationProof	formal/proofs/CHG-B15.EQUALITY.01.mathematical.json	0622cc662b094a7b6f896a5a713d6809bfd1b04155e045fdeea10288639e740d	c527421dba6c9b3ffca160a6f467073ae713069baa69e1772b1ed8fb10f120b9	8220d2e026d298b9ab3cf63b569fa28591bdd8912a96bc865c89ab630055bce3	FOUND-REAL-001;FOUND-CONVEX-001;FOUND-LIMIT-001	CHG-B2;CHG-B5	PASS
CHG-B15.METAPROOF.LEAN.PROOF	CHG-B15	CHG-B15.METAPROOF	LeanKernelProof	formal/proofs/CHG-B15.METAPROOF.mathematical.json	99d093e46e00fa9104a381e12ce00dde909ed3d26e19fe57ad365c565a5719da	c527421dba6c9b3ffca160a6f467073ae713069baa69e1772b1ed8fb10f120b9	ce5698fa3f77e252ce362d019610968408b4ad14d2a351628c8d0f768de08ad8	FOUND-REAL-001;FOUND-CONVEX-001;FOUND-LIMIT-001	CHG-B2;CHG-B5	PASS
CHG-B15.PATH.03.SEMANTIC.PROOF	CHG-B15	CHG-B15.PATH.03	SemanticDerivationProof	formal/proofs/CHG-B15.PATH.03.mathematical.json	8ebf7286f7f0f3c5278028390492a94f09b90fa067ab2bef3a6152787c5efba1	c527421dba6c9b3ffca160a6f467073ae713069baa69e1772b1ed8fb10f120b9	fcadd3a6605f898a4607dd7d81af191b5f83468b1bce53f97615cfe3c6bb1ee4	FOUND-REAL-001;FOUND-CONVEX-001;FOUND-LIMIT-001	CHG-B2;CHG-B5	PASS
CHG-B15.UPCAST.04.SEMANTIC.PROOF	CHG-B15	CHG-B15.UPCAST.04	SemanticDerivationProof	formal/proofs/CHG-B15.UPCAST.04.mathematical.json	72e99776f0e64ef7080e02d86b6357f2f8824f972c9a23fa8eb17b8ca6aa7d9b	c527421dba6c9b3ffca160a6f467073ae713069baa69e1772b1ed8fb10f120b9	abcad0f88ad170abda400451989b58b12e3f8834c360da13e04f86d831eef028	FOUND-REAL-001;FOUND-CONVEX-001;FOUND-LIMIT-001	CHG-B2;CHG-B5	PASS
CHG-B15.VARIATIONAL.02.SEMANTIC.PROOF	CHG-B15	CHG-B15.VARIATIONAL.02	SemanticDerivationProof	formal/proofs/CHG-B15.VARIATIONAL.02.mathematical.json	afdfc4711a89dc048ac31f694df21eb6de58c8e461b5881350d9a83270c934ad	c527421dba6c9b3ffca160a6f467073ae713069baa69e1772b1ed8fb10f120b9	aa5e01001f76c0f7c437c0194241f7bec8f530b94529d4519cd4149f7eba6b59	FOUND-REAL-001;FOUND-CONVEX-001;FOUND-LIMIT-001	CHG-B2;CHG-B5	PASS
CHG-B16.LAMBDA.01.SEMANTIC.PROOF	CHG-B16	CHG-B16.LAMBDA.01	SemanticDerivationProof	formal/proofs/CHG-B16.LAMBDA.01.mathematical.json	a6bb83bfe7d209d117bf5252dcc8089cf272d83478be4ed79f5f8291fef0e6b3	a9c1e346317641d96510e1553d7e95cc0300a82b91d1ce7b9d33e77ce0276568	efcc027880557fdb3d1ae71a4de9a63f45412b2e1b663b594d9d4e307c3952f0	FOUND-REAL-001;FOUND-LIMIT-001	CHG-B2	PASS
CHG-B16.METAPROOF.LEAN.PROOF	CHG-B16	CHG-B16.METAPROOF	LeanKernelProof	formal/proofs/CHG-B16.METAPROOF.mathematical.json	afb3e72b5a92b6879c81a5f34ff64aa45e456b98d40510d3a9acee30a3d19dcb	a9c1e346317641d96510e1553d7e95cc0300a82b91d1ce7b9d33e77ce0276568	c0d0124d774ec383083c024cff8f2a49c0bd7537dc7e684a21e879c9f61604d6	FOUND-REAL-001;FOUND-LIMIT-001	CHG-B2	PASS
CHG-B16.NONCOMMUTE.05.SEMANTIC.PROOF	CHG-B16	CHG-B16.NONCOMMUTE.05	SemanticDerivationProof	formal/proofs/CHG-B16.NONCOMMUTE.05.mathematical.json	863b34c0b6c7b37ddcd2cb9b9ee6ab85b7a099eecaa7c7c733c22f1685045513	a9c1e346317641d96510e1553d7e95cc0300a82b91d1ce7b9d33e77ce0276568	ab5f41a32c8e5b40c62aab2127a5ad23ac3471a4669bf300fa9aa7e359c2c401	FOUND-REAL-001;FOUND-LIMIT-001	CHG-B2	PASS
CHG-B16.ONEFOLLOWER.02.SEMANTIC.PROOF	CHG-B16	CHG-B16.ONEFOLLOWER.02	SemanticDerivationProof	formal/proofs/CHG-B16.ONEFOLLOWER.02.mathematical.json	d2c2f777e377e6602a45ffb218ef4fc2bb30d98e7461afcc1efbbd561d61a17f	a9c1e346317641d96510e1553d7e95cc0300a82b91d1ce7b9d33e77ce0276568	155c1f0e7c946a717d5feb4935b2ec0a5e9ccbe898450908ea5fe620d6eb3566	FOUND-REAL-001;FOUND-LIMIT-001	CHG-B2	PASS
CHG-B16.POSITIVITY.03.LEAN.PROOF	CHG-B16	CHG-B16.POSITIVITY.03	LeanKernelProof	formal/proofs/CHG-B16.POSITIVITY.03.mathematical.json	20b98dad92587f6a3914ac0c2bd632c177d103ad0821cba91574208fa25dc27e	a9c1e346317641d96510e1553d7e95cc0300a82b91d1ce7b9d33e77ce0276568	60775828622f1fb7c18118539832a3010e640890a3913d0f445ee104ed0cfabe	FOUND-REAL-001;FOUND-LIMIT-001	CHG-B2	PASS
CHG-B16.SUPPORT.04.SEMANTIC.PROOF	CHG-B16	CHG-B16.SUPPORT.04	SemanticDerivationProof	formal/proofs/CHG-B16.SUPPORT.04.mathematical.json	bf76a30e29249cb212d687c3950d26e9612b43a321211b6fc118e337ae5f3f41	a9c1e346317641d96510e1553d7e95cc0300a82b91d1ce7b9d33e77ce0276568	3b022290868af01bf979babb260fefe73a06e8e3a4ab5c1a06156214f4d9cf87	FOUND-REAL-001;FOUND-LIMIT-001	CHG-B2	PASS
CHG-B2.ANCHORS.05.SEMANTIC.PROOF	CHG-B2	CHG-B2.ANCHORS.05	SemanticDerivationProof	formal/proofs/CHG-B2.ANCHORS.05.mathematical.json	5eb20f6516aeaa3a6e3498be253f4e0703dabf8d4de490765901237955a701f2	b9a1447bb0746758acbbb8a55037874e1ead236997da2c4f0a5360a89f7faafe	a3a40848554f4180e10ffa784c0a8ee2e6040c7f09b58342f984ea52d69cdbd7	FOUND-FINITE-001;FOUND-REAL-001;FOUND-CONVEX-001;FOUND-KKT-001;FOUND-LIMIT-001	CHG-B1	PASS
CHG-B2.ASSUMPTIONS.01.SEMANTIC.PROOF	CHG-B2	CHG-B2.ASSUMPTIONS.01	SemanticDerivationProof	formal/proofs/CHG-B2.ASSUMPTIONS.01.mathematical.json	b2b56f6221461938c316ab6bbc56560e27a3e5fe04de58d9d459c6d8a3daa36d	b9a1447bb0746758acbbb8a55037874e1ead236997da2c4f0a5360a89f7faafe	b0de1bb12d05fd7e7bcbad48c85756cd898b8ef9c8bc42b2d0ff3990dc990858	FOUND-FINITE-001;FOUND-REAL-001;FOUND-CONVEX-001;FOUND-KKT-001;FOUND-LIMIT-001	CHG-B1	PASS
CHG-B2.BOUNDARY.04.SEMANTIC.PROOF	CHG-B2	CHG-B2.BOUNDARY.04	SemanticDerivationProof	formal/proofs/CHG-B2.BOUNDARY.04.mathematical.json	8f6bd82bfda58f85d0fa7ea095f6dfdb727370e367bee20e2fb145f54d55400f	b9a1447bb0746758acbbb8a55037874e1ead236997da2c4f0a5360a89f7faafe	73c30420ac4cd665b3c18a272d9b6a2097b1fd3e2d3e96021dbb83de46a0af05	FOUND-FINITE-001;FOUND-REAL-001;FOUND-CONVEX-001;FOUND-KKT-001;FOUND-LIMIT-001	CHG-B1	PASS
CHG-B2.EXTENSION.03.SEMANTIC.PROOF	CHG-B2	CHG-B2.EXTENSION.03	SemanticDerivationProof	formal/proofs/CHG-B2.EXTENSION.03.mathematical.json	6b8fd9ce0ec515878d1ea004c006d6741787060454065e90954cd2852f258f13	b9a1447bb0746758acbbb8a55037874e1ead236997da2c4f0a5360a89f7faafe	0338f46e7d22e383ea1919c977b944ef03a5f863fa6413f48859e1fbacb852a9	FOUND-FINITE-001;FOUND-REAL-001;FOUND-CONVEX-001;FOUND-KKT-001;FOUND-LIMIT-001	CHG-B1	PASS
CHG-B2.KKT.02.SEMANTIC.PROOF	CHG-B2	CHG-B2.KKT.02	SemanticDerivationProof	formal/proofs/CHG-B2.KKT.02.mathematical.json	b029f973b25cdaaa9082cba9d149587cf834b3daadf5347313f138c7ad7d0285	b9a1447bb0746758acbbb8a55037874e1ead236997da2c4f0a5360a89f7faafe	2611adf1dc2ab1bd26dd6fa588e6a6170391474f6c5fc785d2aa96cc89dbc495	FOUND-FINITE-001;FOUND-REAL-001;FOUND-CONVEX-001;FOUND-KKT-001;FOUND-LIMIT-001	CHG-B1	PASS
CHG-B2.METAPROOF.LEAN.PROOF	CHG-B2	CHG-B2.METAPROOF	LeanKernelProof	formal/proofs/CHG-B2.METAPROOF.mathematical.json	f0fd8cafa235af757275d2a6a350fc08b6ae762ca931ed48c4d4535bcd1ba9f5	b9a1447bb0746758acbbb8a55037874e1ead236997da2c4f0a5360a89f7faafe	62f07fdbb8090ba89fb26aed30850cca5853eb8bae2b58c6efb5884641f163b8	FOUND-FINITE-001;FOUND-REAL-001;FOUND-CONVEX-001;FOUND-KKT-001;FOUND-LIMIT-001	CHG-B1	PASS
CHG-B3.METAPROOF.LEAN.PROOF	CHG-B3	CHG-B3.METAPROOF	LeanKernelProof	formal/proofs/CHG-B3.METAPROOF.mathematical.json	8e8cd172fe51402409ea9940c0328cda5b83f16121645bf17e2b390b93d7876c	8a965f5fbd8b41f4e01be065015e4a1f6a8b285f28873af4d09e62d8d69c5954	ccbf549c057ba6197c4b14aed7bcea327b7c6d7bc4c83545c25858801c373f12	FOUND-FINITE-001;FOUND-REAL-001;FOUND-CONVEX-001;FOUND-KKT-001	CHG-B2	PASS
CHG-B3.PROJECTION.04.SEMANTIC.PROOF	CHG-B3	CHG-B3.PROJECTION.04	SemanticDerivationProof	formal/proofs/CHG-B3.PROJECTION.04.mathematical.json	ad33003ab2d6b247a1a8b36365af42bb71fd84220092578ac0304786dd429790	8a965f5fbd8b41f4e01be065015e4a1f6a8b285f28873af4d09e62d8d69c5954	597cdfff75dc46f889436100aa89196d88826d7f23862f0f972cda0caee61325	FOUND-FINITE-001;FOUND-REAL-001;FOUND-CONVEX-001;FOUND-KKT-001	CHG-B2	PASS
CHG-B3.SATURATED.02.SEMANTIC.PROOF	CHG-B3	CHG-B3.SATURATED.02	SemanticDerivationProof	formal/proofs/CHG-B3.SATURATED.02.mathematical.json	cda00f83a4cddf033635fdff36e7040defa597cacc58c2a37d50912322aabd61	8a965f5fbd8b41f4e01be065015e4a1f6a8b285f28873af4d09e62d8d69c5954	d8a10d2289d3262123c409ed7316c10e171191886d5ed299fb17c65cbf41715d	FOUND-FINITE-001;FOUND-REAL-001;FOUND-CONVEX-001;FOUND-KKT-001	CHG-B2	PASS
CHG-B3.SUPPORT.03.SEMANTIC.PROOF	CHG-B3	CHG-B3.SUPPORT.03	SemanticDerivationProof	formal/proofs/CHG-B3.SUPPORT.03.mathematical.json	1ee811f76e5322179e64e5f2bf7b3ffea269daf7af408e75bfca0175b7116f71	8a965f5fbd8b41f4e01be065015e4a1f6a8b285f28873af4d09e62d8d69c5954	c7a7a724750cb181e59710e0d18cec7abe4c10474b77c008b98ffa40073e2d12	FOUND-FINITE-001;FOUND-REAL-001;FOUND-CONVEX-001;FOUND-KKT-001	CHG-B2	PASS
CHG-B3.UNSATURATED.01.SEMANTIC.PROOF	CHG-B3	CHG-B3.UNSATURATED.01	SemanticDerivationProof	formal/proofs/CHG-B3.UNSATURATED.01.mathematical.json	7f0417646b0e2bed529456dcd072f898235e8944a2e74b81bffcc1d4e6df7bd4	8a965f5fbd8b41f4e01be065015e4a1f6a8b285f28873af4d09e62d8d69c5954	8feecd5591634cb1c019a2990991904b5335aba6571b43a4a51b3aa3212ac8c5	FOUND-FINITE-001;FOUND-REAL-001;FOUND-CONVEX-001;FOUND-KKT-001	CHG-B2	PASS
CHG-B4.LITTLEO.01.SEMANTIC.PROOF	CHG-B4	CHG-B4.LITTLEO.01	SemanticDerivationProof	formal/proofs/CHG-B4.LITTLEO.01.mathematical.json	3818e2a7759221e495d9ce63228d01df0985225a5233443eaad6e060e0ba6987	34101d6e7090319a35fd6626ff3a6caa9267ff06ca956fb244bc3b115fb3ab73	cc1be0062204ebb109407e2b0a890b2f4632889265d329f6f71ac38cad90c326	FOUND-REAL-001;FOUND-CONVEX-001;FOUND-LIMIT-001		PASS
CHG-B4.METAPROOF.LEAN.PROOF	CHG-B4	CHG-B4.METAPROOF	LeanKernelProof	formal/proofs/CHG-B4.METAPROOF.mathematical.json	65d83020a93c9e093bbcdeb36a8d42e9772cfe9789287e0047052263ff9d5e15	34101d6e7090319a35fd6626ff3a6caa9267ff06ca956fb244bc3b115fb3ab73	d347c9520ab879fa0554584aebbfcb92e2e2c454bf440db42dbc97777881d4a3	FOUND-REAL-001;FOUND-CONVEX-001;FOUND-LIMIT-001		PASS
CHG-B4.QUADRATIC.02.SEMANTIC.PROOF	CHG-B4	CHG-B4.QUADRATIC.02	SemanticDerivationProof	formal/proofs/CHG-B4.QUADRATIC.02.mathematical.json	aace3a7f94a0cb99eb480e0de6c7203c7d864db7620cace624e1dae9016d87d2	34101d6e7090319a35fd6626ff3a6caa9267ff06ca956fb244bc3b115fb3ab73	81c22b15e3793366444685eab82be218dd3b576c5b8f44ccda32ff5d4e31c896	FOUND-REAL-001;FOUND-CONVEX-001;FOUND-LIMIT-001		PASS
CHG-B5.ENDPOINTS.01.SEMANTIC.PROOF	CHG-B5	CHG-B5.ENDPOINTS.01	SemanticDerivationProof	formal/proofs/CHG-B5.ENDPOINTS.01.mathematical.json	c668889cf4ac34e316960f903ef5767522a806b7de45357de183f2df35f85a0c	dfe8c2506601d0e546941522d843b98968c8326c0e9dbd44ff6e1e6f6e3fdd9b	54b79af028e1826333401d6193453582fc753dc8a3ee51f9e05eb156a3de9443	FOUND-FINITE-001;FOUND-REAL-001;FOUND-CONVEX-001		PASS
CHG-B5.METAPROOF.LEAN.PROOF	CHG-B5	CHG-B5.METAPROOF	LeanKernelProof	formal/proofs/CHG-B5.METAPROOF.mathematical.json	1b747001a4c67b0c911d225cd676cabf0d66fe9458001486151a1305d017e797	dfe8c2506601d0e546941522d843b98968c8326c0e9dbd44ff6e1e6f6e3fdd9b	fc1c9a1271040c52dd7434391a0415efca779cceeede1f08b26741fb3a5e44bd	FOUND-FINITE-001;FOUND-REAL-001;FOUND-CONVEX-001		PASS
CHG-B5.REPAIR.02.SEMANTIC.PROOF	CHG-B5	CHG-B5.REPAIR.02	SemanticDerivationProof	formal/proofs/CHG-B5.REPAIR.02.mathematical.json	a2228303007665b0d9e2adfd7258efca125ed5f6ef98a9555b9986ea24c99220	dfe8c2506601d0e546941522d843b98968c8326c0e9dbd44ff6e1e6f6e3fdd9b	be0f3628f16dcda3278e221e0e3a019c25a07d924d867f136fec903ce4973a07	FOUND-FINITE-001;FOUND-REAL-001;FOUND-CONVEX-001		PASS
CHG-B6.CLASSIFY.01.SEMANTIC.PROOF	CHG-B6	CHG-B6.CLASSIFY.01	SemanticDerivationProof	formal/proofs/CHG-B6.CLASSIFY.01.mathematical.json	9e1b35980085f6a2f9c261c380a868c478e1856032e20961dd9cc300ea0af576	100bea8967a3ef4b5c11978fa725f77d8379cf17d052921df6cc38bce5ceaf4c	294cbc27a12755bde840ba7cce17fe8b2845efd5ca82a9898a2cd2c0e4a0ddbc	FOUND-FINITE-001;FOUND-REAL-001	CHG-B2	PASS
CHG-B6.METAPROOF.LEAN.PROOF	CHG-B6	CHG-B6.METAPROOF	LeanKernelProof	formal/proofs/CHG-B6.METAPROOF.mathematical.json	5ec67d91758e48b7ef6bc9a066e3f9a11f68471a1357acba4c1f8e32a97692bd	100bea8967a3ef4b5c11978fa725f77d8379cf17d052921df6cc38bce5ceaf4c	d9570aa1a7fa952aa2631229355fe8de3d5d475971b5314bbad7f7cc46351a3b	FOUND-FINITE-001;FOUND-REAL-001	CHG-B2	PASS
CHG-B6.ONESTEP.02.SEMANTIC.PROOF	CHG-B6	CHG-B6.ONESTEP.02	SemanticDerivationProof	formal/proofs/CHG-B6.ONESTEP.02.mathematical.json	c52819e6086401528cd6456aba157c188abe143b275ffcf3eda74648a0258457	100bea8967a3ef4b5c11978fa725f77d8379cf17d052921df6cc38bce5ceaf4c	3c980d341681749b4c24f896fd6ad7718d114125349376bc79b73984deb17714	FOUND-FINITE-001;FOUND-REAL-001	CHG-B2	PASS
CHG-B7.ASYMPTOTIC.03.SEMANTIC.PROOF	CHG-B7	CHG-B7.ASYMPTOTIC.03	SemanticDerivationProof	formal/proofs/CHG-B7.ASYMPTOTIC.03.mathematical.json	d33e97935c5550292d0cfe6613e73c968cc7ad39d2e6d3eb3c3282238b7a9f7d	afc641c94a9f75a1539fb9d0672f477638266c71d70e3329c031341e1cbbc855	7046eb4708edf833f0a67ceb66a4014d8b21a9202d03c84e9244563171c9f6d6	FOUND-FINITE-001;FOUND-REAL-001;FOUND-LIMIT-001	CHG-B2	PASS
CHG-B7.GAUGE.01.SEMANTIC.PROOF	CHG-B7	CHG-B7.GAUGE.01	SemanticDerivationProof	formal/proofs/CHG-B7.GAUGE.01.mathematical.json	22cc568b9b5b2972dec95d810b0a185c24cbdc0027cd560303dab8edd0fa1f1c	afc641c94a9f75a1539fb9d0672f477638266c71d70e3329c031341e1cbbc855	cd1844fe8d0ac7d8a02016014d717636108bdda12fe8c4199c4c55b77fbae4cf	FOUND-FINITE-001;FOUND-REAL-001;FOUND-LIMIT-001	CHG-B2	PASS
CHG-B7.METAPROOF.LEAN.PROOF	CHG-B7	CHG-B7.METAPROOF	LeanKernelProof	formal/proofs/CHG-B7.METAPROOF.mathematical.json	762d66e00da190efc22b231870d25c3ebf31dc84081bc593feae16289b6ac042	afc641c94a9f75a1539fb9d0672f477638266c71d70e3329c031341e1cbbc855	8b81cd01a90b6aa55f82357563e0627b4eb23e5426785e742b55a0fd04d39037	FOUND-FINITE-001;FOUND-REAL-001;FOUND-LIMIT-001	CHG-B2	PASS
CHG-B7.PHASE.02.SEMANTIC.PROOF	CHG-B7	CHG-B7.PHASE.02	SemanticDerivationProof	formal/proofs/CHG-B7.PHASE.02.mathematical.json	703db80102907bab0512fc06c077460e929a526cee4966129dcdee250eead8d2	afc641c94a9f75a1539fb9d0672f477638266c71d70e3329c031341e1cbbc855	9e6fc61277887196e3afbededad19a7b10e94c5fb516e01f58a676d6782b199a	FOUND-FINITE-001;FOUND-REAL-001;FOUND-LIMIT-001	CHG-B2	PASS
CHG-B8.HORIZON.02.SEMANTIC.PROOF	CHG-B8	CHG-B8.HORIZON.02	SemanticDerivationProof	formal/proofs/CHG-B8.HORIZON.02.mathematical.json	25c1e999b4063fbb8632130d0b255e1391c86632b5e28299ae8bf3ab35946bb4	19acdecc43d3f9deb9f85dea0b717e6d6f057ff8b8956892c6ed830224af1952	32d2ea0d3ea074d0c75f2813bd2c33432312f1756849c5bd0ac094a7ca582686	FOUND-FINITE-001;FOUND-REAL-001	CHG-B6	PASS
CHG-B8.METAPROOF.LEAN.PROOF	CHG-B8	CHG-B8.METAPROOF	LeanKernelProof	formal/proofs/CHG-B8.METAPROOF.mathematical.json	8621ec58c289be10e59d7b510a670642791f7d4e0a805456eb8c177e25eb1119	19acdecc43d3f9deb9f85dea0b717e6d6f057ff8b8956892c6ed830224af1952	2bbf52ec6e798da0412cdec828f507130bf60aac18fffb5e04cfe7597298b22a	FOUND-FINITE-001;FOUND-REAL-001	CHG-B6	PASS
CHG-B8.RATIO.01.SEMANTIC.PROOF	CHG-B8	CHG-B8.RATIO.01	SemanticDerivationProof	formal/proofs/CHG-B8.RATIO.01.mathematical.json	89887057b3636f25a6e13121a8cfa0eb5375ce0d514c5c843d6c0c8eb4180844	19acdecc43d3f9deb9f85dea0b717e6d6f057ff8b8956892c6ed830224af1952	58c884a5f2615ebc6280f01c8f4ecde9509e8ca1eb6d9df44a9748acf2af6d4b	FOUND-FINITE-001;FOUND-REAL-001	CHG-B6	PASS
CHG-B9.GAPS.02.SEMANTIC.PROOF	CHG-B9	CHG-B9.GAPS.02	SemanticDerivationProof	formal/proofs/CHG-B9.GAPS.02.mathematical.json	f9622aec155958ea008b31cf05fc5f56102d6a465a0d95e1fa6a3ead2386de4e	2769fde9cc1611d9012420a3fb879f727123909502ad7bfc8c7e941d7ac108a4	00bd3369659d217425be7629f8f445b9ed0cdc0b38d3aa6313187150eface42d	FOUND-FINITE-001;FOUND-REAL-001;FOUND-CONVEX-001;FOUND-KKT-001;FOUND-LIMIT-001	CHG-B2	PASS
CHG-B9.METAPROOF.LEAN.PROOF	CHG-B9	CHG-B9.METAPROOF	LeanKernelProof	formal/proofs/CHG-B9.METAPROOF.mathematical.json	e1830b656351ee28c32e69c848054993c67f33c809110810854539a31b7d1234	2769fde9cc1611d9012420a3fb879f727123909502ad7bfc8c7e941d7ac108a4	df95c18930c22bf0f31fa962afeec65f9abf8fc5da901056379983e33ed16c30	FOUND-FINITE-001;FOUND-REAL-001;FOUND-CONVEX-001;FOUND-KKT-001;FOUND-LIMIT-001	CHG-B2	PASS
CHG-B9.NORMALIZE.01.SEMANTIC.PROOF	CHG-B9	CHG-B9.NORMALIZE.01	SemanticDerivationProof	formal/proofs/CHG-B9.NORMALIZE.01.mathematical.json	4662ecccac83cfceb9ec6e404fe3450176fc958d4f163df63664ae85c1f0fe2f	2769fde9cc1611d9012420a3fb879f727123909502ad7bfc8c7e941d7ac108a4	07fb0441239a8d99a4ac74cbeb15fda18d5c2f1d32ea9dfc9418a406dbcb6d1c	FOUND-FINITE-001;FOUND-REAL-001;FOUND-CONVEX-001;FOUND-KKT-001;FOUND-LIMIT-001	CHG-B2	PASS
CHG-B9.PROFILE.03.SEMANTIC.PROOF	CHG-B9	CHG-B9.PROFILE.03	SemanticDerivationProof	formal/proofs/CHG-B9.PROFILE.03.mathematical.json	9af932a9d331b978265e2cc1837c5ae2e889df6b2271fb3cbdd243db5b274899	2769fde9cc1611d9012420a3fb879f727123909502ad7bfc8c7e941d7ac108a4	c1cd2d40ad1a8c05384dac1b3ec210e049b4cb08e55ebb1b57028a5f6014feee	FOUND-FINITE-001;FOUND-REAL-001;FOUND-CONVEX-001;FOUND-KKT-001;FOUND-LIMIT-001	CHG-B2	PASS
CTX-C1.CARRIER.03.SEMANTIC.PROOF	CTX-C1	CTX-C1.CARRIER.03	SemanticDerivationProof	formal/proofs/CTX-C1.CARRIER.03.mathematical.json	b94c1e08d31a5ef1538514ea66bd6066f6a0fec713bf8ef77f28568fb93e56f8	beed0989886f522831b6a438f872b1f19d1cdd939cc18392645e9424907a6ff8	cac26a067f4a2506c27ccdd4c677b3e91387df2ec142dadefb49e616519b05bc	FOUND-REAL-001;FOUND-CONVEX-001;FOUND-KKT-001		PASS
CTX-C1.CENTER.02.SEMANTIC.PROOF	CTX-C1	CTX-C1.CENTER.02	SemanticDerivationProof	formal/proofs/CTX-C1.CENTER.02.mathematical.json	066af1ad72b507fb9ecea6ee9ff5fa3481ea96080140f7c7140d689580948224	beed0989886f522831b6a438f872b1f19d1cdd939cc18392645e9424907a6ff8	3c0b4c7748bfe18036f3dd591b5b72ec8b9b3d84a5e5a3c7a142bb5b61fa0e3c	FOUND-REAL-001;FOUND-CONVEX-001;FOUND-KKT-001		PASS
CTX-C1.GENERAL.04.LEAN.PROOF	CTX-C1	CTX-C1.GENERAL.04	LeanKernelProof	formal/proofs/CTX-C1.GENERAL.04.mathematical.json	8f7a4b116d830bc87c7374d203356dcf18da0f5c152363513f2bd6c0cdd30942	beed0989886f522831b6a438f872b1f19d1cdd939cc18392645e9424907a6ff8	709a8d6e59d44d9ad1f178be0df7be7215e3fd364f1bd99aaf793d074c0e8c53	FOUND-REAL-001;FOUND-CONVEX-001;FOUND-KKT-001		PASS
CTX-C1.PHASE.01.SEMANTIC.PROOF	CTX-C1	CTX-C1.PHASE.01	SemanticDerivationProof	formal/proofs/CTX-C1.PHASE.01.mathematical.json	4e04c0b34aecf11ec0099bd581d9169b75f60dbcfa44ad50e0b6e564510931a3	beed0989886f522831b6a438f872b1f19d1cdd939cc18392645e9424907a6ff8	b3afda808e27154d25af5ba22978733aa7d592e2aab911924dff63de47c5019a	FOUND-REAL-001;FOUND-CONVEX-001;FOUND-KKT-001		PASS
CTX-C2.GENERAL.03.LEAN.PROOF	CTX-C2	CTX-C2.GENERAL.03	LeanKernelProof	formal/proofs/CTX-C2.GENERAL.03.mathematical.json	5d3b59631ea03cfd70f6ced8d0d41449345855322948d5c7d9893581ed91c4d9	50918e1ee50c08eabd298285e6c4b159f982eb1b4d9869e7cc923cd65b63915e	e0a16608d773f22547869cb7d6b7763f22c17d18616061a25b044f396a46b958	FOUND-REAL-001;FOUND-CONVEX-001;FOUND-KKT-001		PASS
CTX-C2.ORDER.01.SEMANTIC.PROOF	CTX-C2	CTX-C2.ORDER.01	SemanticDerivationProof	formal/proofs/CTX-C2.ORDER.01.mathematical.json	7a5e9a563c05242dd1c373e94bf5a5506bb367146fb2756133e827838ab63029	50918e1ee50c08eabd298285e6c4b159f982eb1b4d9869e7cc923cd65b63915e	82180c5e6821d851fb75672ad48eea42ee4230fe8dc75aadffd2ed631701d50a	FOUND-REAL-001;FOUND-CONVEX-001;FOUND-KKT-001		PASS
CTX-C2.SHORTEST.02.SEMANTIC.PROOF	CTX-C2	CTX-C2.SHORTEST.02	SemanticDerivationProof	formal/proofs/CTX-C2.SHORTEST.02.mathematical.json	3eef9dc7ba8802ece27852a6b9f991a5dcd41c451318c3dd6d3a71ec0994ce28	50918e1ee50c08eabd298285e6c4b159f982eb1b4d9869e7cc923cd65b63915e	d5e1117e2c9ff694ea005dd5217d2e5cea578ca311e34543ed8f3e4b04ebbe6c	FOUND-REAL-001;FOUND-CONVEX-001;FOUND-KKT-001		PASS
DATA-EN-R1.REPLAY.01.PROOF	DATA-EN-R1	DATA-EN-R1.REPLAY.01	ExactDataReplayProof	formal/proofs/DATA-EN-R1.REPLAY.01.mathematical.json	4a8739c34d47da480df747b3c9d34f8152cc9e40db09fe5687b5fde84dab4063	02ecc06933372842db120743c89d86a864cef4f7a32bdc926ac468545b8a604f	35fdbd19c5f964d129324c2f1a00fea1e32759df0e1fc6aa78e1c094465f4457	FOUND-FINITE-001		PASS
DATA-PT-R1.REPLAY.01.PROOF	DATA-PT-R1	DATA-PT-R1.REPLAY.01	ExactDataReplayProof	formal/proofs/DATA-PT-R1.REPLAY.01.mathematical.json	69e867fcf05d0da57fea60370cc6fd426ff158dba0c35168db66a1200c1f5133	1c15322d8bd3000dee89ae3596ea6a973fad247b7fc2d57106e05a0e1e95da4f	a4883f854bec672bcc224a1b5435b1605723ce5ca43038899ce1079f57a1a427	FOUND-FINITE-001		PASS
DATA-ZH-R1.REPLAY.01.PROOF	DATA-ZH-R1	DATA-ZH-R1.REPLAY.01	ExactDataReplayProof	formal/proofs/DATA-ZH-R1.REPLAY.01.mathematical.json	a2b54ead3a36a92365e314ebc4c3b5915948da0920c334b30e3f5d55005878c8	b8fa10a8f6b54c54028c1bc138edb5f8fd3922604861c861af7cb3516383febc	e249a6cae15fbc65a181e3c1d82ade43b590fbf69e614e06786446d4f6f8ab3a	FOUND-FINITE-001		PASS
FIN-A1.EMPTY.02.FINITE-SEMANTIC.PROOF	FIN-A1	FIN-A1.EMPTY.02	FiniteSemanticProof	formal/proofs/FIN-A1.EMPTY.02.mathematical.json	631bb42af9c2e8c9ad227c9a060612be5f0b6d779d25d0860690623c301fd260	c17a61ef74c408f6ff99ff0a7e6e4ace476ae414894334e0d72d5523fabc766b	a007237b2b9c773f1ae2ed5829a2b297cd7d9995d651543fe3187001022b9aa8	FOUND-LOGIC-001;FOUND-FINITE-001;FOUND-PARTITION-001		PASS
FIN-A1.EQUIVARIANCE.03.FINITE-SEMANTIC.PROOF	FIN-A1	FIN-A1.EQUIVARIANCE.03	FiniteSemanticProof	formal/proofs/FIN-A1.EQUIVARIANCE.03.mathematical.json	67ff99ca54c72c964a044cb4cb96210df7da0a71c5dc8673f466fef0b1f46a2d	c17a61ef74c408f6ff99ff0a7e6e4ace476ae414894334e0d72d5523fabc766b	9709dc46321d11dabb6ff679e8d4ab5618d65d8c9b84e6c9a09a31fa1ea773d7	FOUND-LOGIC-001;FOUND-FINITE-001;FOUND-PARTITION-001		PASS
FIN-A1.INVERSE.01.FINITE-SEMANTIC.PROOF	FIN-A1	FIN-A1.INVERSE.01	FiniteSemanticProof	formal/proofs/FIN-A1.INVERSE.01.mathematical.json	f775daeb931550b84516838f2f22909ded6ac1a7223351f6888e4ac76fdbc169	c17a61ef74c408f6ff99ff0a7e6e4ace476ae414894334e0d72d5523fabc766b	66161179308fed4c318264fa69ad074d487f45f9b8d79469eb00ebfff3737bc9	FOUND-LOGIC-001;FOUND-FINITE-001;FOUND-PARTITION-001		PASS
FIN-A1.METAPROOF.LEAN.PROOF	FIN-A1	FIN-A1.METAPROOF	LeanKernelProof	formal/proofs/FIN-A1.METAPROOF.mathematical.json	f5a05d0287dd0bdaf3cf72d63b3bf4ba95b93b8634069774ecd031ce90531efd	c17a61ef74c408f6ff99ff0a7e6e4ace476ae414894334e0d72d5523fabc766b	a660aadf171f85112a90de1c0603f1705997de6aa79146fdd9d343f01ec883a4	FOUND-LOGIC-001;FOUND-FINITE-001;FOUND-PARTITION-001		PASS
FIN-A1.NEGATIVE.04.FINITE-SEMANTIC.PROOF	FIN-A1	FIN-A1.NEGATIVE.04	FiniteSemanticProof	formal/proofs/FIN-A1.NEGATIVE.04.mathematical.json	4997ea7d74094ee713675cc0c98aad50aee89d98aa6e98e2545c7347eec5675f	c17a61ef74c408f6ff99ff0a7e6e4ace476ae414894334e0d72d5523fabc766b	90a0f170791510514b32619e7b54f5869e633cede12dc36f5e02b8787653122f	FOUND-LOGIC-001;FOUND-FINITE-001;FOUND-PARTITION-001		PASS
FIN-A2.COHERENCE.03.FINITE-SEMANTIC.PROOF	FIN-A2	FIN-A2.COHERENCE.03	FiniteSemanticProof	formal/proofs/FIN-A2.COHERENCE.03.mathematical.json	21fd53a5739e06de2181d8e11ac67f29a3fb39691836c8a0f69972aed087186f	9a1dd3f7a17fdc77a93b1ff877a996d96d3c2f3ae4c4bb402dce4ab594cc5ef9	1e9178266824b9862c7a2874a2fcb53b8f02fb48cfdb49b047b01f2d28f98501	FOUND-LOGIC-001;FOUND-FINITE-001;FOUND-PARTITION-001	FIN-A1	PASS
FIN-A2.METAPROOF.LEAN.PROOF	FIN-A2	FIN-A2.METAPROOF	LeanKernelProof	formal/proofs/FIN-A2.METAPROOF.mathematical.json	e9c21832e38881fd8d0a46ce1293ecfbd4657e0b453f2ed285b4201007e00638	9a1dd3f7a17fdc77a93b1ff877a996d96d3c2f3ae4c4bb402dce4ab594cc5ef9	9fbaadb6ca4a4b3d7286e3d16999de2c60ad0668d2dd84d51fad2b37f61ae381	FOUND-LOGIC-001;FOUND-FINITE-001;FOUND-PARTITION-001	FIN-A1	PASS
FIN-A2.OUTBOUND.02.FINITE-SEMANTIC.PROOF	FIN-A2	FIN-A2.OUTBOUND.02	FiniteSemanticProof	formal/proofs/FIN-A2.OUTBOUND.02.mathematical.json	87054d29bedfb6eeed7039b5962f59a1e794b56d39c4796125a8bb4a8c799570	9a1dd3f7a17fdc77a93b1ff877a996d96d3c2f3ae4c4bb402dce4ab594cc5ef9	050bca03ab71bdcf32adf9e47b5c27d5bc5163900517b632d44823ba754d570f	FOUND-LOGIC-001;FOUND-FINITE-001;FOUND-PARTITION-001	FIN-A1	PASS
FIN-A2.PROOF.01.FINITE-SEMANTIC.PROOF	FIN-A2	FIN-A2.PROOF.01	FiniteSemanticProof	formal/proofs/FIN-A2.PROOF.01.mathematical.json	38572fdf43f9ba0932d1d01cc11f3a40c2e5ce8379889fe947a361dbeb779882	9a1dd3f7a17fdc77a93b1ff877a996d96d3c2f3ae4c4bb402dce4ab594cc5ef9	4570d661833dccf5b3eec5c9cc7866d61e86e10ea1cf55ecb07bf08727a94c62	FOUND-LOGIC-001;FOUND-FINITE-001;FOUND-PARTITION-001	FIN-A1	PASS
FIN-A3.EDGECASES.03.FINITE-SEMANTIC.PROOF	FIN-A3	FIN-A3.EDGECASES.03	FiniteSemanticProof	formal/proofs/FIN-A3.EDGECASES.03.mathematical.json	4832acae2cd76218a3762e5aba148a62ce884af68aa36c36c333fe8832271aa0	f4f04fb4212c1c46f0120b7db40386b0b12bac1b4a2ad4c6f9edd622099c85cb	64ddfc42f04d7a914a548238d9af81ccd0cdfe8b1eb1f3c0955ea231cd62f403	FOUND-LOGIC-001;FOUND-FINITE-001;FOUND-PARTITION-001;FOUND-MARKOV-001		PASS
FIN-A3.MARGINALS.01.FINITE-SEMANTIC.PROOF	FIN-A3	FIN-A3.MARGINALS.01	FiniteSemanticProof	formal/proofs/FIN-A3.MARGINALS.01.mathematical.json	0c77dcba5e07f46252c8e894177e91e9ccead9aa0f69cb34c018e73c844edee3	f4f04fb4212c1c46f0120b7db40386b0b12bac1b4a2ad4c6f9edd622099c85cb	0281b6d8a0b1b2d7a544bc6863f27c33ca3b7dd7d59b7a97f0ab02e69b6d9eff	FOUND-LOGIC-001;FOUND-FINITE-001;FOUND-PARTITION-001;FOUND-MARKOV-001		PASS
FIN-A3.METAPROOF.LEAN.PROOF	FIN-A3	FIN-A3.METAPROOF	LeanKernelProof	formal/proofs/FIN-A3.METAPROOF.mathematical.json	c0bf49e2512cf87e3681f3eb42efbb5b197073b08cb65d441d46d7935f28309e	f4f04fb4212c1c46f0120b7db40386b0b12bac1b4a2ad4c6f9edd622099c85cb	a07c15035ef353ff3b5d25d6ad0af5f0d6d486c91686e3611905a20f8d48af95	FOUND-LOGIC-001;FOUND-FINITE-001;FOUND-PARTITION-001;FOUND-MARKOV-001		PASS
FIN-A3.NONTERMINATION.02.FINITE-SEMANTIC.PROOF	FIN-A3	FIN-A3.NONTERMINATION.02	FiniteSemanticProof	formal/proofs/FIN-A3.NONTERMINATION.02.mathematical.json	a51ede66f7d2f297eec9cd1dbec1cd01df8a29f58d7ceac180378bd8f4a49319	f4f04fb4212c1c46f0120b7db40386b0b12bac1b4a2ad4c6f9edd622099c85cb	ce5abba890258bf14270b51916cc0aa47876bf5eca7c4b42cd134af7d367cb88	FOUND-LOGIC-001;FOUND-FINITE-001;FOUND-PARTITION-001;FOUND-MARKOV-001		PASS
FIN-A3.TYPES.04.FINITE-SEMANTIC.PROOF	FIN-A3	FIN-A3.TYPES.04	FiniteSemanticProof	formal/proofs/FIN-A3.TYPES.04.mathematical.json	b4406f874e2e268ef540d719d6aa57e02df5434d5b462a7c0204e292a71e43e1	f4f04fb4212c1c46f0120b7db40386b0b12bac1b4a2ad4c6f9edd622099c85cb	70e0cb7add276924db49652ec14c267d055a90b8dfa2c7ab1354e63cfd366741	FOUND-LOGIC-001;FOUND-FINITE-001;FOUND-PARTITION-001;FOUND-MARKOV-001		PASS
FIN-A4.CONVERSES.02.FINITE-SEMANTIC.PROOF	FIN-A4	FIN-A4.CONVERSES.02	FiniteSemanticProof	formal/proofs/FIN-A4.CONVERSES.02.mathematical.json	55fab645a03fcf93a430c601d2e5d570bd1ca0990ee14737200e47d3730ab302	d6ba99b1bba5e503f8c1eaae27446d33d6525a4233c5236dce456592be4adba5	ce94de45dd930dac9afe625acf3313ce77acecb3d85a1f30531f6e5b54ff0b87	FOUND-LOGIC-001;FOUND-FINITE-001;FOUND-PARTITION-001		PASS
FIN-A4.KERNEL.01.FINITE-SEMANTIC.PROOF	FIN-A4	FIN-A4.KERNEL.01	FiniteSemanticProof	formal/proofs/FIN-A4.KERNEL.01.mathematical.json	3c3f7366f8b1dab65e17652eaf609185303a15116ece9c2bdb67c6c3312f53d0	d6ba99b1bba5e503f8c1eaae27446d33d6525a4233c5236dce456592be4adba5	fca6403e457c6134d5fd02097d633a9877d8cfcefe88305c9221a0c53d2f49b4	FOUND-LOGIC-001;FOUND-FINITE-001;FOUND-PARTITION-001		PASS
FIN-A4.METAPROOF.LEAN.PROOF	FIN-A4	FIN-A4.METAPROOF	LeanKernelProof	formal/proofs/FIN-A4.METAPROOF.mathematical.json	13b5e844fa0b2f2ecdb4b1fda3aea53815450a6a0428bd70d9f20e7728dfc118	d6ba99b1bba5e503f8c1eaae27446d33d6525a4233c5236dce456592be4adba5	8a6fad92bc3920f4fcf7d8f0a9af7b9aebebe38356d81b3803efc62a5bf27736	FOUND-LOGIC-001;FOUND-FINITE-001;FOUND-PARTITION-001		PASS
FIN-A4.REACHABLE.03.FINITE-SEMANTIC.PROOF	FIN-A4	FIN-A4.REACHABLE.03	FiniteSemanticProof	formal/proofs/FIN-A4.REACHABLE.03.mathematical.json	1f5f5e958ab7afe274dffe79cb14b0fc1c3686ca082f5d2a783bf79c45cdacd2	d6ba99b1bba5e503f8c1eaae27446d33d6525a4233c5236dce456592be4adba5	46f2795a9b17a65d56112db70cbea4f86e87f15e09c5b61124cac127fc0ec2a0	FOUND-LOGIC-001;FOUND-FINITE-001;FOUND-PARTITION-001		PASS
FIN-A5.CARRIER.01.FINITE-SEMANTIC.PROOF	FIN-A5	FIN-A5.CARRIER.01	FiniteSemanticProof	formal/proofs/FIN-A5.CARRIER.01.mathematical.json	8104a322f60a8cb795cb6f15ec1a14dd40c170642a7b43e1a7c8115b1ebda4e7	c6f4b3f4fba8a4884f7f0364befbe7f79100dd5ba394f77d3740b7287eef771e	3ef20397e96d387ad67d7c72b1f74f4432f3163cc1edd8ad1aa77c52a4c62357	FOUND-LOGIC-001;FOUND-FINITE-001;FOUND-PARTITION-001;FOUND-MARKOV-001;FOUND-TERMINATION-001	FIN-A4	PASS
FIN-A5.COLLISIONS.08.FINITE-SEMANTIC.PROOF	FIN-A5	FIN-A5.COLLISIONS.08	FiniteSemanticProof	formal/proofs/FIN-A5.COLLISIONS.08.mathematical.json	016d00be9c6da89fcb18e0949b1191d4ba48826660b5ee11dd7e17fe2dee6e19	c6f4b3f4fba8a4884f7f0364befbe7f79100dd5ba394f77d3740b7287eef771e	25cf871eb3a0436b16ddbf8f3023fd3c0e9f951a266006991e0b133039864bfa	FOUND-LOGIC-001;FOUND-FINITE-001;FOUND-PARTITION-001;FOUND-MARKOV-001;FOUND-TERMINATION-001	FIN-A4	PASS
FIN-A5.FACTORIZATION.04.FINITE-SEMANTIC.PROOF	FIN-A5	FIN-A5.FACTORIZATION.04	FiniteSemanticProof	formal/proofs/FIN-A5.FACTORIZATION.04.mathematical.json	5b300f059c78dd3241ac36fcbd76bd5490e3708becddbb5def3b5eb5e7329cfe	c6f4b3f4fba8a4884f7f0364befbe7f79100dd5ba394f77d3740b7287eef771e	cb07966390a4e212fbfb7990dd9c7c90f7463ffef842864ea2ecafd7ef35da7d	FOUND-LOGIC-001;FOUND-FINITE-001;FOUND-PARTITION-001;FOUND-MARKOV-001;FOUND-TERMINATION-001	FIN-A4	PASS
FIN-A5.LOSS.03.FINITE-SEMANTIC.PROOF	FIN-A5	FIN-A5.LOSS.03	FiniteSemanticProof	formal/proofs/FIN-A5.LOSS.03.mathematical.json	e8bdeceefb56315325d92cc85fef5641dd3134458045b7235ade1fa5301e8f70	c6f4b3f4fba8a4884f7f0364befbe7f79100dd5ba394f77d3740b7287eef771e	65761c33b5a379779262b902a6084af538202b2ab7359369544f06d64314b9b6	FOUND-LOGIC-001;FOUND-FINITE-001;FOUND-PARTITION-001;FOUND-MARKOV-001;FOUND-TERMINATION-001	FIN-A4	PASS
FIN-A5.METAPROOF.LEAN.PROOF	FIN-A5	FIN-A5.METAPROOF	LeanKernelProof	formal/proofs/FIN-A5.METAPROOF.mathematical.json	4f079260195260a5adacf4dae25ff5d78df2106b9b3029b07529983c7986b907	c6f4b3f4fba8a4884f7f0364befbe7f79100dd5ba394f77d3740b7287eef771e	f187988ffb601dae36f78dfb54e570c59ac746c39daf23eb27d421abd2c4c8a1	FOUND-LOGIC-001;FOUND-FINITE-001;FOUND-PARTITION-001;FOUND-MARKOV-001;FOUND-TERMINATION-001	FIN-A4	PASS
FIN-A5.POSTPROCESS.06.FINITE-SEMANTIC.PROOF	FIN-A5	FIN-A5.POSTPROCESS.06	FiniteSemanticProof	formal/proofs/FIN-A5.POSTPROCESS.06.mathematical.json	eba8ca103bfe61d01f722ec1301f770edaa35a9c26c795376bcd590de159b7d8	c6f4b3f4fba8a4884f7f0364befbe7f79100dd5ba394f77d3740b7287eef771e	8005eeccfa8c0d662f2ed219f2cb39d18811d05bd2d7085c2e0cfb30359d6836	FOUND-LOGIC-001;FOUND-FINITE-001;FOUND-PARTITION-001;FOUND-MARKOV-001;FOUND-TERMINATION-001	FIN-A4	PASS
FIN-A5.PRICE.02.FINITE-SEMANTIC.PROOF	FIN-A5	FIN-A5.PRICE.02	FiniteSemanticProof	formal/proofs/FIN-A5.PRICE.02.mathematical.json	34dced31dc23bd4b1eecbc36409ca7ff8b18629205ff6ee2e26af5ab97c5937e	c6f4b3f4fba8a4884f7f0364befbe7f79100dd5ba394f77d3740b7287eef771e	3cb90bdd6052b43b608cfe5f9a0b9c86e54e1ed43f31dadddd73a7c530ade298	FOUND-LOGIC-001;FOUND-FINITE-001;FOUND-PARTITION-001;FOUND-MARKOV-001;FOUND-TERMINATION-001	FIN-A4	PASS
FIN-A5.REDUNDANCY.05.FINITE-SEMANTIC.PROOF	FIN-A5	FIN-A5.REDUNDANCY.05	FiniteSemanticProof	formal/proofs/FIN-A5.REDUNDANCY.05.mathematical.json	c7bbd0e04a03c382c4313080445c60c1ccdbecd9051d38933ca3e6296971b2e9	c6f4b3f4fba8a4884f7f0364befbe7f79100dd5ba394f77d3740b7287eef771e	7d33f553dda69bc1b3e7e863f972f780669ded007a139dc85f4b74c04eebbccf	FOUND-LOGIC-001;FOUND-FINITE-001;FOUND-PARTITION-001;FOUND-MARKOV-001;FOUND-TERMINATION-001	FIN-A4	PASS
FIN-A5.UNIVERSAL.07.FINITE-SEMANTIC.PROOF	FIN-A5	FIN-A5.UNIVERSAL.07	FiniteSemanticProof	formal/proofs/FIN-A5.UNIVERSAL.07.mathematical.json	6431839037e265c43a09f307fb926078be795600a528c1e04e4f2799c310f9f3	c6f4b3f4fba8a4884f7f0364befbe7f79100dd5ba394f77d3740b7287eef771e	d92f16fe0497eab32b6c924e37ac83cac43630a770cd7c776c869432d9d0a8fd	FOUND-LOGIC-001;FOUND-FINITE-001;FOUND-PARTITION-001;FOUND-MARKOV-001;FOUND-TERMINATION-001	FIN-A4	PASS
FIN-A6.CLOSURE.02.FINITE-SEMANTIC.PROOF	FIN-A6	FIN-A6.CLOSURE.02	FiniteSemanticProof	formal/proofs/FIN-A6.CLOSURE.02.mathematical.json	720c8b6e036e92d29650025145ba9f6bb0fb14238bcea71baf38ff4111fc9352	cfb19822a585e516c0f3228e95950365ec25ba3ffb7de71750275a29efb3641b	fa6c7060ba115a722354a08ffd006b4f2b20fc70818cc6e242228b45c56502e1	FOUND-LOGIC-001;FOUND-FINITE-001;FOUND-PARTITION-001;FOUND-TERMINATION-001	FIN-A4;FIN-A5	PASS
FIN-A6.CONTEXT.05.FINITE-SEMANTIC.PROOF	FIN-A6	FIN-A6.CONTEXT.05	FiniteSemanticProof	formal/proofs/FIN-A6.CONTEXT.05.mathematical.json	ab40bb32a6b1a713b30ebcfd78db3434aa756b30a06a675860af1efa78c91225	cfb19822a585e516c0f3228e95950365ec25ba3ffb7de71750275a29efb3641b	16aadb081be107f7e0eb71b68186c70cbb7fb431780708c510b51632cb320be8	FOUND-LOGIC-001;FOUND-FINITE-001;FOUND-PARTITION-001;FOUND-TERMINATION-001	FIN-A4;FIN-A5	PASS
FIN-A6.DEFINEDNESS.03.FINITE-SEMANTIC.PROOF	FIN-A6	FIN-A6.DEFINEDNESS.03	FiniteSemanticProof	formal/proofs/FIN-A6.DEFINEDNESS.03.mathematical.json	b0917958921cc2023aa52c71481403770b2f4ba53e6f35f193308fa0e78a5912	cfb19822a585e516c0f3228e95950365ec25ba3ffb7de71750275a29efb3641b	43500a56d22b6a94bb5689524a6e1bc8604e43959efac29b19ca9632ffa0c7b4	FOUND-LOGIC-001;FOUND-FINITE-001;FOUND-PARTITION-001;FOUND-TERMINATION-001	FIN-A4;FIN-A5	PASS
FIN-A6.LATTICE.01.FINITE-SEMANTIC.PROOF	FIN-A6	FIN-A6.LATTICE.01	FiniteSemanticProof	formal/proofs/FIN-A6.LATTICE.01.mathematical.json	19bf4568e99904e4efcc6a1c52e8209a09e0b96ae01dc62330356942a7427f30	cfb19822a585e516c0f3228e95950365ec25ba3ffb7de71750275a29efb3641b	62b620a2a676d5d63ef3f0f713065412fdcbc379531d76e9f20216e7fc47cc7e	FOUND-LOGIC-001;FOUND-FINITE-001;FOUND-PARTITION-001;FOUND-TERMINATION-001	FIN-A4;FIN-A5	PASS
FIN-A6.LATTICEOPS.04.FINITE-SEMANTIC.PROOF	FIN-A6	FIN-A6.LATTICEOPS.04	FiniteSemanticProof	formal/proofs/FIN-A6.LATTICEOPS.04.mathematical.json	0a733c4b316184a213a6a75411faf632603739e6ec4e47c3ee3caad15b587abf	cfb19822a585e516c0f3228e95950365ec25ba3ffb7de71750275a29efb3641b	11534f85bfcc0cf1e2401d3aa6b14756c3e896dd066ce8fc62bc6699420c1b23	FOUND-LOGIC-001;FOUND-FINITE-001;FOUND-PARTITION-001;FOUND-TERMINATION-001	FIN-A4;FIN-A5	PASS
FIN-A6.METAPROOF.LEAN.PROOF	FIN-A6	FIN-A6.METAPROOF	LeanKernelProof	formal/proofs/FIN-A6.METAPROOF.mathematical.json	154e6cabff6f3e85ee247a47f4789467af90df61ae49915ce8687a5ffe79339f	cfb19822a585e516c0f3228e95950365ec25ba3ffb7de71750275a29efb3641b	078b89570aa0c01446720b38199ac8d63ad24a131d6b730ea6555c392a04b41c	FOUND-LOGIC-001;FOUND-FINITE-001;FOUND-PARTITION-001;FOUND-TERMINATION-001	FIN-A4;FIN-A5	PASS
FIN-A7.CODE.03.FINITE-SEMANTIC.PROOF	FIN-A7	FIN-A7.CODE.03	FiniteSemanticProof	formal/proofs/FIN-A7.CODE.03.mathematical.json	28cc23b7b2480da413b0a373ee1c15277ddfe8348b4ebf31373735b90a66e8c7	4d5a2cde4a89ef62f553a841b2c2e737d57c2bb5e13919fc022c9edb20aad6e7	ba0df76eaeb9a4b424ab8328c868749f370310b307d2e725ac552b3e4f7ee346	FOUND-LOGIC-001;FOUND-FINITE-001;FOUND-PARTITION-001	CALC-F1;FIN-A4;FIN-A5;FIN-A6	PASS
FIN-A7.DIAGRAM.01.FINITE-SEMANTIC.PROOF	FIN-A7	FIN-A7.DIAGRAM.01	FiniteSemanticProof	formal/proofs/FIN-A7.DIAGRAM.01.mathematical.json	0a43efea3f7c505b4264bef141195acc7c0e8e89aadd98522f53fae2cb56026a	4d5a2cde4a89ef62f553a841b2c2e737d57c2bb5e13919fc022c9edb20aad6e7	47b29e7ef7ccb56e5d19287f42e9f3e8410ac34b24cc1b10cd5c65ce61fe595e	FOUND-LOGIC-001;FOUND-FINITE-001;FOUND-PARTITION-001	CALC-F1;FIN-A4;FIN-A5;FIN-A6	PASS
FIN-A7.METAPROOF.LEAN.PROOF	FIN-A7	FIN-A7.METAPROOF	LeanKernelProof	formal/proofs/FIN-A7.METAPROOF.mathematical.json	c9f120b0e3408332bacf62a217d5dbe6d123e7f47c4fdb509021576c06409478	4d5a2cde4a89ef62f553a841b2c2e737d57c2bb5e13919fc022c9edb20aad6e7	2c8a9dd7c41918558da4d7980beccc70f67fced249c3dc5b35d8a62ee8ac62fe	FOUND-LOGIC-001;FOUND-FINITE-001;FOUND-PARTITION-001	CALC-F1;FIN-A4;FIN-A5;FIN-A6	PASS
FIN-A7.POSITIVESECTION.04.FINITE-SEMANTIC.PROOF	FIN-A7	FIN-A7.POSITIVESECTION.04	FiniteSemanticProof	formal/proofs/FIN-A7.POSITIVESECTION.04.mathematical.json	2d24ac838cefe24ea6329dff7ed3ba1569101677f95c4ded9198462faebd89c0	4d5a2cde4a89ef62f553a841b2c2e737d57c2bb5e13919fc022c9edb20aad6e7	3f335222520eda27e73ac7ce506585767b2b04d5aebbb8d4896e9dcaeee21185	FOUND-LOGIC-001;FOUND-FINITE-001;FOUND-PARTITION-001	CALC-F1;FIN-A4;FIN-A5;FIN-A6	PASS
FIN-A7.REFUSALS.05.FINITE-SEMANTIC.PROOF	FIN-A7	FIN-A7.REFUSALS.05	FiniteSemanticProof	formal/proofs/FIN-A7.REFUSALS.05.mathematical.json	83238415cca3107aec0e9fd9c59f1a82159fd0b27bbfa456a5c5e22e841ac22f	4d5a2cde4a89ef62f553a841b2c2e737d57c2bb5e13919fc022c9edb20aad6e7	4aa2a4b879b1fd8bd4b1d98f6dc7945f2e7e22b966f6756b573d645ea51f994c	FOUND-LOGIC-001;FOUND-FINITE-001;FOUND-PARTITION-001	CALC-F1;FIN-A4;FIN-A5;FIN-A6	PASS
FIN-A7.SECTION.02.FINITE-SEMANTIC.PROOF	FIN-A7	FIN-A7.SECTION.02	FiniteSemanticProof	formal/proofs/FIN-A7.SECTION.02.mathematical.json	49f35cac215ef48f73d8c333163a27f7b9148193283ecaf9910b7bb8ab60f577	4d5a2cde4a89ef62f553a841b2c2e737d57c2bb5e13919fc022c9edb20aad6e7	cf002902b5c40b6b48d7f3ea7832a6f236d329f00213195502657547b135e258	FOUND-LOGIC-001;FOUND-FINITE-001;FOUND-PARTITION-001	CALC-F1;FIN-A4;FIN-A5;FIN-A6	PASS
FLUX-D1.NECESSITY.04.LEAN.PROOF	FLUX-D1	FLUX-D1.NECESSITY.04	LeanKernelProof	formal/proofs/FLUX-D1.NECESSITY.04.mathematical.json	ac7af0af80dcbea5eb70ce33271bc65a7825391c6ef246582b09d70c0ef4e36a	88ec3663c29e46c9ec2c5b78900a65a00efc11cd213796a96801ba61331ab648	573f601cd98194595e156d40423c1ff90e8a6b04460b253e747f9329a7b8a061	FOUND-REAL-001;FOUND-ANALYTIC-001;FOUND-LIMIT-001;FOUND-LINEAR-001		PASS
FLUX-D1.POTENTIAL.02.SEMANTIC.PROOF	FLUX-D1	FLUX-D1.POTENTIAL.02	SemanticDerivationProof	formal/proofs/FLUX-D1.POTENTIAL.02.mathematical.json	cfa7eb32ab9f8515836a4b60147909a85ad6c213412b55fbd325d031d8465567	88ec3663c29e46c9ec2c5b78900a65a00efc11cd213796a96801ba61331ab648	3103b9e0bb6f88ef3698dfbc3951d3375f1d3bfbe235b56bcf0a656047fa58c3	FOUND-REAL-001;FOUND-ANALYTIC-001;FOUND-LIMIT-001;FOUND-LINEAR-001		PASS
FLUX-D1.REVERSAL.03.SEMANTIC.PROOF	FLUX-D1	FLUX-D1.REVERSAL.03	SemanticDerivationProof	formal/proofs/FLUX-D1.REVERSAL.03.mathematical.json	1320bd6734f655fc29ec5b7d05d133e994101e2a95c3090b92ba29cbfd9440e3	88ec3663c29e46c9ec2c5b78900a65a00efc11cd213796a96801ba61331ab648	c817c65277c517d6f4d7adac5ccb99f941345cf5596b092a44a97ed65b2399e9	FOUND-REAL-001;FOUND-ANALYTIC-001;FOUND-LIMIT-001;FOUND-LINEAR-001		PASS
FLUX-D1.SHIFT.01.SEMANTIC.PROOF	FLUX-D1	FLUX-D1.SHIFT.01	SemanticDerivationProof	formal/proofs/FLUX-D1.SHIFT.01.mathematical.json	783451e88b8e6d99f972dbbf91c6388ebb08a32466069254c67f6d53da727606	88ec3663c29e46c9ec2c5b78900a65a00efc11cd213796a96801ba61331ab648	b7b30366d449a4ee233de9f2386f207acb7a6a087edf4dd0fb409b39820104a2	FOUND-REAL-001;FOUND-ANALYTIC-001;FOUND-LIMIT-001;FOUND-LINEAR-001		PASS
FLUX-D2.PERIOD.01.SEMANTIC.PROOF	FLUX-D2	FLUX-D2.PERIOD.01	SemanticDerivationProof	formal/proofs/FLUX-D2.PERIOD.01.mathematical.json	4f08985d784aceb9fdd6323bcaaeb05a8881fe75c15465ec71a2a092a59062ba	ed18c8767e964a1d5d9d33e9ba1cbcb9a0fa959f2fe720eb013c2b23bf93992e	73c6598ece3a5cd5490f49842f28b913142a929f104eb2816b7b85dbb12d8a46	FOUND-REAL-001;FOUND-ANALYTIC-001;FOUND-LIMIT-001;FOUND-LINEAR-001	FLUX-D1	PASS
FLUX-D2.RIGIDITY.03.LEAN.PROOF	FLUX-D2	FLUX-D2.RIGIDITY.03	LeanKernelProof	formal/proofs/FLUX-D2.RIGIDITY.03.mathematical.json	66e870243dfa9c26eeada7552a8ece7e213ae7974dbe5966f8d478b0772f9bf2	ed18c8767e964a1d5d9d33e9ba1cbcb9a0fa959f2fe720eb013c2b23bf93992e	10031cc04e9b42358d52a16e16d8bfd76a8ccfa9a2999f0892bd06f041b24591	FOUND-REAL-001;FOUND-ANALYTIC-001;FOUND-LIMIT-001;FOUND-LINEAR-001	FLUX-D1	PASS
FLUX-D2.STAR.02.SEMANTIC.PROOF	FLUX-D2	FLUX-D2.STAR.02	SemanticDerivationProof	formal/proofs/FLUX-D2.STAR.02.mathematical.json	1b393daf6dd733e9a8a4a45e3669b695d3fed0632be312eba99711f2894d6c7b	ed18c8767e964a1d5d9d33e9ba1cbcb9a0fa959f2fe720eb013c2b23bf93992e	cfa252e8d9ebfd2eea9dfc8137386128b146c4b28a4df99728d1c1aa0c5d16c8	FOUND-REAL-001;FOUND-ANALYTIC-001;FOUND-LIMIT-001;FOUND-LINEAR-001	FLUX-D1	PASS
FLUX-D3.GENERAL.04.LEAN.PROOF	FLUX-D3	FLUX-D3.GENERAL.04	LeanKernelProof	formal/proofs/FLUX-D3.GENERAL.04.mathematical.json	142a14330a5389ce3f0d20cd26397b6f120ed88391b642b57b6f353f4fa8e273	a7aa37e291822be9db755fbbcbd5342ecdcf7db457c548eb30a1aa780297f6fa	955b4bc956dce6373fe00f32d971d368351eb8819b8e6ef75c1542e71e828ce4	FOUND-REAL-001;FOUND-ANALYTIC-001;FOUND-LIMIT-001;FOUND-LINEAR-001	FLUX-D1	PASS
FLUX-D3.MONOTONE.02.SEMANTIC.PROOF	FLUX-D3	FLUX-D3.MONOTONE.02	SemanticDerivationProof	formal/proofs/FLUX-D3.MONOTONE.02.mathematical.json	691928b3264dc6948ba2ad8406209f0b34e00941653d2805ae3842bc78d45c81	a7aa37e291822be9db755fbbcbd5342ecdcf7db457c548eb30a1aa780297f6fa	6bd4497a38dc30b600740a7d78e50904fd561b11f4e52f8a64f8a1bccd6a9800	FOUND-REAL-001;FOUND-ANALYTIC-001;FOUND-LIMIT-001;FOUND-LINEAR-001	FLUX-D1	PASS
FLUX-D3.NULL.01.SEMANTIC.PROOF	FLUX-D3	FLUX-D3.NULL.01	SemanticDerivationProof	formal/proofs/FLUX-D3.NULL.01.mathematical.json	7cb21b5224de791c15564746eb3538ee3d78ca9d375f490b683c8dab70cb9ad9	a7aa37e291822be9db755fbbcbd5342ecdcf7db457c548eb30a1aa780297f6fa	996c50e4a876f6f65c10e89f77e6e6b1c9cfa995ee1449222586f097152069e4	FOUND-REAL-001;FOUND-ANALYTIC-001;FOUND-LIMIT-001;FOUND-LINEAR-001	FLUX-D1	PASS
FLUX-D3.UNREGISTERED.03.SEMANTIC.PROOF	FLUX-D3	FLUX-D3.UNREGISTERED.03	SemanticDerivationProof	formal/proofs/FLUX-D3.UNREGISTERED.03.mathematical.json	6bbd407ed8c10668e7f8ddf757cd164a8ce2cb7dab10f2949382da8e401be027	a7aa37e291822be9db755fbbcbd5342ecdcf7db457c548eb30a1aa780297f6fa	ed3f01e280f44622e3a412bd1ab415e8e40d960606f7de100019e9c5c32a987f	FOUND-REAL-001;FOUND-ANALYTIC-001;FOUND-LIMIT-001;FOUND-LINEAR-001	FLUX-D1	PASS
FLUX-D4.COEFFICIENTS.02.SEMANTIC.PROOF	FLUX-D4	FLUX-D4.COEFFICIENTS.02	SemanticDerivationProof	formal/proofs/FLUX-D4.COEFFICIENTS.02.mathematical.json	96b14b47d5fafd8b1e82469ff96f2cb570400f34dd26a60370da3bcf3670c676	7db91f47ec9a567e47e57cf474ace7b1aa2a1d73463c7092545a017e1ae67829	7ce4e0296c33ac8438142601f0bb3090cb3ade72c8014fa7d603cba9d286a8c3	FOUND-REAL-001;FOUND-ANALYTIC-001;FOUND-LIMIT-001;FOUND-LINEAR-001	FLUX-D1	PASS
FLUX-D4.NORMALFORM.03.SEMANTIC.PROOF	FLUX-D4	FLUX-D4.NORMALFORM.03	SemanticDerivationProof	formal/proofs/FLUX-D4.NORMALFORM.03.mathematical.json	51e8e959c0ebe8b95c2063dd713f72b4c22c5788e49b04a46b8117c1927210bb	7db91f47ec9a567e47e57cf474ace7b1aa2a1d73463c7092545a017e1ae67829	fc7e5ba7a4e6a50a43a967a7a27194bfa0fe08e76d1ddcb5ae7be45b97c74b6b	FOUND-REAL-001;FOUND-ANALYTIC-001;FOUND-LIMIT-001;FOUND-LINEAR-001	FLUX-D1	PASS
FLUX-D4.PERTURBATION.04.LEAN.PROOF	FLUX-D4	FLUX-D4.PERTURBATION.04	LeanKernelProof	formal/proofs/FLUX-D4.PERTURBATION.04.mathematical.json	1a4ebd9f813e8754cde5a66d90cd617b4bf916cc4b03f94b6735130e57092ecd	7db91f47ec9a567e47e57cf474ace7b1aa2a1d73463c7092545a017e1ae67829	29c5870b25c8dfff559441fa6aafda12a142c6a0a00e0cc6acff00047100bf82	FOUND-REAL-001;FOUND-ANALYTIC-001;FOUND-LIMIT-001;FOUND-LINEAR-001	FLUX-D1	PASS
FLUX-D4.SCALES.01.SEMANTIC.PROOF	FLUX-D4	FLUX-D4.SCALES.01	SemanticDerivationProof	formal/proofs/FLUX-D4.SCALES.01.mathematical.json	82847c44b20c36bce788ce88fee460f465a9c79cd63186c33ef8b935413fc98d	7db91f47ec9a567e47e57cf474ace7b1aa2a1d73463c7092545a017e1ae67829	1e072bc2886c2c2d99ef7695573328cabfd1ec3ecfff04bf52103533cdbba67e	FOUND-REAL-001;FOUND-ANALYTIC-001;FOUND-LIMIT-001;FOUND-LINEAR-001	FLUX-D1	PASS
FLUX-D5.FINITE.01.SEMANTIC.PROOF	FLUX-D5	FLUX-D5.FINITE.01	SemanticDerivationProof	formal/proofs/FLUX-D5.FINITE.01.mathematical.json	90057ffd2e0d6a27bef777ddb18db4b777d82299ae40211aa02a5d34ab5d5ebf	e8186e92be199c98ab81062f794ab754191f579a4b3751f6065a0695b7cc730a	ada4d0510e372b983755580f8858b529c1416a52b9b55cbdf69f401687e8495d	FOUND-REAL-001;FOUND-ANALYTIC-001;FOUND-LIMIT-001;FOUND-LINEAR-001	FLUX-D4	PASS
FLUX-D5.IDENTITY.03.LEAN.PROOF	FLUX-D5	FLUX-D5.IDENTITY.03	LeanKernelProof	formal/proofs/FLUX-D5.IDENTITY.03.mathematical.json	0ac3e8f94d4044791c1c040db17f23eeacd8ad7d9c9c258ab59b3e3f99b09de3	e8186e92be199c98ab81062f794ab754191f579a4b3751f6065a0695b7cc730a	ef31dffc372f3171b70e0eab1fd06248c4bb3586bdebb1abe5961af92b82daa8	FOUND-REAL-001;FOUND-ANALYTIC-001;FOUND-LIMIT-001;FOUND-LINEAR-001	FLUX-D4	PASS
FLUX-D5.RECURRENCE.02.SEMANTIC.PROOF	FLUX-D5	FLUX-D5.RECURRENCE.02	SemanticDerivationProof	formal/proofs/FLUX-D5.RECURRENCE.02.mathematical.json	4aa72a8756102f12a9a209e7ac7249cf20d5970fe423d31f9f43054fde3f7c56	e8186e92be199c98ab81062f794ab754191f579a4b3751f6065a0695b7cc730a	1e084d031ac3ba3bf2c05494fc2a3519837c59de5e2a5735bc4535a88d7a395c	FOUND-REAL-001;FOUND-ANALYTIC-001;FOUND-LIMIT-001;FOUND-LINEAR-001	FLUX-D4	PASS
MAX-G1.CARRIER.01.MAXENT-SEMANTIC-CLOSURE.PROOF	MAX-G1	MAX-G1.CARRIER.01	MaxEntSemanticClosureProof	formal/proofs/MAX-G1.CARRIER.01.mathematical.json	41734665d27c0e5125ad8fbb268979fea29dfa5e064e9f3485dee7e78eb47b83	6e68d3a33b0c8bd7c4ab73a6eb26ae595ff44642a089a5bf28153242d0293bc0	19e7afc729b2f7a38d6f8b497a511d60725f5b6b1b5b522d33ea61d73495a72d	FOUND-REAL-001;FOUND-POLYNOMIAL-001;FOUND-EXP-ACTIVITY-BIJECTION-001		PASS
MAX-G1.CLEAR.02.MAXENT-SEMANTIC-CLOSURE.PROOF	MAX-G1	MAX-G1.CLEAR.02	MaxEntSemanticClosureProof	formal/proofs/MAX-G1.CLEAR.02.mathematical.json	865ca705b7902c5091853ff6f5e2215e24151122556851310402adc7b28afdc1	6e68d3a33b0c8bd7c4ab73a6eb26ae595ff44642a089a5bf28153242d0293bc0	6616be4c7f0a402370dd7775d16bb9e9076d80e56babd159c052b303c0751c38	FOUND-REAL-001;FOUND-POLYNOMIAL-001;FOUND-EXP-ACTIVITY-BIJECTION-001		PASS
MAX-G1.CLOSURE.03.LEAN.PROOF	MAX-G1	MAX-G1.CLOSURE.03	LeanKernelProof	formal/proofs/MAX-G1.CLOSURE.03.mathematical.json	c16ba93c8db6bf1822fb7ccf9ae85c2ef2b7e985e33350ef1636fa240964aede	6e68d3a33b0c8bd7c4ab73a6eb26ae595ff44642a089a5bf28153242d0293bc0	a77ff5631424ceaa6479a1fe6a84d16ccfa16a9393fa0db61c2a00673678500f	FOUND-REAL-001;FOUND-POLYNOMIAL-001;FOUND-EXP-ACTIVITY-BIJECTION-001		PASS
MAX-G2.ANCHOR.01.MAXENT-SEMANTIC-CLOSURE.PROOF	MAX-G2	MAX-G2.ANCHOR.01	MaxEntSemanticClosureProof	formal/proofs/MAX-G2.ANCHOR.01.mathematical.json	7bd7e2aef9f03c9b7fa62cef3135011006244f81a9366ddc1107273e44293b87	28c9ca9de73a7b3847fd506bb54f199c16952014e8777550ec33d592e9b5ff94	ece1388cce8e803b0e56a4183a0149750ddd0bd5e8bd838a65396db70711bb11	FOUND-FINITE-001;FOUND-POLYNOMIAL-001	MAX-G1	PASS
MAX-G2.ORDER.02.MAXENT-SEMANTIC-CLOSURE.PROOF	MAX-G2	MAX-G2.ORDER.02	MaxEntSemanticClosureProof	formal/proofs/MAX-G2.ORDER.02.mathematical.json	dd570b59364ca9ef584506673bca417217d1cdd442a2aba1dc6bb48af2886bfb	28c9ca9de73a7b3847fd506bb54f199c16952014e8777550ec33d592e9b5ff94	d4a3730e92d4db4ed88fdba914e88a12d3922916933821b0556905e50b7c5c2c	FOUND-FINITE-001;FOUND-POLYNOMIAL-001	MAX-G1	PASS
MAX-G3.CHAIN.02.MAXENT-SEMANTIC-CLOSURE.PROOF	MAX-G3	MAX-G3.CHAIN.02	MaxEntSemanticClosureProof	formal/proofs/MAX-G3.CHAIN.02.mathematical.json	2b3e3d32f8227efa8ad9a6fb83635d2329feaa500cef0c08ac2ff5faf0ac44ea	b79e41c1d08606c90d18fcc398edaf4ea4eed44f811da37dd8a38e5b2b16092f	5cbe049b5009df7c28ada909dcd211e46a6bddddce8eb17773e49688917db425	FOUND-REAL-001;FOUND-POLYNOMIAL-001;FOUND-COMPACT-POLY-MIN-001	MAX-G1;MAX-G2	PASS
MAX-G3.REDUCTION.03.LEAN.PROOF	MAX-G3	MAX-G3.REDUCTION.03	LeanKernelProof	formal/proofs/MAX-G3.REDUCTION.03.mathematical.json	f17a902ddbeb0dbb34abf3f6a47b79bf371c8a27b66d309970af124aed46f9e8	b79e41c1d08606c90d18fcc398edaf4ea4eed44f811da37dd8a38e5b2b16092f	2a3533f9b0faa22e62cf49a1c873c8f8ddedab5758bb428733c8c17a042028ed	FOUND-REAL-001;FOUND-POLYNOMIAL-001;FOUND-COMPACT-POLY-MIN-001	MAX-G1;MAX-G2	PASS
MAX-G3.RESIDUAL.01.MAXENT-SEMANTIC-CLOSURE.PROOF	MAX-G3	MAX-G3.RESIDUAL.01	MaxEntSemanticClosureProof	formal/proofs/MAX-G3.RESIDUAL.01.mathematical.json	d052c7a1cade1dc4a680621b545336ddb9bb693c59a7d323816f13ab67c63be3	b79e41c1d08606c90d18fcc398edaf4ea4eed44f811da37dd8a38e5b2b16092f	69e4ec987e2abeb148f87108763102994516051cdc54b59654e98334249a6277	FOUND-REAL-001;FOUND-POLYNOMIAL-001;FOUND-COMPACT-POLY-MIN-001	MAX-G1;MAX-G2	PASS
MAX-G4.COMPLEXITY.04.LEAN.PROOF	MAX-G4	MAX-G4.COMPLEXITY.04	LeanKernelProof	formal/proofs/MAX-G4.COMPLEXITY.04.mathematical.json	ed22cd33814d75f4a19600ccd42e199562c361198275e0ca17877e4d3bfc8cf9	919ef83f74c653cb7c99eebb61c88365b6ec3f7b2741bb6ad91cb1d76b565ffe	5b7b73f2d3ad0e410042bf3126c94935aa85bfe04eb5612d9426fa5a53ec6485	FOUND-EXPONENTIAL-INDEPENDENCE-001	MAX-G1;MAX-G3	PASS
MAX-G4.MULTISET.03.MAXENT-SEMANTIC-CLOSURE.PROOF	MAX-G4	MAX-G4.MULTISET.03	MaxEntSemanticClosureProof	formal/proofs/MAX-G4.MULTISET.03.mathematical.json	cf2765e41eef95dc4069869439cdb309bafd34a6f2254b3712ffcd7218c1fded	919ef83f74c653cb7c99eebb61c88365b6ec3f7b2741bb6ad91cb1d76b565ffe	70f980215f4fa87e9468d142eeee3abf42611d996203ca6fb20007129617c9ce	FOUND-EXPONENTIAL-INDEPENDENCE-001	MAX-G1;MAX-G3	PASS
MAX-G4.REVERSAL.01.MAXENT-SEMANTIC-CLOSURE.PROOF	MAX-G4	MAX-G4.REVERSAL.01	MaxEntSemanticClosureProof	formal/proofs/MAX-G4.REVERSAL.01.mathematical.json	1459d60bd905a8645a15c6970deff2a84047cc6a6262478243f1369d3a480a2e	919ef83f74c653cb7c99eebb61c88365b6ec3f7b2741bb6ad91cb1d76b565ffe	96bd132090f47adaec32120f1c632c5752155ec01f76e6eafa3fd83c01d09fc8	FOUND-EXPONENTIAL-INDEPENDENCE-001	MAX-G1;MAX-G3	PASS
MAX-G4.TIE.02.MAXENT-SEMANTIC-CLOSURE.PROOF	MAX-G4	MAX-G4.TIE.02	MaxEntSemanticClosureProof	formal/proofs/MAX-G4.TIE.02.mathematical.json	cc309dd9dc968e2a64c89f19e0b02a7615c3a3d7784e9cfd61767ad30f75d8d5	919ef83f74c653cb7c99eebb61c88365b6ec3f7b2741bb6ad91cb1d76b565ffe	72f7ccac29a5cf7883b60485c06f8d963cfc1e42c8dfc600907869b6cff26956	FOUND-EXPONENTIAL-INDEPENDENCE-001	MAX-G1;MAX-G3	PASS
MAX-G5.GORDAN.02.MAXENT-SEMANTIC-CLOSURE.PROOF	MAX-G5	MAX-G5.GORDAN.02	MaxEntSemanticClosureProof	formal/proofs/MAX-G5.GORDAN.02.mathematical.json	db18042b0f57410ab5886b8a0743ad22478e6b15cc0a09b29f23fa01bc4a81ab	9d71783e3f3c7ea48dded895addba0b8a4d374de11818b0d4c17b48906ee8fe4	02c65afa569a9c52e09c9091bda19f40c51915cc95941fb2a7ac541e00cf2335	FOUND-LOGIC-001;FOUND-GORDAN-STIEMKE-001	MAX-G4	PASS
MAX-G5.METAPROOF.LEAN.PROOF	MAX-G5	MAX-G5.METAPROOF	LeanKernelProof	formal/proofs/MAX-G5.METAPROOF.mathematical.json	4ca434fe521d59134b6391d55fd6cba37e033253c13167e3bb87e7b4834fea44	9d71783e3f3c7ea48dded895addba0b8a4d374de11818b0d4c17b48906ee8fe4	3cadc111c5b064cac428c9c54ac84fb746322305ebc14916341cf6c51c545020	FOUND-LOGIC-001;FOUND-GORDAN-STIEMKE-001	MAX-G4	PASS
MAX-G5.TYPES.01.MAXENT-SEMANTIC-CLOSURE.PROOF	MAX-G5	MAX-G5.TYPES.01	MaxEntSemanticClosureProof	formal/proofs/MAX-G5.TYPES.01.mathematical.json	c5129c6ed2b14bb691c91358be69cecaf2194979931fa7eb1919bb19775f3f9d	9d71783e3f3c7ea48dded895addba0b8a4d374de11818b0d4c17b48906ee8fe4	c3f7b583989665eadf86118e8a2a13f354749545ce8909f6f04406dc4fb797eb	FOUND-LOGIC-001;FOUND-GORDAN-STIEMKE-001	MAX-G4	PASS
MAX-G6.CONE.02.MAXENT-SEMANTIC-CLOSURE.PROOF	MAX-G6	MAX-G6.CONE.02	MaxEntSemanticClosureProof	formal/proofs/MAX-G6.CONE.02.mathematical.json	60dd493fea19cfeaf68fa1b16337b38cb837b01d042289b48bafbd253cd1050e	0af24a02c4c558f776143b884ac582286ff4b84518062ee9c140766d9205f83c	8269ca89b9c5e3e0b5fd7ac94359dd7ffb81b448b120a3f4209ffb24f2ab26f0	FOUND-FINITE-001;FOUND-POLYNOMIAL-001	MAX-G5	PASS
MAX-G6.ENUM.01.MAXENT-SEMANTIC-CLOSURE.PROOF	MAX-G6	MAX-G6.ENUM.01	MaxEntSemanticClosureProof	formal/proofs/MAX-G6.ENUM.01.mathematical.json	46e709e429ffde7dccf3d360a1c028bfbbaa90031f5de559d57c973df3475c7d	0af24a02c4c558f776143b884ac582286ff4b84518062ee9c140766d9205f83c	79ff26d06194fd3d9cda17de5ce15791c4c311e42ed052ef38eb87bdc55099e6	FOUND-FINITE-001;FOUND-POLYNOMIAL-001	MAX-G5	PASS
MAX-G6.METAPROOF.LEAN.PROOF	MAX-G6	MAX-G6.METAPROOF	LeanKernelProof	formal/proofs/MAX-G6.METAPROOF.mathematical.json	674788bd6e3ef093ab80f0c64e145d80584d9cae6c86bf6179c95ad11853d93d	0af24a02c4c558f776143b884ac582286ff4b84518062ee9c140766d9205f83c	eb4e738cbf6313789557d70dc06c9579267a3ca4821c3673d18c88caedf18000	FOUND-FINITE-001;FOUND-POLYNOMIAL-001	MAX-G5	PASS
MAX-G6.PROVENANCE.03.MAXENT-SEMANTIC-CLOSURE.PROOF	MAX-G6	MAX-G6.PROVENANCE.03	MaxEntSemanticClosureProof	formal/proofs/MAX-G6.PROVENANCE.03.mathematical.json	d70d9d4afcb3b88bbc34decf7518ea8a102860fd9053e3171edeb913a0fa440e	0af24a02c4c558f776143b884ac582286ff4b84518062ee9c140766d9205f83c	4dad5e516ed8aa9114de4391cf527dc0720959896a6194a1dd08498b2b35591a	FOUND-FINITE-001;FOUND-POLYNOMIAL-001	MAX-G5	PASS
MAX-G7.CONTACT.02.MAXENT-SEMANTIC-CLOSURE.PROOF	MAX-G7	MAX-G7.CONTACT.02	MaxEntSemanticClosureProof	formal/proofs/MAX-G7.CONTACT.02.mathematical.json	6bbc782db50dabddb8f5b9d1db719d853dbfc4558311d5b9f769afba9630bd5b	bcce9e403ac23e5419d4abcbf113cd042700fcfd557ebbb8eb47b61ee1a095df	8aac46fece3d8a1b6541b55989eebe7f2917b1d2f79f0f28d38a982cdb7f0707	FOUND-POLYNOMIAL-001;FOUND-LINEAR-001	MAX-G1	PASS
MAX-G7.FACTORIZATION.04.LEAN.PROOF	MAX-G7	MAX-G7.FACTORIZATION.04	LeanKernelProof	formal/proofs/MAX-G7.FACTORIZATION.04.mathematical.json	dde62194fc42e3bc60eb48676e8b758d551b30f6a162e5ef74eeffe48fcdc8da	bcce9e403ac23e5419d4abcbf113cd042700fcfd557ebbb8eb47b61ee1a095df	4e02b4617acd250ca68a86f1eba36a48a2a98a6ed62222ca482d8bc6cfe797bb	FOUND-POLYNOMIAL-001;FOUND-LINEAR-001	MAX-G1	PASS
MAX-G7.RANK.01.MAXENT-SEMANTIC-CLOSURE.PROOF	MAX-G7	MAX-G7.RANK.01	MaxEntSemanticClosureProof	formal/proofs/MAX-G7.RANK.01.mathematical.json	9870c1639ab43bc1ed9e092fee1454b1a528ad2fec6a6b431e3135d1a4bdc3da	bcce9e403ac23e5419d4abcbf113cd042700fcfd557ebbb8eb47b61ee1a095df	9251da633e4390bf68bc6b2cb2baa3be8d1c396d63818cb2226c460da9640d9c	FOUND-POLYNOMIAL-001;FOUND-LINEAR-001	MAX-G1	PASS
MAX-G7.RAY.03.MAXENT-SEMANTIC-CLOSURE.PROOF	MAX-G7	MAX-G7.RAY.03	MaxEntSemanticClosureProof	formal/proofs/MAX-G7.RAY.03.mathematical.json	3c81b878c80a7433fb3d83ed140b95bd1cacacba59ab131fd626977d85a47334	bcce9e403ac23e5419d4abcbf113cd042700fcfd557ebbb8eb47b61ee1a095df	c5d655ff87339dab01fd816cffe081eaa9b7404ddd8ca8c36e829949622dbb26	FOUND-POLYNOMIAL-001;FOUND-LINEAR-001	MAX-G1	PASS
MAX-G8.BOUNDARY.03.MAXENT-SEMANTIC-CLOSURE.PROOF	MAX-G8	MAX-G8.BOUNDARY.03	MaxEntSemanticClosureProof	formal/proofs/MAX-G8.BOUNDARY.03.mathematical.json	c731b2f3b64e08a53c1755743b997e8b852049ef41690a2d32b8076828925a6d	8d0429043e1a1606b2781cad0076ab6df1ff44b6dd9eb765fb6cad2199c7cd0f	a00ee2f2e67050eb8543f88e55eb3a1f937b82fb437bdfa424a7da4092e7c2b6	FOUND-ANALYTIC-ROLLE-MULTIPLICITY-001	MAX-G7	PASS
MAX-G8.CAPACITY.02.MAXENT-SEMANTIC-CLOSURE.PROOF	MAX-G8	MAX-G8.CAPACITY.02	MaxEntSemanticClosureProof	formal/proofs/MAX-G8.CAPACITY.02.mathematical.json	9f38b568bf1f34bf7b43cd0f33603576836afe49dcf7d206ff8863a961ef5d3e	8d0429043e1a1606b2781cad0076ab6df1ff44b6dd9eb765fb6cad2199c7cd0f	5d7491b664eb8829dc805a3f7945be2c7a3d86d5b0e48f9dd5eb120ca4219353	FOUND-ANALYTIC-ROLLE-MULTIPLICITY-001	MAX-G7	PASS
MAX-G8.CHEBYSHEV.04.LEAN.PROOF	MAX-G8	MAX-G8.CHEBYSHEV.04	LeanKernelProof	formal/proofs/MAX-G8.CHEBYSHEV.04.mathematical.json	1015accc7497612f4e65b58c5c7ac420eb604dac9270abcc831285c408cbe416	8d0429043e1a1606b2781cad0076ab6df1ff44b6dd9eb765fb6cad2199c7cd0f	a9d5836deec58d5d8f037c88953a97b8657cfe4f2aab1c5e4506f75b7410973c	FOUND-ANALYTIC-ROLLE-MULTIPLICITY-001	MAX-G7	PASS
MAX-G8.SHARP.01.MAXENT-SEMANTIC-CLOSURE.PROOF	MAX-G8	MAX-G8.SHARP.01	MaxEntSemanticClosureProof	formal/proofs/MAX-G8.SHARP.01.mathematical.json	04f2a43c456b1302aa672847864cecbcfe303c467886d0c9cb9498b09f75a704	8d0429043e1a1606b2781cad0076ab6df1ff44b6dd9eb765fb6cad2199c7cd0f	2739b0e4f702ed26756230c60dd6becfe7e033971d1b5765b3f121708ece1b24	FOUND-ANALYTIC-ROLLE-MULTIPLICITY-001	MAX-G7	PASS
MAX-G9.CONVEX.03.LEAN.PROOF	MAX-G9	MAX-G9.CONVEX.03	LeanKernelProof	formal/proofs/MAX-G9.CONVEX.03.mathematical.json	bc3b9ccd73a7d2187ce05c5a75a746b3ebe550a7fe733b55c5285123ba917966	67476bd1b115b6a7c5881dc5225883c0aa2db72e735d3e02cf5dbc2d528771d5	0d7bf9f7871b9d61c8f93d0264add546ec828083917a79ee3acf897c8b3422e1	FOUND-CONVEX-HULL-001;FOUND-RELATIVE-INTERIOR-SUM-001	MAX-G7	PASS
MAX-G9.ENVTOLAW.02.MAXENT-SEMANTIC-CLOSURE.PROOF	MAX-G9	MAX-G9.ENVTOLAW.02	MaxEntSemanticClosureProof	formal/proofs/MAX-G9.ENVTOLAW.02.mathematical.json	6d900dca473d9670e1232a2f110226e456b2ee725a558869747087241dcfe35a	67476bd1b115b6a7c5881dc5225883c0aa2db72e735d3e02cf5dbc2d528771d5	a21ceaaffcac085876a56a1a5ab95e360e057b18aa4c3f84e6de693032f24f38	FOUND-CONVEX-HULL-001;FOUND-RELATIVE-INTERIOR-SUM-001	MAX-G7	PASS
MAX-G9.LAWTOENV.01.MAXENT-SEMANTIC-CLOSURE.PROOF	MAX-G9	MAX-G9.LAWTOENV.01	MaxEntSemanticClosureProof	formal/proofs/MAX-G9.LAWTOENV.01.mathematical.json	d6c45e815f13404f02d62d27ffd541c9ca9181f885f8dcb18e234d7bc93c6274	67476bd1b115b6a7c5881dc5225883c0aa2db72e735d3e02cf5dbc2d528771d5	e09723bc1dabbb4b4a3bfa708261c169f449c391a812eeadf7e3167cf2f32669	FOUND-CONVEX-HULL-001;FOUND-RELATIVE-INTERIOR-SUM-001	MAX-G7	PASS
SEL-F1.MEASURE.04.LEAN.PROOF	SEL-F1	SEL-F1.MEASURE.04	LeanKernelProof	formal/proofs/SEL-F1.MEASURE.04.mathematical.json	c127558a84cad79bad3729c8ad3271f1192c064664c6ceb46aecb46689db7192	37f5f80cbb13cfbf3e48c083564d3f916952ffcebfcb7b040f752b2bc227088e	20ed62bc7ce3240c8f065207155045e245338e26163f9fc6c323f816296f2944	FOUND-REAL-001;FOUND-LINEAR-001;FOUND-MEASURE-001;FOUND-CONVEX-HULL-001		PASS
SEL-F1.RAYS.01.SEMANTIC.PROOF	SEL-F1	SEL-F1.RAYS.01	SemanticDerivationProof	formal/proofs/SEL-F1.RAYS.01.mathematical.json	9c5e9a3e71b27f28f96317517b71de705d036b46d21c792715c0dbe1cffd9456	37f5f80cbb13cfbf3e48c083564d3f916952ffcebfcb7b040f752b2bc227088e	a4eb465466eb0906e7f4f6ab075b6b4c21a531e57af296ed05f2ce69075edc7c	FOUND-REAL-001;FOUND-LINEAR-001;FOUND-MEASURE-001;FOUND-CONVEX-HULL-001		PASS
SEL-F1.SPHERE.02.SEMANTIC.PROOF	SEL-F1	SEL-F1.SPHERE.02	SemanticDerivationProof	formal/proofs/SEL-F1.SPHERE.02.mathematical.json	4730e0c0accc6e8ddf7a2986c8f4c8a15ce5295f7110bc2e5a4b7dd80d5669bb	37f5f80cbb13cfbf3e48c083564d3f916952ffcebfcb7b040f752b2bc227088e	06ca292df5b9998dda3854d100de357c62c44d03ddaedc87165158c993c3745e	FOUND-REAL-001;FOUND-LINEAR-001;FOUND-MEASURE-001;FOUND-CONVEX-HULL-001		PASS
SEL-F1.WITNESS.03.SEMANTIC.PROOF	SEL-F1	SEL-F1.WITNESS.03	SemanticDerivationProof	formal/proofs/SEL-F1.WITNESS.03.mathematical.json	a62eb30ddc1b99e31068900ad15a2e8c200b6bcf32da3f8d95a0cbee86493a53	37f5f80cbb13cfbf3e48c083564d3f916952ffcebfcb7b040f752b2bc227088e	d8fa0e96e2e61226a694606fa4689fadf95e4f38a402b863845fbbe56837ebb2	FOUND-REAL-001;FOUND-LINEAR-001;FOUND-MEASURE-001;FOUND-CONVEX-HULL-001		PASS
SEL-F2.COMMONLAW.04.LEAN.PROOF	SEL-F2	SEL-F2.COMMONLAW.04	LeanKernelProof	formal/proofs/SEL-F2.COMMONLAW.04.mathematical.json	b771b86ff45fd07314cf040e07b620024ffea9415b29470dc076af3c361218d9	78aba196d83d36c130061f77e240d1b207b6bf970a7a18987415f55b9cea9fd6	bb0932497581bb173054d6e726dbb4032b4a765566d506b0e6c2d9911a99e177	FOUND-REAL-001;FOUND-LINEAR-001;FOUND-MEASURE-001;FOUND-CONVEX-HULL-001	SEL-F1	PASS
SEL-F2.EUCLIDEAN.02.SEMANTIC.PROOF	SEL-F2	SEL-F2.EUCLIDEAN.02	SemanticDerivationProof	formal/proofs/SEL-F2.EUCLIDEAN.02.mathematical.json	32efed70eba123e7e07a972e8384048145dde12b9b339fd2d20b510af135b317	78aba196d83d36c130061f77e240d1b207b6bf970a7a18987415f55b9cea9fd6	9918889173e99f852741e698ae567f635173f54a17cd36550bb0cc04101f0db1	FOUND-REAL-001;FOUND-LINEAR-001;FOUND-MEASURE-001;FOUND-CONVEX-HULL-001	SEL-F1	PASS
SEL-F2.FROBENIUS.03.SEMANTIC.PROOF	SEL-F2	SEL-F2.FROBENIUS.03	SemanticDerivationProof	formal/proofs/SEL-F2.FROBENIUS.03.mathematical.json	53ecd5cbbf7b884fd19440a3f6ca5963e1e149c637d29b79c507bc7d4077b660	78aba196d83d36c130061f77e240d1b207b6bf970a7a18987415f55b9cea9fd6	d40bdb529c624f00556a323722304b32fa899fecd3b7971b6183475013db5575	FOUND-REAL-001;FOUND-LINEAR-001;FOUND-MEASURE-001;FOUND-CONVEX-HULL-001	SEL-F1	PASS
SEL-F2.SCORES.01.SEMANTIC.PROOF	SEL-F2	SEL-F2.SCORES.01	SemanticDerivationProof	formal/proofs/SEL-F2.SCORES.01.mathematical.json	5c77aaa49bc720d4d3a48ea0e4e39554ed49bce1fb52f3a661ac342e51d13d69	78aba196d83d36c130061f77e240d1b207b6bf970a7a18987415f55b9cea9fd6	6a7000bd520dd9a035f5a93faabf2903584f5868d0d99dbb888838ad3d8a0cb6	FOUND-REAL-001;FOUND-LINEAR-001;FOUND-MEASURE-001;FOUND-CONVEX-HULL-001	SEL-F1	PASS
SUP-E1.BOUND.02.SEMANTIC.PROOF	SUP-E1	SUP-E1.BOUND.02	SemanticDerivationProof	formal/proofs/SUP-E1.BOUND.02.mathematical.json	5a31e2b9487f051c5e21031fa3582b7ae50082f9bb8f4771bd75fc4d6a4a1923	418997dd3bc5048b39aec704fd6ceebf913f9debe3ec1e5d04653804dd1459cd	6828c561ad75ae31333ce6af1c4094ad216138f78922a2c455682093358eb995	FOUND-REAL-001;FOUND-CONVEX-001;FOUND-LIMIT-001		PASS
SUP-E1.DERIVATIVE.01.SEMANTIC.PROOF	SUP-E1	SUP-E1.DERIVATIVE.01	SemanticDerivationProof	formal/proofs/SUP-E1.DERIVATIVE.01.mathematical.json	6599afb1bd4d9034fe02079a896fb51f132b505a3a23ccf650dad4fa87dac21e	418997dd3bc5048b39aec704fd6ceebf913f9debe3ec1e5d04653804dd1459cd	110c0f0f9c5d9fb01a1abee4665b0201535f8c402c64e4aacd6c3c3b08ae659d	FOUND-REAL-001;FOUND-CONVEX-001;FOUND-LIMIT-001		PASS
SUP-E1.GENERAL.03.LEAN.PROOF	SUP-E1	SUP-E1.GENERAL.03	LeanKernelProof	formal/proofs/SUP-E1.GENERAL.03.mathematical.json	e7b7bb45266e431edb2fbb43741c847c04d0e61bc81d631edd936af1a2a6102b	418997dd3bc5048b39aec704fd6ceebf913f9debe3ec1e5d04653804dd1459cd	76779406386d58ec1e9bf901532d6d6747e198bbb522453784bb23e7e8fd09a1	FOUND-REAL-001;FOUND-CONVEX-001;FOUND-LIMIT-001		PASS
SUP-E2.CONTRADICTION.01.SEMANTIC.PROOF	SUP-E2	SUP-E2.CONTRADICTION.01	SemanticDerivationProof	formal/proofs/SUP-E2.CONTRADICTION.01.mathematical.json	ab73bfc4213e2684af0bba14dfef499306b0d84f143addf742a16cc99d798cf0	ee3a23e2e3952420f4e1a7a4a417ff0bfbda1167f99363b3b36f399675de765e	91233e6af48479b97b1d18a624b6a25fe1934b0d7d74701da47070a388a05086	FOUND-REAL-001;FOUND-CONVEX-001;FOUND-KKT-001;FOUND-LIMIT-001	SUP-E1	PASS
SUP-E2.QUADRATIC.02.SEMANTIC.PROOF	SUP-E2	SUP-E2.QUADRATIC.02	SemanticDerivationProof	formal/proofs/SUP-E2.QUADRATIC.02.mathematical.json	591b5655929cb0134c888b01902009337407f2389c2332ad0464f059164bfa6b	ee3a23e2e3952420f4e1a7a4a417ff0bfbda1167f99363b3b36f399675de765e	14d0d5639bb314147b8d3ce189518235af0cce573976dcc17ecbb10b8fb4cd42	FOUND-REAL-001;FOUND-CONVEX-001;FOUND-KKT-001;FOUND-LIMIT-001	SUP-E1	PASS
SUP-E2.ZEROEXTEND.03.SEMANTIC.PROOF	SUP-E2	SUP-E2.ZEROEXTEND.03	SemanticDerivationProof	formal/proofs/SUP-E2.ZEROEXTEND.03.mathematical.json	c2379889e7ba662f5588229d0b57258b9114b76b3ec8082e046bedd65933cfa5	ee3a23e2e3952420f4e1a7a4a417ff0bfbda1167f99363b3b36f399675de765e	72dffb26bd18176cded41e514fd2b3eaadc35fb097206c21542251d2bf1460b0	FOUND-REAL-001;FOUND-CONVEX-001;FOUND-KKT-001;FOUND-LIMIT-001	SUP-E1	PASS
SUP-E3.ENERGY.02.SEMANTIC.PROOF	SUP-E3	SUP-E3.ENERGY.02	SemanticDerivationProof	formal/proofs/SUP-E3.ENERGY.02.mathematical.json	ce04f957c804ee9f9a8eee43806d6ff659ab0142717c086bbc5903a1de451a34	9d7fbce0e9189ac1b79ec826b71040429c06a6552279fda582a058ce669dd707	690f7cab82196d0ca427efa7b0e949fd67295b5fe652b8aa739db60cb77fde1f	FOUND-REAL-001;FOUND-CONVEX-001;FOUND-KKT-001;FOUND-LIMIT-001		PASS
SUP-E3.EXISTENCE.03.LEAN.PROOF	SUP-E3	SUP-E3.EXISTENCE.03	LeanKernelProof	formal/proofs/SUP-E3.EXISTENCE.03.mathematical.json	009827a2150d423e7defe70803dfc2f1a070c29d4474ee1077e3d8295edfa146	9d7fbce0e9189ac1b79ec826b71040429c06a6552279fda582a058ce669dd707	d137d2da914b0548a852947b230d9200c3ea99cf409f4e108e635c9f3f5359f9	FOUND-REAL-001;FOUND-CONVEX-001;FOUND-KKT-001;FOUND-LIMIT-001		PASS
SUP-E3.ROOT.01.SEMANTIC.PROOF	SUP-E3	SUP-E3.ROOT.01	SemanticDerivationProof	formal/proofs/SUP-E3.ROOT.01.mathematical.json	6bb0e7100a63d1f32a701a363875573fc42ddfc953e419191142b0e2b5a2604e	9d7fbce0e9189ac1b79ec826b71040429c06a6552279fda582a058ce669dd707	94b3b262acb2099e147968a0cf0e0aaa0a9c227f836de35274b6a21febd61938	FOUND-REAL-001;FOUND-CONVEX-001;FOUND-KKT-001;FOUND-LIMIT-001		PASS
SUP-E4.COEFFICIENT.01.SEMANTIC.PROOF	SUP-E4	SUP-E4.COEFFICIENT.01	SemanticDerivationProof	formal/proofs/SUP-E4.COEFFICIENT.01.mathematical.json	18e81659cfa6dce7ec52718426fa1d293114c6c68f32afa3a5448112db6a4fe3	47890896bb1aac11ba9fc6b452ed3644bf48adb6df6b9dc07e7251193f7332ea	3a40d9a97571d5aaec59c1f83898e3a1198d5bd6541ba46eddcb741083f5f782	FOUND-REAL-001;FOUND-CONVEX-001;FOUND-KKT-001;FOUND-LIMIT-001	SUP-E3	PASS
SUP-E4.METAPROOF.LEAN.PROOF	SUP-E4	SUP-E4.METAPROOF	LeanKernelProof	formal/proofs/SUP-E4.METAPROOF.mathematical.json	e877a2004b625bd82d30dd660c48659e2801f3e86c89de39950c75c20503cfbd	47890896bb1aac11ba9fc6b452ed3644bf48adb6df6b9dc07e7251193f7332ea	93e05bc156647d495c233f25a6703e4777f4065b335fa44981020f331f988b53	FOUND-REAL-001;FOUND-CONVEX-001;FOUND-KKT-001;FOUND-LIMIT-001	SUP-E3	PASS
SUP-E4.REPAIR.02.SEMANTIC.PROOF	SUP-E4	SUP-E4.REPAIR.02	SemanticDerivationProof	formal/proofs/SUP-E4.REPAIR.02.mathematical.json	6c5adf67d58dadae30b60b5011a1c1af402c12794e5d182563a1e6013cfc154f	47890896bb1aac11ba9fc6b452ed3644bf48adb6df6b9dc07e7251193f7332ea	fb16da4c67bfd9c1b3b62c7d1e0b325a2b07f50ce942148adbe858f7f9c42951	FOUND-REAL-001;FOUND-CONVEX-001;FOUND-KKT-001;FOUND-LIMIT-001	SUP-E3	PASS
SUP-E4.TRILEMMA.03.SEMANTIC.PROOF	SUP-E4	SUP-E4.TRILEMMA.03	SemanticDerivationProof	formal/proofs/SUP-E4.TRILEMMA.03.mathematical.json	887405099d0123625db72dac170c689d9eeaee791683a0a155ca565003a7ecb7	47890896bb1aac11ba9fc6b452ed3644bf48adb6df6b9dc07e7251193f7332ea	89c5925cdcd63fed12181623b898f8772ea798bbc0cc73c221c7e76f50f93cf9	FOUND-REAL-001;FOUND-CONVEX-001;FOUND-KKT-001;FOUND-LIMIT-001	SUP-E3	PASS
