check_id	check_type	result_id	formal_statement_sha256	english_statement_sha256	portuguese_statement_sha256	english_statement_file_sha256	portuguese_statement_file_sha256	checks	status
APP-BASIC.STATEMENT-CORRESPONDENCE.CHECK	StatementCorrespondenceCheck	APP-BASIC	14c3f3c79200ded31c7f33dd7dec214994a854463aedb67ba01d12fc8dfa912f	87d051da4f811e494371d321a7e84fe9a2268dd4b8e596528687a11c33466a50	e2a335feb291cd4f30809651c0f2b3ebbfc0cc389f15ea32420433ba4a5ffe10	0f5ba49adfd9aa1a45f0b46b188bca208db1fbbc5343acc6b9dc66f05d491d71	227520052d4534b91acf4d32c104f4752e0beb36f1d274b59a32e8f34989bf58	"{""en_check_file_hash"":true,""en_check_marker"":true,""en_check_path"":true,""en_check_statement_hash"":true,""en_formal_hash"":true,""en_formal_path"":true,""en_statement_label"":true,""english_hash"":true,""english_registry"":true,""formal_hash"":true,""localized_link_node"":true,""portuguese_hash"":true,""portuguese_registry"":true,""pt_BR_check_file_hash"":true,""pt_BR_check_marker"":true,""pt_BR_check_path"":true,""pt_BR_check_statement_hash"":true,""pt_BR_formal_hash"":true,""pt_BR_formal_path"":true,""pt_BR_statement_label"":true,""statement_check_exists"":true,""statement_check_fields"":true,""statement_check_formal_hash"":true,""statement_check_id"":true,""statement_check_payload_fields"":true,""statement_check_result"":true,""statement_check_schema"":true,""statement_check_type"":true}"	PASS
APP-MCC-COMP.STATEMENT-CORRESPONDENCE.CHECK	StatementCorrespondenceCheck	APP-MCC-COMP	f796d0bb669392ebfeca06ca2fd90c4974d048417fb9154e496855eece25d87e	b3ebff85741d8850f3c9f6761954d58afba0b9afcaaa1e6283a1565fbc21d666	b97ded68851ff9ce3ac824f72fb1d7597ce56df8189ccef3c10afbd008c9ac32	9cfb08b8a7d224df52fdedb18635f982ccae6a4b4a89288621aed56f2366e1b6	7da1e94fcf248a8950759db44d976d85aaf7ead8a955a373609cf813e92d0be6	"{""en_check_file_hash"":true,""en_check_marker"":true,""en_check_path"":true,""en_check_statement_hash"":true,""en_formal_hash"":true,""en_formal_path"":true,""en_statement_label"":true,""english_hash"":true,""english_registry"":true,""formal_hash"":true,""localized_link_node"":true,""portuguese_hash"":true,""portuguese_registry"":true,""pt_BR_check_file_hash"":true,""pt_BR_check_marker"":true,""pt_BR_check_path"":true,""pt_BR_check_statement_hash"":true,""pt_BR_formal_hash"":true,""pt_BR_formal_path"":true,""pt_BR_statement_label"":true,""statement_check_exists"":true,""statement_check_fields"":true,""statement_check_formal_hash"":true,""statement_check_id"":true,""statement_check_payload_fields"":true,""statement_check_result"":true,""statement_check_schema"":true,""statement_check_type"":true}"	PASS
APP-MCC-GRID.STATEMENT-CORRESPONDENCE.CHECK	StatementCorrespondenceCheck	APP-MCC-GRID	f019672b48a6274c318e071b932758ce3fcc6e267c2ca55354bd0be2f0889893	b576a7a9acec218f0fd54a354376afdc591810d3f16453652f37c4c44be04742	bb25cf4eca94da5250d2917f5efc4b9313d7801221eed1d475fef81b0fad8807	3b432d6f49423d32ea307cdc4a4c9a5f8c2235f8598aec2339416d5f2ec9cf06	8b7e0f999e04a913c3200ecf1d0026d8ed7eb3430ca287badb44cdabe9b2fe42	"{""en_check_file_hash"":true,""en_check_marker"":true,""en_check_path"":true,""en_check_statement_hash"":true,""en_formal_hash"":true,""en_formal_path"":true,""en_statement_label"":true,""english_hash"":true,""english_registry"":true,""formal_hash"":true,""localized_link_node"":true,""portuguese_hash"":true,""portuguese_registry"":true,""pt_BR_check_file_hash"":true,""pt_BR_check_marker"":true,""pt_BR_check_path"":true,""pt_BR_check_statement_hash"":true,""pt_BR_formal_hash"":true,""pt_BR_formal_path"":true,""pt_BR_statement_label"":true,""statement_check_exists"":true,""statement_check_fields"":true,""statement_check_formal_hash"":true,""statement_check_id"":true,""statement_check_payload_fields"":true,""statement_check_result"":true,""statement_check_schema"":true,""statement_check_type"":true}"	PASS
APP-MCC-LENGTH.STATEMENT-CORRESPONDENCE.CHECK	StatementCorrespondenceCheck	APP-MCC-LENGTH	b32a629b1c0b6eebb7793055a673c171ac067c583193e1dd3c9ce87d0df4894f	2da565ed3f0cd45e17f1dc46b3640b4fb1572dad2eac6c4a5d3ab484bcea9a54	e597953d5cdd07ef07ef3cb84390e0e7f71f03035f404a42ca3612957cab697b	4b7b5a53f9077b4203597a1da2448aaf0b49df09b8718ac14736542cf762e5cb	92b9477dd86606a8c547df05ffb212e61c78ee16a2b8c3fa3374694be44333d2	"{""en_check_file_hash"":true,""en_check_marker"":true,""en_check_path"":true,""en_check_statement_hash"":true,""en_formal_hash"":true,""en_formal_path"":true,""en_statement_label"":true,""english_hash"":true,""english_registry"":true,""formal_hash"":true,""localized_link_node"":true,""portuguese_hash"":true,""portuguese_registry"":true,""pt_BR_check_file_hash"":true,""pt_BR_check_marker"":true,""pt_BR_check_path"":true,""pt_BR_check_statement_hash"":true,""pt_BR_formal_hash"":true,""pt_BR_formal_path"":true,""pt_BR_statement_label"":true,""statement_check_exists"":true,""statement_check_fields"":true,""statement_check_formal_hash"":true,""statement_check_id"":true,""statement_check_payload_fields"":true,""statement_check_result"":true,""statement_check_schema"":true,""statement_check_type"":true}"	PASS
CALC-F1.STATEMENT-CORRESPONDENCE.CHECK	StatementCorrespondenceCheck	CALC-F1	14564da8100357eeb05a513662f0a987f19f3192ff9fec474eee1f87123a4cca	40ed87906fadfd4a9856769c8542d07475512f9800ea38618457edb8b7bb1ec5	f71f1574d6fbf1e5804a67164c5a26343ecf760a37fab8c09d1fd1240001b9a7	872ba42b7482c0ccf5526344851613b3ddeb3c76e1d18fc5fde5e8ed81096801	9ae3cdb7f989f7c1c1ed267d00c7662dd687849eba90d8e8682eeca7ebbd6ec9	"{""en_check_file_hash"":true,""en_check_marker"":true,""en_check_path"":true,""en_check_statement_hash"":true,""en_formal_hash"":true,""en_formal_path"":true,""en_statement_label"":true,""english_hash"":true,""english_registry"":true,""formal_hash"":true,""localized_link_node"":true,""portuguese_hash"":true,""portuguese_registry"":true,""pt_BR_check_file_hash"":true,""pt_BR_check_marker"":true,""pt_BR_check_path"":true,""pt_BR_check_statement_hash"":true,""pt_BR_formal_hash"":true,""pt_BR_formal_path"":true,""pt_BR_statement_label"":true,""statement_check_exists"":true,""statement_check_fields"":true,""statement_check_formal_hash"":true,""statement_check_id"":true,""statement_check_payload_fields"":true,""statement_check_result"":true,""statement_check_schema"":true,""statement_check_type"":true}"	PASS
CALC-R01.STATEMENT-CORRESPONDENCE.CHECK	StatementCorrespondenceCheck	CALC-R01	1edd33e91dfb348e41d9dcc6da448f7c2af572fbb6cba0e9d24922e27a6d66cd	9667f773537888656346615cc1b6de283e9958fc6d804a823ebd96cfcefcce53	6df389f8624bf6a7c2bf90238896607e0c2b23638ac3542051db1ad6dfc5898c	43ddcb1f062f4338292eaccf439215dc2fe924ade07f4220fc985e90a6d2abe7	e058b90476f1a1fd1e33caec44183dc1033ba0442d40f2337a03572f6862d6c2	"{""en_check_file_hash"":true,""en_check_marker"":true,""en_check_path"":true,""en_check_statement_hash"":true,""en_formal_hash"":true,""en_formal_path"":true,""en_statement_label"":true,""english_hash"":true,""english_registry"":true,""formal_hash"":true,""localized_link_node"":true,""portuguese_hash"":true,""portuguese_registry"":true,""pt_BR_check_file_hash"":true,""pt_BR_check_marker"":true,""pt_BR_check_path"":true,""pt_BR_check_statement_hash"":true,""pt_BR_formal_hash"":true,""pt_BR_formal_path"":true,""pt_BR_statement_label"":true,""statement_check_exists"":true,""statement_check_fields"":true,""statement_check_formal_hash"":true,""statement_check_id"":true,""statement_check_payload_fields"":true,""statement_check_result"":true,""statement_check_schema"":true,""statement_check_type"":true}"	PASS
CALC-R02.STATEMENT-CORRESPONDENCE.CHECK	StatementCorrespondenceCheck	CALC-R02	2bea56a5e3744ebe39c01ed48c786776f2cf4b12cab5f6cbc6dcf3e0d641f58d	3fa2d68bf74748265f14197fe07806106d77467e1e09263e85add5f7bccdb437	6924cb4ed4b6c3a02eae4c85c095a815f83098786dba749586fa27d614878b51	e34b73e6e74f58928d9073c75153e273da8342a5b1ea3b77d653305a19a94a37	218be1723d89f8ad91e3fc416740376699f1a92068c770f5e4768a7125796daf	"{""en_check_file_hash"":true,""en_check_marker"":true,""en_check_path"":true,""en_check_statement_hash"":true,""en_formal_hash"":true,""en_formal_path"":true,""en_statement_label"":true,""english_hash"":true,""english_registry"":true,""formal_hash"":true,""localized_link_node"":true,""portuguese_hash"":true,""portuguese_registry"":true,""pt_BR_check_file_hash"":true,""pt_BR_check_marker"":true,""pt_BR_check_path"":true,""pt_BR_check_statement_hash"":true,""pt_BR_formal_hash"":true,""pt_BR_formal_path"":true,""pt_BR_statement_label"":true,""statement_check_exists"":true,""statement_check_fields"":true,""statement_check_formal_hash"":true,""statement_check_id"":true,""statement_check_payload_fields"":true,""statement_check_result"":true,""statement_check_schema"":true,""statement_check_type"":true}"	PASS
CALC-R03.STATEMENT-CORRESPONDENCE.CHECK	StatementCorrespondenceCheck	CALC-R03	b4e629cca9e1dbf241d21d13afc7a6bffe2c0073a1f319c104a1e0ad9245e863	9a5fc7681ced3556a332ab8abdcbd60c430b0022007b25f9c580093493a1db71	85d3648ec7e2c72c51ac089581278c6e02afc29f48f2342bb62c390d37ccb30b	0137190f9bd19c09272d800b32ac475efef60a8632243d6a83a70d3fc8a929e3	c0bb68fc063e09c0cd7dfa276ccaf648da241570c23519a7f1de428719a7717f	"{""en_check_file_hash"":true,""en_check_marker"":true,""en_check_path"":true,""en_check_statement_hash"":true,""en_formal_hash"":true,""en_formal_path"":true,""en_statement_label"":true,""english_hash"":true,""english_registry"":true,""formal_hash"":true,""localized_link_node"":true,""portuguese_hash"":true,""portuguese_registry"":true,""pt_BR_check_file_hash"":true,""pt_BR_check_marker"":true,""pt_BR_check_path"":true,""pt_BR_check_statement_hash"":true,""pt_BR_formal_hash"":true,""pt_BR_formal_path"":true,""pt_BR_statement_label"":true,""statement_check_exists"":true,""statement_check_fields"":true,""statement_check_formal_hash"":true,""statement_check_id"":true,""statement_check_payload_fields"":true,""statement_check_result"":true,""statement_check_schema"":true,""statement_check_type"":true}"	PASS
CALC-R04.STATEMENT-CORRESPONDENCE.CHECK	StatementCorrespondenceCheck	CALC-R04	6a97553125a9f4a3c38dbb80e299703f1ace7f919e21bb19dd2b4f636c3a0100	fa930ade936047c88e6a411aa2d4d0941bf65770cf43da5844a2129f0136ead0	0980b1274f7304a07ba6e66631af5914065948aaa68afc870f17217fd2ff1b14	e47232ab4f3c90b3d67031815c4fe193065dcedd69ede11172c2b1033020cdce	73fec77416771dfd388ca647165fb664b71ef93db5640ae06d2d5142bbbd6fee	"{""en_check_file_hash"":true,""en_check_marker"":true,""en_check_path"":true,""en_check_statement_hash"":true,""en_formal_hash"":true,""en_formal_path"":true,""en_statement_label"":true,""english_hash"":true,""english_registry"":true,""formal_hash"":true,""localized_link_node"":true,""portuguese_hash"":true,""portuguese_registry"":true,""pt_BR_check_file_hash"":true,""pt_BR_check_marker"":true,""pt_BR_check_path"":true,""pt_BR_check_statement_hash"":true,""pt_BR_formal_hash"":true,""pt_BR_formal_path"":true,""pt_BR_statement_label"":true,""statement_check_exists"":true,""statement_check_fields"":true,""statement_check_formal_hash"":true,""statement_check_id"":true,""statement_check_payload_fields"":true,""statement_check_result"":true,""statement_check_schema"":true,""statement_check_type"":true}"	PASS
CALC-R05.STATEMENT-CORRESPONDENCE.CHECK	StatementCorrespondenceCheck	CALC-R05	2667bb63c33827f123f34e93224557ad08ed8282fff1b3c55cb5f831a58d0874	55280da4f7ae18019398b148e03e5930d5cc92e7040a658e9c3888cc61b1a7d0	ed2b114cfd4346a8c8403b4de6768cf869d48cbf4ae3c3c5578ca81741aa0beb	74fff43b767c4855ec1a712ea5e217534f86cd7cc21000ebb061ae17e6c326e7	92a835e13e1de3aa5c54a8b751842545c1ff52bc7e288e68b04e44b47e00bde9	"{""en_check_file_hash"":true,""en_check_marker"":true,""en_check_path"":true,""en_check_statement_hash"":true,""en_formal_hash"":true,""en_formal_path"":true,""en_statement_label"":true,""english_hash"":true,""english_registry"":true,""formal_hash"":true,""localized_link_node"":true,""portuguese_hash"":true,""portuguese_registry"":true,""pt_BR_check_file_hash"":true,""pt_BR_check_marker"":true,""pt_BR_check_path"":true,""pt_BR_check_statement_hash"":true,""pt_BR_formal_hash"":true,""pt_BR_formal_path"":true,""pt_BR_statement_label"":true,""statement_check_exists"":true,""statement_check_fields"":true,""statement_check_formal_hash"":true,""statement_check_id"":true,""statement_check_payload_fields"":true,""statement_check_result"":true,""statement_check_schema"":true,""statement_check_type"":true}"	PASS
CALC-R06.STATEMENT-CORRESPONDENCE.CHECK	StatementCorrespondenceCheck	CALC-R06	26c55ccdeee730941a66f403053564f7c22c93b943da53ee7913e92e74caa3ba	4788de5ba30310aff564247f711e05610598e294c727c4fd43969f5000dac768	d3c9aa97ff60574fdd419bdf2b8867a4d34d3d15c0e9f5f98925fb25597e2ad1	bb950cb46696c0df214f58782059b0d5fe118c8e61ac4c319574458d6eade1ea	bb1e31073f9b53e19bd964cea793a5bab4da771f26aad1671d5f6d3160686f4a	"{""en_check_file_hash"":true,""en_check_marker"":true,""en_check_path"":true,""en_check_statement_hash"":true,""en_formal_hash"":true,""en_formal_path"":true,""en_statement_label"":true,""english_hash"":true,""english_registry"":true,""formal_hash"":true,""localized_link_node"":true,""portuguese_hash"":true,""portuguese_registry"":true,""pt_BR_check_file_hash"":true,""pt_BR_check_marker"":true,""pt_BR_check_path"":true,""pt_BR_check_statement_hash"":true,""pt_BR_formal_hash"":true,""pt_BR_formal_path"":true,""pt_BR_statement_label"":true,""statement_check_exists"":true,""statement_check_fields"":true,""statement_check_formal_hash"":true,""statement_check_id"":true,""statement_check_payload_fields"":true,""statement_check_result"":true,""statement_check_schema"":true,""statement_check_type"":true}"	PASS
CALC-R07.STATEMENT-CORRESPONDENCE.CHECK	StatementCorrespondenceCheck	CALC-R07	de1abcb39f7c26f26b2f4232bb7ac8d503b7a2bbb2722ecdd6671fa79bd7483e	bc03d5e08dde84e226f6269ffbd00ac174618ac66215197e57172647de6bb63d	77521eaaa78dd7c362942983a2ea7c8fc480f76dafb49f5d72f137daa52db922	de1adc5a87f7ac35cebd648e2054c6742bb4a3fc33e45b9d3e38f17c3ce7e98a	4d07dbfbc03f76ff7ad752bb0af28cd3cc0112d69119649fc6143948fe5d5bda	"{""en_check_file_hash"":true,""en_check_marker"":true,""en_check_path"":true,""en_check_statement_hash"":true,""en_formal_hash"":true,""en_formal_path"":true,""en_statement_label"":true,""english_hash"":true,""english_registry"":true,""formal_hash"":true,""localized_link_node"":true,""portuguese_hash"":true,""portuguese_registry"":true,""pt_BR_check_file_hash"":true,""pt_BR_check_marker"":true,""pt_BR_check_path"":true,""pt_BR_check_statement_hash"":true,""pt_BR_formal_hash"":true,""pt_BR_formal_path"":true,""pt_BR_statement_label"":true,""statement_check_exists"":true,""statement_check_fields"":true,""statement_check_formal_hash"":true,""statement_check_id"":true,""statement_check_payload_fields"":true,""statement_check_result"":true,""statement_check_schema"":true,""statement_check_type"":true}"	PASS
CALC-R08.STATEMENT-CORRESPONDENCE.CHECK	StatementCorrespondenceCheck	CALC-R08	8856b18b8b5fb3251271ba82e509339fe55c5bff78c028f3917b174c569d4308	3c10ed12a4f090edd1ab1622398672609fce8d83fc13d8e5638d9329fcbef01f	d890a8f847c6095ed14209a741e7f83f2bcd5cdd7ffda62d5519fd8a8e7dc8a4	d1700bdc3fef0eae2526f9c3a552dbc314a15c44fa2fb631c7eeca91c1e4a1db	f01539cd6c10478e58ebcf753b6f9d8feb1f4e68a1dabdabf15e445cc53c6b0d	"{""en_check_file_hash"":true,""en_check_marker"":true,""en_check_path"":true,""en_check_statement_hash"":true,""en_formal_hash"":true,""en_formal_path"":true,""en_statement_label"":true,""english_hash"":true,""english_registry"":true,""formal_hash"":true,""localized_link_node"":true,""portuguese_hash"":true,""portuguese_registry"":true,""pt_BR_check_file_hash"":true,""pt_BR_check_marker"":true,""pt_BR_check_path"":true,""pt_BR_check_statement_hash"":true,""pt_BR_formal_hash"":true,""pt_BR_formal_path"":true,""pt_BR_statement_label"":true,""statement_check_exists"":true,""statement_check_fields"":true,""statement_check_formal_hash"":true,""statement_check_id"":true,""statement_check_payload_fields"":true,""statement_check_result"":true,""statement_check_schema"":true,""statement_check_type"":true}"	PASS
CALC-R09.STATEMENT-CORRESPONDENCE.CHECK	StatementCorrespondenceCheck	CALC-R09	1101537f92f0ab8c124b0151677f4e5c379d7288bed28b7342029e982d0b647c	9298b6ae0bd6fe390af72cf5da9db85aeeea64db76e74298bb209c537a1b6819	471b5dee2a8fdaf47eef07fb864a097c9ba0f69576a6088eaa3a259d396b24d6	62d4cd8d3399d82d968fb175332f8151529f9a9c2c78de33cc4d336f13c40538	a3d397f639a59789c6aaa6e2ed59f6ea5ac40e26aa8ec009166519a0e994b243	"{""en_check_file_hash"":true,""en_check_marker"":true,""en_check_path"":true,""en_check_statement_hash"":true,""en_formal_hash"":true,""en_formal_path"":true,""en_statement_label"":true,""english_hash"":true,""english_registry"":true,""formal_hash"":true,""localized_link_node"":true,""portuguese_hash"":true,""portuguese_registry"":true,""pt_BR_check_file_hash"":true,""pt_BR_check_marker"":true,""pt_BR_check_path"":true,""pt_BR_check_statement_hash"":true,""pt_BR_formal_hash"":true,""pt_BR_formal_path"":true,""pt_BR_statement_label"":true,""statement_check_exists"":true,""statement_check_fields"":true,""statement_check_formal_hash"":true,""statement_check_id"":true,""statement_check_payload_fields"":true,""statement_check_result"":true,""statement_check_schema"":true,""statement_check_type"":true}"	PASS
CALC-R10.STATEMENT-CORRESPONDENCE.CHECK	StatementCorrespondenceCheck	CALC-R10	244e9b9fa58bd321ca67eea82759c70ea43929145ab3a84df757e2c477704d80	e6fef41bc9c706bcd18a97bfeac5ae5daf8e9d3cf544ba9ebf2e278e0fce7a62	2299dbd7a68a863d1e17869cbe3f667adfa149f98f144d34056957e695980cbc	561700c584cd6bdc6751c69e8155dbbe0b2f66d951d04f937cf4a1a5c1743837	ef40e17fe254752a7204ff92f93641e583755c63ccc064a27ebf304725771aa2	"{""en_check_file_hash"":true,""en_check_marker"":true,""en_check_path"":true,""en_check_statement_hash"":true,""en_formal_hash"":true,""en_formal_path"":true,""en_statement_label"":true,""english_hash"":true,""english_registry"":true,""formal_hash"":true,""localized_link_node"":true,""portuguese_hash"":true,""portuguese_registry"":true,""pt_BR_check_file_hash"":true,""pt_BR_check_marker"":true,""pt_BR_check_path"":true,""pt_BR_check_statement_hash"":true,""pt_BR_formal_hash"":true,""pt_BR_formal_path"":true,""pt_BR_statement_label"":true,""statement_check_exists"":true,""statement_check_fields"":true,""statement_check_formal_hash"":true,""statement_check_id"":true,""statement_check_payload_fields"":true,""statement_check_result"":true,""statement_check_schema"":true,""statement_check_type"":true}"	PASS
CALC-R11.STATEMENT-CORRESPONDENCE.CHECK	StatementCorrespondenceCheck	CALC-R11	6d3fe1eef5d390df53e05f322362322a83fe793486d3feb7d98d0850ce6bb7d1	e9fc688562bfc3402ce849c34df21741549b623155850d37744536151155ced8	55599b3955feef8017e2bad4c980a998537696c7a42a1cb240700b1d85e080aa	2c6835dac217b8ea6a7ff4d40ebbdc08421d359408170a19e4fd409487bb5bb3	985415dbb9e9fe18b2e5e21eaae89fec9129bf891f6a7100a937fbf172c62846	"{""en_check_file_hash"":true,""en_check_marker"":true,""en_check_path"":true,""en_check_statement_hash"":true,""en_formal_hash"":true,""en_formal_path"":true,""en_statement_label"":true,""english_hash"":true,""english_registry"":true,""formal_hash"":true,""localized_link_node"":true,""portuguese_hash"":true,""portuguese_registry"":true,""pt_BR_check_file_hash"":true,""pt_BR_check_marker"":true,""pt_BR_check_path"":true,""pt_BR_check_statement_hash"":true,""pt_BR_formal_hash"":true,""pt_BR_formal_path"":true,""pt_BR_statement_label"":true,""statement_check_exists"":true,""statement_check_fields"":true,""statement_check_formal_hash"":true,""statement_check_id"":true,""statement_check_payload_fields"":true,""statement_check_result"":true,""statement_check_schema"":true,""statement_check_type"":true}"	PASS
CALC-R12.STATEMENT-CORRESPONDENCE.CHECK	StatementCorrespondenceCheck	CALC-R12	383e649afef1468cfd4916e07e4bfbfc3160d2a0fa1d75d627e23f7801ea9410	f630230b9f98e56eb656a9b7480c10e285c439c62b877c554618071ef83b919c	e4be391f13e52b69f37ad4f0e595aa7edfd27277bd6a14dedcbb8a700c18d882	bc6d4200f87ce1a279dff4bf40dd84e62cbb58d5813a7a9ca88e6dc0dc0630e0	60fe06a8ec95b2bb3c017aa5222537cadd55801edeee98fc642e01515700cc29	"{""en_check_file_hash"":true,""en_check_marker"":true,""en_check_path"":true,""en_check_statement_hash"":true,""en_formal_hash"":true,""en_formal_path"":true,""en_statement_label"":true,""english_hash"":true,""english_registry"":true,""formal_hash"":true,""localized_link_node"":true,""portuguese_hash"":true,""portuguese_registry"":true,""pt_BR_check_file_hash"":true,""pt_BR_check_marker"":true,""pt_BR_check_path"":true,""pt_BR_check_statement_hash"":true,""pt_BR_formal_hash"":true,""pt_BR_formal_path"":true,""pt_BR_statement_label"":true,""statement_check_exists"":true,""statement_check_fields"":true,""statement_check_formal_hash"":true,""statement_check_id"":true,""statement_check_payload_fields"":true,""statement_check_result"":true,""statement_check_schema"":true,""statement_check_type"":true}"	PASS
CALC-R13.STATEMENT-CORRESPONDENCE.CHECK	StatementCorrespondenceCheck	CALC-R13	92a76606d7bdee95d7032a8af8211b27c8032a1d9eeaff288c9869fb0356e689	cc142a81351906aa287683352b2af6929714e2fab95cfc6bf092c96f23b923a9	9d5874aab864827bdd824d6a299b40906dbc079a408b3d8bac166ea8ba118cae	cd7b8d70bc77029149ecbcf92c3a52b8486a03e1d77b4a99ee5f4dfea347dda2	b398a813e2e9b66b2f5028132653d3e523a08b646c26b1a367aab205c061e279	"{""en_check_file_hash"":true,""en_check_marker"":true,""en_check_path"":true,""en_check_statement_hash"":true,""en_formal_hash"":true,""en_formal_path"":true,""en_statement_label"":true,""english_hash"":true,""english_registry"":true,""formal_hash"":true,""localized_link_node"":true,""portuguese_hash"":true,""portuguese_registry"":true,""pt_BR_check_file_hash"":true,""pt_BR_check_marker"":true,""pt_BR_check_path"":true,""pt_BR_check_statement_hash"":true,""pt_BR_formal_hash"":true,""pt_BR_formal_path"":true,""pt_BR_statement_label"":true,""statement_check_exists"":true,""statement_check_fields"":true,""statement_check_formal_hash"":true,""statement_check_id"":true,""statement_check_payload_fields"":true,""statement_check_result"":true,""statement_check_schema"":true,""statement_check_type"":true}"	PASS
CALC-R14.STATEMENT-CORRESPONDENCE.CHECK	StatementCorrespondenceCheck	CALC-R14	433ee8da5c7a3c371ca8470c1ec307248d4387ec6512986a45ceb6297bd28382	04ac2b7056203de6fa492a3b0abb10c31568e071b09dd5ebddc936befa149389	b15a7d5dee0af50a6714f986f7bd79a024729a6d788cd8b96a26b2e8e984d70f	ad424340ea3d789adbe90a94b02ca2d2e360c830db20e2afdc1cf801cf679d88	737f15d685187e67235a7ced8918fc2624964bb595caa4a521f73ab11c3b308a	"{""en_check_file_hash"":true,""en_check_marker"":true,""en_check_path"":true,""en_check_statement_hash"":true,""en_formal_hash"":true,""en_formal_path"":true,""en_statement_label"":true,""english_hash"":true,""english_registry"":true,""formal_hash"":true,""localized_link_node"":true,""portuguese_hash"":true,""portuguese_registry"":true,""pt_BR_check_file_hash"":true,""pt_BR_check_marker"":true,""pt_BR_check_path"":true,""pt_BR_check_statement_hash"":true,""pt_BR_formal_hash"":true,""pt_BR_formal_path"":true,""pt_BR_statement_label"":true,""statement_check_exists"":true,""statement_check_fields"":true,""statement_check_formal_hash"":true,""statement_check_id"":true,""statement_check_payload_fields"":true,""statement_check_result"":true,""statement_check_schema"":true,""statement_check_type"":true}"	PASS
CALC-R15.STATEMENT-CORRESPONDENCE.CHECK	StatementCorrespondenceCheck	CALC-R15	c79c6ff300b75f778f47bf65b53d3e5254748b91a6137736bee703647442118e	1b318604548c994b7da3592d2395092e41ae9ce38a2842710d74d2f56375dc66	60ef8ebf7d1bbdfb575c6c1ec3545f86d5f877be3beb8165b4f884c949326638	75f41f090d0c290b2eb893b528319c03b50094372d240196fe5c72910e3da6e4	830da4f3552079b0471e716cbb50da7f500f2cf5f967b81364f7b06fec9c49c7	"{""en_check_file_hash"":true,""en_check_marker"":true,""en_check_path"":true,""en_check_statement_hash"":true,""en_formal_hash"":true,""en_formal_path"":true,""en_statement_label"":true,""english_hash"":true,""english_registry"":true,""formal_hash"":true,""localized_link_node"":true,""portuguese_hash"":true,""portuguese_registry"":true,""pt_BR_check_file_hash"":true,""pt_BR_check_marker"":true,""pt_BR_check_path"":true,""pt_BR_check_statement_hash"":true,""pt_BR_formal_hash"":true,""pt_BR_formal_path"":true,""pt_BR_statement_label"":true,""statement_check_exists"":true,""statement_check_fields"":true,""statement_check_formal_hash"":true,""statement_check_id"":true,""statement_check_payload_fields"":true,""statement_check_result"":true,""statement_check_schema"":true,""statement_check_type"":true}"	PASS
CHG-B1.STATEMENT-CORRESPONDENCE.CHECK	StatementCorrespondenceCheck	CHG-B1	7f262044bbadce98672029070f82f6587f3eeceb42d016c5f4be45055d8fd800	428035edd9f9baddb50aff0a2a26cb6f6f3442d0e755d5e49d813f8b1ce8ac14	7ac4219b2f24ae65f5863b044fd5aa10a585cb527bd33ce4397bc906a6255ae6	e47a5443f3a61949bffc9c184a1c816b2f495483af54c343f34846c0764203b2	a1b602626e347b06cb165f4dddfdd6e76430c3165c384f6aa32349b00b2513df	"{""en_check_file_hash"":true,""en_check_marker"":true,""en_check_path"":true,""en_check_statement_hash"":true,""en_formal_hash"":true,""en_formal_path"":true,""en_statement_label"":true,""english_hash"":true,""english_registry"":true,""formal_hash"":true,""localized_link_node"":true,""portuguese_hash"":true,""portuguese_registry"":true,""pt_BR_check_file_hash"":true,""pt_BR_check_marker"":true,""pt_BR_check_path"":true,""pt_BR_check_statement_hash"":true,""pt_BR_formal_hash"":true,""pt_BR_formal_path"":true,""pt_BR_statement_label"":true,""statement_check_exists"":true,""statement_check_fields"":true,""statement_check_formal_hash"":true,""statement_check_id"":true,""statement_check_payload_fields"":true,""statement_check_result"":true,""statement_check_schema"":true,""statement_check_type"":true}"	PASS
CHG-B10.STATEMENT-CORRESPONDENCE.CHECK	StatementCorrespondenceCheck	CHG-B10	3d7417072909554aa90bf8c65822d4435b02419ae2b38bae7d042e198708ff98	1fbabbe7289f421bc2c59ed264c6c33c72c2c1e6cd7b734bd9d0083b02351dd3	cfff4be6ee89dfa3037850a99b5317a2eb85c0c0d9a790f69db99ca71b7a193a	5470d687ea92ba8315bb320b3c806f915de70fe3cd51e4b706a6bd0986a4f8cf	6b85431ca6fe18e0007f27f9885159f4341bb6f129892ffcdb199a826a5e2957	"{""en_check_file_hash"":true,""en_check_marker"":true,""en_check_path"":true,""en_check_statement_hash"":true,""en_formal_hash"":true,""en_formal_path"":true,""en_statement_label"":true,""english_hash"":true,""english_registry"":true,""formal_hash"":true,""localized_link_node"":true,""portuguese_hash"":true,""portuguese_registry"":true,""pt_BR_check_file_hash"":true,""pt_BR_check_marker"":true,""pt_BR_check_path"":true,""pt_BR_check_statement_hash"":true,""pt_BR_formal_hash"":true,""pt_BR_formal_path"":true,""pt_BR_statement_label"":true,""statement_check_exists"":true,""statement_check_fields"":true,""statement_check_formal_hash"":true,""statement_check_id"":true,""statement_check_payload_fields"":true,""statement_check_result"":true,""statement_check_schema"":true,""statement_check_type"":true}"	PASS
CHG-B11.STATEMENT-CORRESPONDENCE.CHECK	StatementCorrespondenceCheck	CHG-B11	3678fd7d865494bf27e17499109966656bbd908681b58b6bc401c907d81f1dbb	883d38b8a274ac2d7c53cdf4b5da07408934c4a680bd1926f504f2adaeec2c4e	54b3bd474ae500fd8afeb1ee55b06dab3b8e96861443030d45d1855a1bc13d91	04889f7cc61690ab33f78cf9ee10b3733b1c20749def48ff50ea99f8df29f1ed	598b184c496359833c0776f445838db91f6460fe448fcb470b6d2dd38b7621bf	"{""en_check_file_hash"":true,""en_check_marker"":true,""en_check_path"":true,""en_check_statement_hash"":true,""en_formal_hash"":true,""en_formal_path"":true,""en_statement_label"":true,""english_hash"":true,""english_registry"":true,""formal_hash"":true,""localized_link_node"":true,""portuguese_hash"":true,""portuguese_registry"":true,""pt_BR_check_file_hash"":true,""pt_BR_check_marker"":true,""pt_BR_check_path"":true,""pt_BR_check_statement_hash"":true,""pt_BR_formal_hash"":true,""pt_BR_formal_path"":true,""pt_BR_statement_label"":true,""statement_check_exists"":true,""statement_check_fields"":true,""statement_check_formal_hash"":true,""statement_check_id"":true,""statement_check_payload_fields"":true,""statement_check_result"":true,""statement_check_schema"":true,""statement_check_type"":true}"	PASS
CHG-B12.STATEMENT-CORRESPONDENCE.CHECK	StatementCorrespondenceCheck	CHG-B12	f6a38e7f1b736882a25e9aa8d0fa647db29304efa79f19f37ec7b68965df6aaf	99ad4b9b6f3d6ae93734ad286b7f701a10139ea9812d7b027deedff3be440da5	fde05b1c440c52a96c44661b49a15c20ff6aff225b5fc8c91f221ed1af678fc9	53eddfa5102573c0c880ca2720e1daa313278c70c17cea71b0887ad820e2d925	4e1f1776dc926f45817758bc3407f2063ccba9d2d17c9b2905073d9b50a59934	"{""en_check_file_hash"":true,""en_check_marker"":true,""en_check_path"":true,""en_check_statement_hash"":true,""en_formal_hash"":true,""en_formal_path"":true,""en_statement_label"":true,""english_hash"":true,""english_registry"":true,""formal_hash"":true,""localized_link_node"":true,""portuguese_hash"":true,""portuguese_registry"":true,""pt_BR_check_file_hash"":true,""pt_BR_check_marker"":true,""pt_BR_check_path"":true,""pt_BR_check_statement_hash"":true,""pt_BR_formal_hash"":true,""pt_BR_formal_path"":true,""pt_BR_statement_label"":true,""statement_check_exists"":true,""statement_check_fields"":true,""statement_check_formal_hash"":true,""statement_check_id"":true,""statement_check_payload_fields"":true,""statement_check_result"":true,""statement_check_schema"":true,""statement_check_type"":true}"	PASS
CHG-B13.STATEMENT-CORRESPONDENCE.CHECK	StatementCorrespondenceCheck	CHG-B13	66b25e95ff6c7f35a3ab560af9bd148c58dc94f82432d6967ee8a6e8287f6854	7a834c17e2fdaa4d858c7b12da52d14f67b3d60ca7e387196df20eecef8dda25	f3fd95a92c5418cd24a1523a734058cf76d273f6b0631b2895fb468e47ff66fd	72f5080c23d35f9582d30f126d71d781a0aefe0b35a87d21b94a4372c44bfe89	982978cf27261cfe0a923f31ec7a533cfbad45394cf1f3e675f7dcb3d13e3f5b	"{""en_check_file_hash"":true,""en_check_marker"":true,""en_check_path"":true,""en_check_statement_hash"":true,""en_formal_hash"":true,""en_formal_path"":true,""en_statement_label"":true,""english_hash"":true,""english_registry"":true,""formal_hash"":true,""localized_link_node"":true,""portuguese_hash"":true,""portuguese_registry"":true,""pt_BR_check_file_hash"":true,""pt_BR_check_marker"":true,""pt_BR_check_path"":true,""pt_BR_check_statement_hash"":true,""pt_BR_formal_hash"":true,""pt_BR_formal_path"":true,""pt_BR_statement_label"":true,""statement_check_exists"":true,""statement_check_fields"":true,""statement_check_formal_hash"":true,""statement_check_id"":true,""statement_check_payload_fields"":true,""statement_check_result"":true,""statement_check_schema"":true,""statement_check_type"":true}"	PASS
CHG-B14.STATEMENT-CORRESPONDENCE.CHECK	StatementCorrespondenceCheck	CHG-B14	d4f9fefa43ed762b250d43a16cb5569cea37d41d69897ac95458020b00c61dbd	7cc73184e9c4dcf83e5a919138366049f5ff9248786b056977fbbf81053c8222	ba6b63fd9e60bca283b3fcd63c3cef12b3b4234db1ebdf0cca2cd78612669563	85b7f150d973f740a6bf6a6e6ec5f11c124cf268909eee0a1f45caf6c0331798	1205e5309999f50b73cee9320696a3cd7fab5b7e8790966a37cae18d97bc2500	"{""en_check_file_hash"":true,""en_check_marker"":true,""en_check_path"":true,""en_check_statement_hash"":true,""en_formal_hash"":true,""en_formal_path"":true,""en_statement_label"":true,""english_hash"":true,""english_registry"":true,""formal_hash"":true,""localized_link_node"":true,""portuguese_hash"":true,""portuguese_registry"":true,""pt_BR_check_file_hash"":true,""pt_BR_check_marker"":true,""pt_BR_check_path"":true,""pt_BR_check_statement_hash"":true,""pt_BR_formal_hash"":true,""pt_BR_formal_path"":true,""pt_BR_statement_label"":true,""statement_check_exists"":true,""statement_check_fields"":true,""statement_check_formal_hash"":true,""statement_check_id"":true,""statement_check_payload_fields"":true,""statement_check_result"":true,""statement_check_schema"":true,""statement_check_type"":true}"	PASS
CHG-B15.STATEMENT-CORRESPONDENCE.CHECK	StatementCorrespondenceCheck	CHG-B15	c527421dba6c9b3ffca160a6f467073ae713069baa69e1772b1ed8fb10f120b9	5a46aed68d489cd887fa52eae9fec591f00a391bb7fce5c3eae3b61ce5471aef	862ae51d5b457c533b24532e20b3a89a78045770d8ac6a3cb2e29dd2c1f4be21	36d2d2c4c281cf7549b08fa8d536dc184e85610f34c38420ff9199073ad3e9aa	4f47e9bc1dd174cbfe683701c7767b6e878a6d9cc3aa5c0acba7a9f2eb6eb90d	"{""en_check_file_hash"":true,""en_check_marker"":true,""en_check_path"":true,""en_check_statement_hash"":true,""en_formal_hash"":true,""en_formal_path"":true,""en_statement_label"":true,""english_hash"":true,""english_registry"":true,""formal_hash"":true,""localized_link_node"":true,""portuguese_hash"":true,""portuguese_registry"":true,""pt_BR_check_file_hash"":true,""pt_BR_check_marker"":true,""pt_BR_check_path"":true,""pt_BR_check_statement_hash"":true,""pt_BR_formal_hash"":true,""pt_BR_formal_path"":true,""pt_BR_statement_label"":true,""statement_check_exists"":true,""statement_check_fields"":true,""statement_check_formal_hash"":true,""statement_check_id"":true,""statement_check_payload_fields"":true,""statement_check_result"":true,""statement_check_schema"":true,""statement_check_type"":true}"	PASS
CHG-B16.STATEMENT-CORRESPONDENCE.CHECK	StatementCorrespondenceCheck	CHG-B16	a9c1e346317641d96510e1553d7e95cc0300a82b91d1ce7b9d33e77ce0276568	ce0e53e82722d3ad844535b5c2ffb6a317fad0a6372b7d04621446f4a0b70db4	fb261f52a2e63b6aac0d75ef155d04dd6a81357cf5f88aa1634d971f7ba214e8	7527d35148e1dcd4210f7e9c54b73472d26544305852f1e833389c77b9b836dd	5c0f87eb1495f02f3a2c05362a49bc28a78c8161c3e205b0cc0a4fdcbaffc702	"{""en_check_file_hash"":true,""en_check_marker"":true,""en_check_path"":true,""en_check_statement_hash"":true,""en_formal_hash"":true,""en_formal_path"":true,""en_statement_label"":true,""english_hash"":true,""english_registry"":true,""formal_hash"":true,""localized_link_node"":true,""portuguese_hash"":true,""portuguese_registry"":true,""pt_BR_check_file_hash"":true,""pt_BR_check_marker"":true,""pt_BR_check_path"":true,""pt_BR_check_statement_hash"":true,""pt_BR_formal_hash"":true,""pt_BR_formal_path"":true,""pt_BR_statement_label"":true,""statement_check_exists"":true,""statement_check_fields"":true,""statement_check_formal_hash"":true,""statement_check_id"":true,""statement_check_payload_fields"":true,""statement_check_result"":true,""statement_check_schema"":true,""statement_check_type"":true}"	PASS
CHG-B2.STATEMENT-CORRESPONDENCE.CHECK	StatementCorrespondenceCheck	CHG-B2	b9a1447bb0746758acbbb8a55037874e1ead236997da2c4f0a5360a89f7faafe	2c9a7dcdbed6431e13426c7517a74ecba42eae809eaee1ceca66203c814c1d1a	fcd21e34871d45fdfdc3beed8ac98480a02bec4be18be3076523f77d9a63335f	bb3e1a21e99c789ceebff88c1756fa477e2b43ad054968a4ef17654290f88b15	0775eea9968faecc5a51ce545b1361402a8c7480d9a901159a68ee1aa0d3c83e	"{""en_check_file_hash"":true,""en_check_marker"":true,""en_check_path"":true,""en_check_statement_hash"":true,""en_formal_hash"":true,""en_formal_path"":true,""en_statement_label"":true,""english_hash"":true,""english_registry"":true,""formal_hash"":true,""localized_link_node"":true,""portuguese_hash"":true,""portuguese_registry"":true,""pt_BR_check_file_hash"":true,""pt_BR_check_marker"":true,""pt_BR_check_path"":true,""pt_BR_check_statement_hash"":true,""pt_BR_formal_hash"":true,""pt_BR_formal_path"":true,""pt_BR_statement_label"":true,""statement_check_exists"":true,""statement_check_fields"":true,""statement_check_formal_hash"":true,""statement_check_id"":true,""statement_check_payload_fields"":true,""statement_check_result"":true,""statement_check_schema"":true,""statement_check_type"":true}"	PASS
CHG-B3.STATEMENT-CORRESPONDENCE.CHECK	StatementCorrespondenceCheck	CHG-B3	8a965f5fbd8b41f4e01be065015e4a1f6a8b285f28873af4d09e62d8d69c5954	5fec313e11624698eadf6f6b68eab3ecc4c847c385ff4bbf33a88b40293bd3ac	e2a4697ed2aeb2d85b15b1e3039ff1d98bbaa197436880f317ebe2f4914b2692	2202d0c68626e9d9fddb1b2f7742b13db00cb37564a5494534733fb88d672807	1cbc8ccc0313d7d98eaeee44b45eca131c0ad9c72f84d1bc1927e4b632e98709	"{""en_check_file_hash"":true,""en_check_marker"":true,""en_check_path"":true,""en_check_statement_hash"":true,""en_formal_hash"":true,""en_formal_path"":true,""en_statement_label"":true,""english_hash"":true,""english_registry"":true,""formal_hash"":true,""localized_link_node"":true,""portuguese_hash"":true,""portuguese_registry"":true,""pt_BR_check_file_hash"":true,""pt_BR_check_marker"":true,""pt_BR_check_path"":true,""pt_BR_check_statement_hash"":true,""pt_BR_formal_hash"":true,""pt_BR_formal_path"":true,""pt_BR_statement_label"":true,""statement_check_exists"":true,""statement_check_fields"":true,""statement_check_formal_hash"":true,""statement_check_id"":true,""statement_check_payload_fields"":true,""statement_check_result"":true,""statement_check_schema"":true,""statement_check_type"":true}"	PASS
CHG-B4.STATEMENT-CORRESPONDENCE.CHECK	StatementCorrespondenceCheck	CHG-B4	34101d6e7090319a35fd6626ff3a6caa9267ff06ca956fb244bc3b115fb3ab73	ee60295478f41810ed5e8f218425d2eb76bdf2f1f8149c90971bbb97f247382b	df321f354134cb2454fe47b6021f1ec483cfe8217ac266247732609011865a3b	2dc8e384a3bc19ba2a708cab91140e8987c6eaa522db100a4cc11695b25d6961	33998e57edaa0c3b8ef4dac3353f68335e7cb94c448f26e370e835a9551d03e6	"{""en_check_file_hash"":true,""en_check_marker"":true,""en_check_path"":true,""en_check_statement_hash"":true,""en_formal_hash"":true,""en_formal_path"":true,""en_statement_label"":true,""english_hash"":true,""english_registry"":true,""formal_hash"":true,""localized_link_node"":true,""portuguese_hash"":true,""portuguese_registry"":true,""pt_BR_check_file_hash"":true,""pt_BR_check_marker"":true,""pt_BR_check_path"":true,""pt_BR_check_statement_hash"":true,""pt_BR_formal_hash"":true,""pt_BR_formal_path"":true,""pt_BR_statement_label"":true,""statement_check_exists"":true,""statement_check_fields"":true,""statement_check_formal_hash"":true,""statement_check_id"":true,""statement_check_payload_fields"":true,""statement_check_result"":true,""statement_check_schema"":true,""statement_check_type"":true}"	PASS
CHG-B5.STATEMENT-CORRESPONDENCE.CHECK	StatementCorrespondenceCheck	CHG-B5	dfe8c2506601d0e546941522d843b98968c8326c0e9dbd44ff6e1e6f6e3fdd9b	78c358d2b63667b8c9d574c6f9d4f76bffb8b0d6c7c13d1816d890fa1b423e8b	e82e8a705ef91ecfbabba349cc721496afc8c6cc1d4d5013f2a65eae4196ec73	7f50e2c96d33cbb5d928c873b1ff44b9e810f186d2773db94162e3e876d3b176	4242f65ad0fdfa4be5f3a21dc4f742ffb9c6ce6773070efd922d8a4b9dfb2077	"{""en_check_file_hash"":true,""en_check_marker"":true,""en_check_path"":true,""en_check_statement_hash"":true,""en_formal_hash"":true,""en_formal_path"":true,""en_statement_label"":true,""english_hash"":true,""english_registry"":true,""formal_hash"":true,""localized_link_node"":true,""portuguese_hash"":true,""portuguese_registry"":true,""pt_BR_check_file_hash"":true,""pt_BR_check_marker"":true,""pt_BR_check_path"":true,""pt_BR_check_statement_hash"":true,""pt_BR_formal_hash"":true,""pt_BR_formal_path"":true,""pt_BR_statement_label"":true,""statement_check_exists"":true,""statement_check_fields"":true,""statement_check_formal_hash"":true,""statement_check_id"":true,""statement_check_payload_fields"":true,""statement_check_result"":true,""statement_check_schema"":true,""statement_check_type"":true}"	PASS
CHG-B6.STATEMENT-CORRESPONDENCE.CHECK	StatementCorrespondenceCheck	CHG-B6	100bea8967a3ef4b5c11978fa725f77d8379cf17d052921df6cc38bce5ceaf4c	37b7d5ad90b68f8271b2575478f0bc0eb3063f2922db5184d05d671a52d6bb78	213f4cf95c8dfa34e1b0e53a3b843f65d7539d99e389303192676307c05fab86	fbf27d2f72969b55a90fa55a8f9fd2bf9fcde9a4103dfff59fb431a2b7f59a7a	ca4463fedef584af27a5cc01c624e189be4a8dc93e934e96634535f69ad04fab	"{""en_check_file_hash"":true,""en_check_marker"":true,""en_check_path"":true,""en_check_statement_hash"":true,""en_formal_hash"":true,""en_formal_path"":true,""en_statement_label"":true,""english_hash"":true,""english_registry"":true,""formal_hash"":true,""localized_link_node"":true,""portuguese_hash"":true,""portuguese_registry"":true,""pt_BR_check_file_hash"":true,""pt_BR_check_marker"":true,""pt_BR_check_path"":true,""pt_BR_check_statement_hash"":true,""pt_BR_formal_hash"":true,""pt_BR_formal_path"":true,""pt_BR_statement_label"":true,""statement_check_exists"":true,""statement_check_fields"":true,""statement_check_formal_hash"":true,""statement_check_id"":true,""statement_check_payload_fields"":true,""statement_check_result"":true,""statement_check_schema"":true,""statement_check_type"":true}"	PASS
CHG-B7.STATEMENT-CORRESPONDENCE.CHECK	StatementCorrespondenceCheck	CHG-B7	afc641c94a9f75a1539fb9d0672f477638266c71d70e3329c031341e1cbbc855	59184c38d677fb2f3f604173d619941306f747ba5cf4ff117c3be2d057212e2f	f96d15a744a02ff36944f7af57715f4c019204eb9d02921a9981b296109b33f3	9da6d50d802480a4a930db0776a950adbc5fdca135f812919ba1d1527336ad8f	3a74dfa60080fca0617c92358bdc268a8e8e89ce3679d155df44b40d12c47dc4	"{""en_check_file_hash"":true,""en_check_marker"":true,""en_check_path"":true,""en_check_statement_hash"":true,""en_formal_hash"":true,""en_formal_path"":true,""en_statement_label"":true,""english_hash"":true,""english_registry"":true,""formal_hash"":true,""localized_link_node"":true,""portuguese_hash"":true,""portuguese_registry"":true,""pt_BR_check_file_hash"":true,""pt_BR_check_marker"":true,""pt_BR_check_path"":true,""pt_BR_check_statement_hash"":true,""pt_BR_formal_hash"":true,""pt_BR_formal_path"":true,""pt_BR_statement_label"":true,""statement_check_exists"":true,""statement_check_fields"":true,""statement_check_formal_hash"":true,""statement_check_id"":true,""statement_check_payload_fields"":true,""statement_check_result"":true,""statement_check_schema"":true,""statement_check_type"":true}"	PASS
CHG-B8.STATEMENT-CORRESPONDENCE.CHECK	StatementCorrespondenceCheck	CHG-B8	19acdecc43d3f9deb9f85dea0b717e6d6f057ff8b8956892c6ed830224af1952	066785cf51cb698d0e7f38b7e8ef5ab1c85ca26c5b0e10714ed328f6447bfe7b	c5a999da3db532a8b718ee4e46c7c221fabe00b59cc1770cdde3620e36f6c77e	55826e7fa32892bef43bd5815e08923dea45105e626ab2c5d1838bae36df8f9a	1f35a2099658be427aed510b3bf6267935626e54c77908e14d0db388473e8a38	"{""en_check_file_hash"":true,""en_check_marker"":true,""en_check_path"":true,""en_check_statement_hash"":true,""en_formal_hash"":true,""en_formal_path"":true,""en_statement_label"":true,""english_hash"":true,""english_registry"":true,""formal_hash"":true,""localized_link_node"":true,""portuguese_hash"":true,""portuguese_registry"":true,""pt_BR_check_file_hash"":true,""pt_BR_check_marker"":true,""pt_BR_check_path"":true,""pt_BR_check_statement_hash"":true,""pt_BR_formal_hash"":true,""pt_BR_formal_path"":true,""pt_BR_statement_label"":true,""statement_check_exists"":true,""statement_check_fields"":true,""statement_check_formal_hash"":true,""statement_check_id"":true,""statement_check_payload_fields"":true,""statement_check_result"":true,""statement_check_schema"":true,""statement_check_type"":true}"	PASS
CHG-B9.STATEMENT-CORRESPONDENCE.CHECK	StatementCorrespondenceCheck	CHG-B9	2769fde9cc1611d9012420a3fb879f727123909502ad7bfc8c7e941d7ac108a4	828e5a36b4c8f12da204ec6cf0ebd55b39fc80083060b47580b9a4f5707c5039	e02efc7542c0e3079b7c18e44e60885c325f7372d83e141137170844fe0c86de	fd4e50b8491d954d859248147bb4b2fb568d4158e38cab761a31d117f8ebeb22	72ed84600504d5a7296c9157ff55b3c8d3dbc13a5f684f34e4590a884c961d8b	"{""en_check_file_hash"":true,""en_check_marker"":true,""en_check_path"":true,""en_check_statement_hash"":true,""en_formal_hash"":true,""en_formal_path"":true,""en_statement_label"":true,""english_hash"":true,""english_registry"":true,""formal_hash"":true,""localized_link_node"":true,""portuguese_hash"":true,""portuguese_registry"":true,""pt_BR_check_file_hash"":true,""pt_BR_check_marker"":true,""pt_BR_check_path"":true,""pt_BR_check_statement_hash"":true,""pt_BR_formal_hash"":true,""pt_BR_formal_path"":true,""pt_BR_statement_label"":true,""statement_check_exists"":true,""statement_check_fields"":true,""statement_check_formal_hash"":true,""statement_check_id"":true,""statement_check_payload_fields"":true,""statement_check_result"":true,""statement_check_schema"":true,""statement_check_type"":true}"	PASS
CTX-C1.STATEMENT-CORRESPONDENCE.CHECK	StatementCorrespondenceCheck	CTX-C1	beed0989886f522831b6a438f872b1f19d1cdd939cc18392645e9424907a6ff8	86cc1af24ce05400dbc5fe354f66d6f960a3063ef0a7c25ec5861925b31e6f1e	96287b98ded6912a4c5eeb4128ce2341cd430749a2b03e4261b27b0c2f848bdf	d232240795547485c036bacdb490c13a78a23224d5a2e8e9778848d026bbfc0f	b52a1bd0b93c10c5dcff0a2fe90b27451a62a506fbb3db73ddc86a33d82c4e4e	"{""en_check_file_hash"":true,""en_check_marker"":true,""en_check_path"":true,""en_check_statement_hash"":true,""en_formal_hash"":true,""en_formal_path"":true,""en_statement_label"":true,""english_hash"":true,""english_registry"":true,""formal_hash"":true,""localized_link_node"":true,""portuguese_hash"":true,""portuguese_registry"":true,""pt_BR_check_file_hash"":true,""pt_BR_check_marker"":true,""pt_BR_check_path"":true,""pt_BR_check_statement_hash"":true,""pt_BR_formal_hash"":true,""pt_BR_formal_path"":true,""pt_BR_statement_label"":true,""statement_check_exists"":true,""statement_check_fields"":true,""statement_check_formal_hash"":true,""statement_check_id"":true,""statement_check_payload_fields"":true,""statement_check_result"":true,""statement_check_schema"":true,""statement_check_type"":true}"	PASS
CTX-C2.STATEMENT-CORRESPONDENCE.CHECK	StatementCorrespondenceCheck	CTX-C2	50918e1ee50c08eabd298285e6c4b159f982eb1b4d9869e7cc923cd65b63915e	6cc58763cbe12c318faa1f7be82c8b461121c223558337eef2b221ef07e8b629	aabb7716836a79154000e65315f626aa8fc27080e327bde9e61003d0d848b210	8e0d4569fe510374df8365a5a10fee583b6f773a607759b90759ce36f2c44c7a	872547fea07fbe8e9b4fde1937217d96a6cdab6f96b3ba7337b8982069d763f2	"{""en_check_file_hash"":true,""en_check_marker"":true,""en_check_path"":true,""en_check_statement_hash"":true,""en_formal_hash"":true,""en_formal_path"":true,""en_statement_label"":true,""english_hash"":true,""english_registry"":true,""formal_hash"":true,""localized_link_node"":true,""portuguese_hash"":true,""portuguese_registry"":true,""pt_BR_check_file_hash"":true,""pt_BR_check_marker"":true,""pt_BR_check_path"":true,""pt_BR_check_statement_hash"":true,""pt_BR_formal_hash"":true,""pt_BR_formal_path"":true,""pt_BR_statement_label"":true,""statement_check_exists"":true,""statement_check_fields"":true,""statement_check_formal_hash"":true,""statement_check_id"":true,""statement_check_payload_fields"":true,""statement_check_result"":true,""statement_check_schema"":true,""statement_check_type"":true}"	PASS
DATA-EN-R1.STATEMENT-CORRESPONDENCE.CHECK	StatementCorrespondenceCheck	DATA-EN-R1	02ecc06933372842db120743c89d86a864cef4f7a32bdc926ac468545b8a604f	178b8c2683cf56d9184a8b586deafd89c26025475c0fd135311e956a75047fd6	8e745b5aa44087fe508a98cb900cb5ede98d87800a23017547fa99395c5671f5	4e4bef5467cc78c3ef0cba63d4f1caa23af3af2870e53f23d870c5cca85d4a6e	a6d9dbd4035f84455f9d752a2796ca052d3c724c596574057136bbd1ffdb5279	"{""en_check_file_hash"":true,""en_check_marker"":true,""en_check_path"":true,""en_check_statement_hash"":true,""en_formal_hash"":true,""en_formal_path"":true,""en_statement_label"":true,""english_hash"":true,""english_registry"":true,""formal_hash"":true,""localized_link_node"":true,""portuguese_hash"":true,""portuguese_registry"":true,""pt_BR_check_file_hash"":true,""pt_BR_check_marker"":true,""pt_BR_check_path"":true,""pt_BR_check_statement_hash"":true,""pt_BR_formal_hash"":true,""pt_BR_formal_path"":true,""pt_BR_statement_label"":true,""statement_check_exists"":true,""statement_check_fields"":true,""statement_check_formal_hash"":true,""statement_check_id"":true,""statement_check_payload_fields"":true,""statement_check_result"":true,""statement_check_schema"":true,""statement_check_type"":true}"	PASS
DATA-PT-R1.STATEMENT-CORRESPONDENCE.CHECK	StatementCorrespondenceCheck	DATA-PT-R1	1c15322d8bd3000dee89ae3596ea6a973fad247b7fc2d57106e05a0e1e95da4f	ef3b3b180bc82237e3e9c9a444b2d33ada591ab6e3d194a2070cb1118c0029a5	6f6761a216f2cd9f558eeb45c06315526d653c736710298e0321be30d9699999	a958588e1818c8393e43fc00bc38b0617c8570713f3cec07c0753bfaaf85ad38	011d98cc226cfbc839f2bc2b4be47596d99ff90aed7de9fe50f58935af8694da	"{""en_check_file_hash"":true,""en_check_marker"":true,""en_check_path"":true,""en_check_statement_hash"":true,""en_formal_hash"":true,""en_formal_path"":true,""en_statement_label"":true,""english_hash"":true,""english_registry"":true,""formal_hash"":true,""localized_link_node"":true,""portuguese_hash"":true,""portuguese_registry"":true,""pt_BR_check_file_hash"":true,""pt_BR_check_marker"":true,""pt_BR_check_path"":true,""pt_BR_check_statement_hash"":true,""pt_BR_formal_hash"":true,""pt_BR_formal_path"":true,""pt_BR_statement_label"":true,""statement_check_exists"":true,""statement_check_fields"":true,""statement_check_formal_hash"":true,""statement_check_id"":true,""statement_check_payload_fields"":true,""statement_check_result"":true,""statement_check_schema"":true,""statement_check_type"":true}"	PASS
DATA-ZH-R1.STATEMENT-CORRESPONDENCE.CHECK	StatementCorrespondenceCheck	DATA-ZH-R1	b8fa10a8f6b54c54028c1bc138edb5f8fd3922604861c861af7cb3516383febc	bdaffa943f9b7438de0de100170716ff433e93bb3c8bace9e92b856dfab822a1	63a557225b9e25bf3b0bfa4a0e156340916c52f4d0ec4037318da64856d771f5	be31079ebcfbd75cb0bdf4124ff65a63e6897ad86f2f6e572dfb6a10ca99167a	8bf66e5ea12789529d9c966fcf4b0f64f0c37d4ac529d986ea864220a49422e1	"{""en_check_file_hash"":true,""en_check_marker"":true,""en_check_path"":true,""en_check_statement_hash"":true,""en_formal_hash"":true,""en_formal_path"":true,""en_statement_label"":true,""english_hash"":true,""english_registry"":true,""formal_hash"":true,""localized_link_node"":true,""portuguese_hash"":true,""portuguese_registry"":true,""pt_BR_check_file_hash"":true,""pt_BR_check_marker"":true,""pt_BR_check_path"":true,""pt_BR_check_statement_hash"":true,""pt_BR_formal_hash"":true,""pt_BR_formal_path"":true,""pt_BR_statement_label"":true,""statement_check_exists"":true,""statement_check_fields"":true,""statement_check_formal_hash"":true,""statement_check_id"":true,""statement_check_payload_fields"":true,""statement_check_result"":true,""statement_check_schema"":true,""statement_check_type"":true}"	PASS
FIN-A1.STATEMENT-CORRESPONDENCE.CHECK	StatementCorrespondenceCheck	FIN-A1	c17a61ef74c408f6ff99ff0a7e6e4ace476ae414894334e0d72d5523fabc766b	f74ec62df8c83233c0afe21366d3fcadde42d006918ef4ac29b461604d2919bd	5ecedb0ef41f9055d36b88f0f499fd27e5e7e198043a16acbff749724345a4f2	d1a2962839e40200c1d35c5521989dd8a744df0c61fd7e67b815892801f994c8	365233b0d7db9eabfdb6c3de79b053d2040825109769d17730ee20739a3ec264	"{""en_check_file_hash"":true,""en_check_marker"":true,""en_check_path"":true,""en_check_statement_hash"":true,""en_formal_hash"":true,""en_formal_path"":true,""en_statement_label"":true,""english_hash"":true,""english_registry"":true,""formal_hash"":true,""localized_link_node"":true,""portuguese_hash"":true,""portuguese_registry"":true,""pt_BR_check_file_hash"":true,""pt_BR_check_marker"":true,""pt_BR_check_path"":true,""pt_BR_check_statement_hash"":true,""pt_BR_formal_hash"":true,""pt_BR_formal_path"":true,""pt_BR_statement_label"":true,""statement_check_exists"":true,""statement_check_fields"":true,""statement_check_formal_hash"":true,""statement_check_id"":true,""statement_check_payload_fields"":true,""statement_check_result"":true,""statement_check_schema"":true,""statement_check_type"":true}"	PASS
FIN-A2.STATEMENT-CORRESPONDENCE.CHECK	StatementCorrespondenceCheck	FIN-A2	9a1dd3f7a17fdc77a93b1ff877a996d96d3c2f3ae4c4bb402dce4ab594cc5ef9	b053a983421a4857fc83acbd27b680bee9b4c256b5fc68cd5fdd428705ad860e	0a9faf543c46dd88e6d09a5c83be32313f34bcc88484795cf68bc04ef2bb4326	fd0b98ed380bab8ac4bd61cfb7cab9ae8af13df0f2aa9404ef44b02e7536edcf	84cdffd9b3fda77e53c1b05c02dbae7817de3830627792af28b128f492f57f16	"{""en_check_file_hash"":true,""en_check_marker"":true,""en_check_path"":true,""en_check_statement_hash"":true,""en_formal_hash"":true,""en_formal_path"":true,""en_statement_label"":true,""english_hash"":true,""english_registry"":true,""formal_hash"":true,""localized_link_node"":true,""portuguese_hash"":true,""portuguese_registry"":true,""pt_BR_check_file_hash"":true,""pt_BR_check_marker"":true,""pt_BR_check_path"":true,""pt_BR_check_statement_hash"":true,""pt_BR_formal_hash"":true,""pt_BR_formal_path"":true,""pt_BR_statement_label"":true,""statement_check_exists"":true,""statement_check_fields"":true,""statement_check_formal_hash"":true,""statement_check_id"":true,""statement_check_payload_fields"":true,""statement_check_result"":true,""statement_check_schema"":true,""statement_check_type"":true}"	PASS
FIN-A3.STATEMENT-CORRESPONDENCE.CHECK	StatementCorrespondenceCheck	FIN-A3	f4f04fb4212c1c46f0120b7db40386b0b12bac1b4a2ad4c6f9edd622099c85cb	7ce47740c635e0443daf13325921a87038469b6113e538fa4b6e5c085991bcbe	977c0f2bcbb7ab6f1b7cd7216c6355c9b6f1c0a6c6aef535719cb1619a316889	93a4a6dd166a5236530080ee3ded94e2c21af3b25bc9c4946a40f4c70191fe5d	378f3ce98058259396611bd5761887ce65ebdd1da4f2eb812e651350f9ba7ddc	"{""en_check_file_hash"":true,""en_check_marker"":true,""en_check_path"":true,""en_check_statement_hash"":true,""en_formal_hash"":true,""en_formal_path"":true,""en_statement_label"":true,""english_hash"":true,""english_registry"":true,""formal_hash"":true,""localized_link_node"":true,""portuguese_hash"":true,""portuguese_registry"":true,""pt_BR_check_file_hash"":true,""pt_BR_check_marker"":true,""pt_BR_check_path"":true,""pt_BR_check_statement_hash"":true,""pt_BR_formal_hash"":true,""pt_BR_formal_path"":true,""pt_BR_statement_label"":true,""statement_check_exists"":true,""statement_check_fields"":true,""statement_check_formal_hash"":true,""statement_check_id"":true,""statement_check_payload_fields"":true,""statement_check_result"":true,""statement_check_schema"":true,""statement_check_type"":true}"	PASS
FIN-A4.STATEMENT-CORRESPONDENCE.CHECK	StatementCorrespondenceCheck	FIN-A4	d6ba99b1bba5e503f8c1eaae27446d33d6525a4233c5236dce456592be4adba5	5cbb51bd8298c9a14ec5d0891c0da19b020c78378ad48e82f5c453444e84b9b4	0fbfec375d0f1f66921c750cb03ceb72cc8188d85b68d4e8fb267bb94ecc0676	59f77ba5cdbb2151a2ff4edc737b9fd413da22d4f4fbb52f75eaaa0a69c1a257	d20fd546527bade0830a3e8b547c6d222cba032191817aff5abcff10fc91e2fa	"{""en_check_file_hash"":true,""en_check_marker"":true,""en_check_path"":true,""en_check_statement_hash"":true,""en_formal_hash"":true,""en_formal_path"":true,""en_statement_label"":true,""english_hash"":true,""english_registry"":true,""formal_hash"":true,""localized_link_node"":true,""portuguese_hash"":true,""portuguese_registry"":true,""pt_BR_check_file_hash"":true,""pt_BR_check_marker"":true,""pt_BR_check_path"":true,""pt_BR_check_statement_hash"":true,""pt_BR_formal_hash"":true,""pt_BR_formal_path"":true,""pt_BR_statement_label"":true,""statement_check_exists"":true,""statement_check_fields"":true,""statement_check_formal_hash"":true,""statement_check_id"":true,""statement_check_payload_fields"":true,""statement_check_result"":true,""statement_check_schema"":true,""statement_check_type"":true}"	PASS
FIN-A5.STATEMENT-CORRESPONDENCE.CHECK	StatementCorrespondenceCheck	FIN-A5	c6f4b3f4fba8a4884f7f0364befbe7f79100dd5ba394f77d3740b7287eef771e	7637f151208c7894d27bf9481be4d1a23b052855ed6fe7d9fd3a61cd2488dba7	309f72932a7255beb5e88748769ff18f20df004fa60dc24166c904a2a3d19790	34e18c0e226258be64abd009489e30a62511efed6944494f5210e3430b85a853	8f1b5ce8057f4847f50290700842f0083a27f3fec5a05cb513fd328fea7ca093	"{""en_check_file_hash"":true,""en_check_marker"":true,""en_check_path"":true,""en_check_statement_hash"":true,""en_formal_hash"":true,""en_formal_path"":true,""en_statement_label"":true,""english_hash"":true,""english_registry"":true,""formal_hash"":true,""localized_link_node"":true,""portuguese_hash"":true,""portuguese_registry"":true,""pt_BR_check_file_hash"":true,""pt_BR_check_marker"":true,""pt_BR_check_path"":true,""pt_BR_check_statement_hash"":true,""pt_BR_formal_hash"":true,""pt_BR_formal_path"":true,""pt_BR_statement_label"":true,""statement_check_exists"":true,""statement_check_fields"":true,""statement_check_formal_hash"":true,""statement_check_id"":true,""statement_check_payload_fields"":true,""statement_check_result"":true,""statement_check_schema"":true,""statement_check_type"":true}"	PASS
FIN-A6.STATEMENT-CORRESPONDENCE.CHECK	StatementCorrespondenceCheck	FIN-A6	cfb19822a585e516c0f3228e95950365ec25ba3ffb7de71750275a29efb3641b	0750411688a380d044e2390584f3ee9f62f11dde74d7c8e6cecdb325279c0631	a7e8f53ac8ff52c901454b7a63aa5dccfcb12d74dba5ecb6845f4a6cd2b59da6	2478d9b371c385791219f6c1259b583e90bae939ed781ee94bbd19703d659069	7fdfa1fb93f387e57ecafbd6a05c52e39386c065b5b0ff12559c044dce1acfd5	"{""en_check_file_hash"":true,""en_check_marker"":true,""en_check_path"":true,""en_check_statement_hash"":true,""en_formal_hash"":true,""en_formal_path"":true,""en_statement_label"":true,""english_hash"":true,""english_registry"":true,""formal_hash"":true,""localized_link_node"":true,""portuguese_hash"":true,""portuguese_registry"":true,""pt_BR_check_file_hash"":true,""pt_BR_check_marker"":true,""pt_BR_check_path"":true,""pt_BR_check_statement_hash"":true,""pt_BR_formal_hash"":true,""pt_BR_formal_path"":true,""pt_BR_statement_label"":true,""statement_check_exists"":true,""statement_check_fields"":true,""statement_check_formal_hash"":true,""statement_check_id"":true,""statement_check_payload_fields"":true,""statement_check_result"":true,""statement_check_schema"":true,""statement_check_type"":true}"	PASS
FIN-A7.STATEMENT-CORRESPONDENCE.CHECK	StatementCorrespondenceCheck	FIN-A7	4d5a2cde4a89ef62f553a841b2c2e737d57c2bb5e13919fc022c9edb20aad6e7	5b68010aaa52e196255cdc0a13801d160f030fde374a99ee15a2a52314b44dc0	5520acabf542bf6451b3dfa5282d92c99190a8d362e4d0a2841bb2b21e01bdfa	c1b008ac3ebf5669dedd64bcb29a78ebe521c97a5882ce7447172720dd64cdc3	edf0ca8e1371b1a68cc744eab57c969e22a39e3b6fba46d83995e59b460643b0	"{""en_check_file_hash"":true,""en_check_marker"":true,""en_check_path"":true,""en_check_statement_hash"":true,""en_formal_hash"":true,""en_formal_path"":true,""en_statement_label"":true,""english_hash"":true,""english_registry"":true,""formal_hash"":true,""localized_link_node"":true,""portuguese_hash"":true,""portuguese_registry"":true,""pt_BR_check_file_hash"":true,""pt_BR_check_marker"":true,""pt_BR_check_path"":true,""pt_BR_check_statement_hash"":true,""pt_BR_formal_hash"":true,""pt_BR_formal_path"":true,""pt_BR_statement_label"":true,""statement_check_exists"":true,""statement_check_fields"":true,""statement_check_formal_hash"":true,""statement_check_id"":true,""statement_check_payload_fields"":true,""statement_check_result"":true,""statement_check_schema"":true,""statement_check_type"":true}"	PASS
FLUX-D1.STATEMENT-CORRESPONDENCE.CHECK	StatementCorrespondenceCheck	FLUX-D1	88ec3663c29e46c9ec2c5b78900a65a00efc11cd213796a96801ba61331ab648	6a726fc4664762dc10df688f5210b4eeba9f49fcb6279c71fff39765fedc6535	cec67483651a9b3e38474fbcc209af9e8245e462abb9b90cf7d6575f09e3f2f1	78526d64943bb4ac335d3c447e130e7f7bca81ad16c9e0ae26e824fc51546916	b0715bc6e564025d17424ec8f6e562ded71139ffe5d4f19a2d1a36387e1e6fd6	"{""en_check_file_hash"":true,""en_check_marker"":true,""en_check_path"":true,""en_check_statement_hash"":true,""en_formal_hash"":true,""en_formal_path"":true,""en_statement_label"":true,""english_hash"":true,""english_registry"":true,""formal_hash"":true,""localized_link_node"":true,""portuguese_hash"":true,""portuguese_registry"":true,""pt_BR_check_file_hash"":true,""pt_BR_check_marker"":true,""pt_BR_check_path"":true,""pt_BR_check_statement_hash"":true,""pt_BR_formal_hash"":true,""pt_BR_formal_path"":true,""pt_BR_statement_label"":true,""statement_check_exists"":true,""statement_check_fields"":true,""statement_check_formal_hash"":true,""statement_check_id"":true,""statement_check_payload_fields"":true,""statement_check_result"":true,""statement_check_schema"":true,""statement_check_type"":true}"	PASS
FLUX-D2.STATEMENT-CORRESPONDENCE.CHECK	StatementCorrespondenceCheck	FLUX-D2	ed18c8767e964a1d5d9d33e9ba1cbcb9a0fa959f2fe720eb013c2b23bf93992e	8f6c862b3696818d8b09d7aa6a48fa9c1121951959d439fd586cae326115621b	00bc566dda2a21a47cdd315647fc880cd81483a7aa2cad40852e4a6a75f939c9	22d687f335af63f7f739cbacb997c5b5aefc62d6c26ee9b1d0728242d31cb4f0	3f39718ab38bd4b6acbc77808e0407ea55dc87c10e4ec5e5725ec2ebd5daef11	"{""en_check_file_hash"":true,""en_check_marker"":true,""en_check_path"":true,""en_check_statement_hash"":true,""en_formal_hash"":true,""en_formal_path"":true,""en_statement_label"":true,""english_hash"":true,""english_registry"":true,""formal_hash"":true,""localized_link_node"":true,""portuguese_hash"":true,""portuguese_registry"":true,""pt_BR_check_file_hash"":true,""pt_BR_check_marker"":true,""pt_BR_check_path"":true,""pt_BR_check_statement_hash"":true,""pt_BR_formal_hash"":true,""pt_BR_formal_path"":true,""pt_BR_statement_label"":true,""statement_check_exists"":true,""statement_check_fields"":true,""statement_check_formal_hash"":true,""statement_check_id"":true,""statement_check_payload_fields"":true,""statement_check_result"":true,""statement_check_schema"":true,""statement_check_type"":true}"	PASS
FLUX-D3.STATEMENT-CORRESPONDENCE.CHECK	StatementCorrespondenceCheck	FLUX-D3	a7aa37e291822be9db755fbbcbd5342ecdcf7db457c548eb30a1aa780297f6fa	9e229587e249d5c5453d952a538a3faef5cdd8146268a2d4e78b11f0f67d1194	1015dfe1275f6cbaf6100d9b3823dbfedc158a1ee849013c86833cbe2b3b592e	3f839c9bc999fe950cda33f63996b1db5aaa0a5a476bf798d92b8b92f4792b55	0cc39d23455bc1a0ddb7a51f65745558e3d611cbcb207f5e0cd177f420c5d8de	"{""en_check_file_hash"":true,""en_check_marker"":true,""en_check_path"":true,""en_check_statement_hash"":true,""en_formal_hash"":true,""en_formal_path"":true,""en_statement_label"":true,""english_hash"":true,""english_registry"":true,""formal_hash"":true,""localized_link_node"":true,""portuguese_hash"":true,""portuguese_registry"":true,""pt_BR_check_file_hash"":true,""pt_BR_check_marker"":true,""pt_BR_check_path"":true,""pt_BR_check_statement_hash"":true,""pt_BR_formal_hash"":true,""pt_BR_formal_path"":true,""pt_BR_statement_label"":true,""statement_check_exists"":true,""statement_check_fields"":true,""statement_check_formal_hash"":true,""statement_check_id"":true,""statement_check_payload_fields"":true,""statement_check_result"":true,""statement_check_schema"":true,""statement_check_type"":true}"	PASS
FLUX-D4.STATEMENT-CORRESPONDENCE.CHECK	StatementCorrespondenceCheck	FLUX-D4	7db91f47ec9a567e47e57cf474ace7b1aa2a1d73463c7092545a017e1ae67829	d41d75e48c958561c033e5dcb5019fdff9a46168e4c99ded3ee5c7c36ef9d268	a43811b6d2679c3cad409e79765f52d8fabbea216972339503e0aafe2e10daf5	cb90e1553a92cf07f285fce0ba1075a7cb8b03e02d46087c58e14b58c1edb1ac	6c3f4758f174f5a4bb09aa7e6b4747aec735883d524085a0c9c016cf5e8e8c75	"{""en_check_file_hash"":true,""en_check_marker"":true,""en_check_path"":true,""en_check_statement_hash"":true,""en_formal_hash"":true,""en_formal_path"":true,""en_statement_label"":true,""english_hash"":true,""english_registry"":true,""formal_hash"":true,""localized_link_node"":true,""portuguese_hash"":true,""portuguese_registry"":true,""pt_BR_check_file_hash"":true,""pt_BR_check_marker"":true,""pt_BR_check_path"":true,""pt_BR_check_statement_hash"":true,""pt_BR_formal_hash"":true,""pt_BR_formal_path"":true,""pt_BR_statement_label"":true,""statement_check_exists"":true,""statement_check_fields"":true,""statement_check_formal_hash"":true,""statement_check_id"":true,""statement_check_payload_fields"":true,""statement_check_result"":true,""statement_check_schema"":true,""statement_check_type"":true}"	PASS
FLUX-D5.STATEMENT-CORRESPONDENCE.CHECK	StatementCorrespondenceCheck	FLUX-D5	e8186e92be199c98ab81062f794ab754191f579a4b3751f6065a0695b7cc730a	e22b10eda1c58fbe0aed775d2bd13e4335495ff73becdbe45d1cef56d41f6377	a553f2a9a10f64961b1ef46cbf9fc264276d432d2aa0dac5167c4613049482ac	6654c78f45a611fdecdf52299006a8423e670b8c3955cc4151bb4b320ff3e08c	7236a46e34b49003b99e1f343a1c0b34c2310757cd416718381a53ca172ec56d	"{""en_check_file_hash"":true,""en_check_marker"":true,""en_check_path"":true,""en_check_statement_hash"":true,""en_formal_hash"":true,""en_formal_path"":true,""en_statement_label"":true,""english_hash"":true,""english_registry"":true,""formal_hash"":true,""localized_link_node"":true,""portuguese_hash"":true,""portuguese_registry"":true,""pt_BR_check_file_hash"":true,""pt_BR_check_marker"":true,""pt_BR_check_path"":true,""pt_BR_check_statement_hash"":true,""pt_BR_formal_hash"":true,""pt_BR_formal_path"":true,""pt_BR_statement_label"":true,""statement_check_exists"":true,""statement_check_fields"":true,""statement_check_formal_hash"":true,""statement_check_id"":true,""statement_check_payload_fields"":true,""statement_check_result"":true,""statement_check_schema"":true,""statement_check_type"":true}"	PASS
MAX-G1.STATEMENT-CORRESPONDENCE.CHECK	StatementCorrespondenceCheck	MAX-G1	6e68d3a33b0c8bd7c4ab73a6eb26ae595ff44642a089a5bf28153242d0293bc0	15a9952240229f099e6e4c1fb48610867516c7d14f7756b13f5d08f36781a2c6	e5c9640565791ee83a1e6f4ef245b47e1bd2563002766487b3dc54a4a949de13	01669c19876b4284179338c88dcaccb9db150c1f2b248c1e51378d61dcb4f25d	8d7da61ab0f74f9ee30940666cc9e68101af66700df96fd9230283cfffca77b1	"{""en_check_file_hash"":true,""en_check_marker"":true,""en_check_path"":true,""en_check_statement_hash"":true,""en_formal_hash"":true,""en_formal_path"":true,""en_statement_label"":true,""english_hash"":true,""english_registry"":true,""formal_hash"":true,""localized_link_node"":true,""portuguese_hash"":true,""portuguese_registry"":true,""pt_BR_check_file_hash"":true,""pt_BR_check_marker"":true,""pt_BR_check_path"":true,""pt_BR_check_statement_hash"":true,""pt_BR_formal_hash"":true,""pt_BR_formal_path"":true,""pt_BR_statement_label"":true,""statement_check_exists"":true,""statement_check_fields"":true,""statement_check_formal_hash"":true,""statement_check_id"":true,""statement_check_payload_fields"":true,""statement_check_result"":true,""statement_check_schema"":true,""statement_check_type"":true}"	PASS
MAX-G2.STATEMENT-CORRESPONDENCE.CHECK	StatementCorrespondenceCheck	MAX-G2	28c9ca9de73a7b3847fd506bb54f199c16952014e8777550ec33d592e9b5ff94	2928a990fab8aa73e8e5f0e0b00738aad84feaea493c1a384855d3b56331c6b8	0c69dff6937071a85fb771265f7ef4851e822d76d5ed5d34624f05aa32a8e1ba	38bba892cd1fbdb766cf1fb4bec0fea35a9a703c6d569b2009983e080ce991c8	855ca1451978103f566b09826e0c74f9899f5779367e3f82ed2febb326ca6b55	"{""en_check_file_hash"":true,""en_check_marker"":true,""en_check_path"":true,""en_check_statement_hash"":true,""en_formal_hash"":true,""en_formal_path"":true,""en_statement_label"":true,""english_hash"":true,""english_registry"":true,""formal_hash"":true,""localized_link_node"":true,""portuguese_hash"":true,""portuguese_registry"":true,""pt_BR_check_file_hash"":true,""pt_BR_check_marker"":true,""pt_BR_check_path"":true,""pt_BR_check_statement_hash"":true,""pt_BR_formal_hash"":true,""pt_BR_formal_path"":true,""pt_BR_statement_label"":true,""statement_check_exists"":true,""statement_check_fields"":true,""statement_check_formal_hash"":true,""statement_check_id"":true,""statement_check_payload_fields"":true,""statement_check_result"":true,""statement_check_schema"":true,""statement_check_type"":true}"	PASS
MAX-G3.STATEMENT-CORRESPONDENCE.CHECK	StatementCorrespondenceCheck	MAX-G3	b79e41c1d08606c90d18fcc398edaf4ea4eed44f811da37dd8a38e5b2b16092f	34e00ae5bd72a6bfc5061974762076aed479b9719b900d74be34f1c56af8f938	c6ebf86ce604c4c6d4949eb57ba3d5805873c2d0c932f657192df93e25812b0c	e967281626c057cbda123e44f6a56c4b52acda4639d74fe421bfe0c60286f2ff	224e4c080ab9f9113e73f687c717a264ac3e0731bc505775f020a31f98aeea4b	"{""en_check_file_hash"":true,""en_check_marker"":true,""en_check_path"":true,""en_check_statement_hash"":true,""en_formal_hash"":true,""en_formal_path"":true,""en_statement_label"":true,""english_hash"":true,""english_registry"":true,""formal_hash"":true,""localized_link_node"":true,""portuguese_hash"":true,""portuguese_registry"":true,""pt_BR_check_file_hash"":true,""pt_BR_check_marker"":true,""pt_BR_check_path"":true,""pt_BR_check_statement_hash"":true,""pt_BR_formal_hash"":true,""pt_BR_formal_path"":true,""pt_BR_statement_label"":true,""statement_check_exists"":true,""statement_check_fields"":true,""statement_check_formal_hash"":true,""statement_check_id"":true,""statement_check_payload_fields"":true,""statement_check_result"":true,""statement_check_schema"":true,""statement_check_type"":true}"	PASS
MAX-G4.STATEMENT-CORRESPONDENCE.CHECK	StatementCorrespondenceCheck	MAX-G4	919ef83f74c653cb7c99eebb61c88365b6ec3f7b2741bb6ad91cb1d76b565ffe	08d83f88194df82e0f5959230d3c88666ae87682dcab1b403206d63fc6614fbc	46ade16ff7882ed51b94934723c35aae0f174a2ca4d11206704245bcf517eba6	0bf72920995fc66b0052985f3829a72246d3918585e29b7d392107bee8a3c4ef	47c34445dd2145c92cda768e88ad1d4bd39c8f31f42b48d1fd55cd577f8ec0a6	"{""en_check_file_hash"":true,""en_check_marker"":true,""en_check_path"":true,""en_check_statement_hash"":true,""en_formal_hash"":true,""en_formal_path"":true,""en_statement_label"":true,""english_hash"":true,""english_registry"":true,""formal_hash"":true,""localized_link_node"":true,""portuguese_hash"":true,""portuguese_registry"":true,""pt_BR_check_file_hash"":true,""pt_BR_check_marker"":true,""pt_BR_check_path"":true,""pt_BR_check_statement_hash"":true,""pt_BR_formal_hash"":true,""pt_BR_formal_path"":true,""pt_BR_statement_label"":true,""statement_check_exists"":true,""statement_check_fields"":true,""statement_check_formal_hash"":true,""statement_check_id"":true,""statement_check_payload_fields"":true,""statement_check_result"":true,""statement_check_schema"":true,""statement_check_type"":true}"	PASS
MAX-G5.STATEMENT-CORRESPONDENCE.CHECK	StatementCorrespondenceCheck	MAX-G5	9d71783e3f3c7ea48dded895addba0b8a4d374de11818b0d4c17b48906ee8fe4	31d567bfb27abe873a9f777fd8b6efc166aebbf8c461e5b6e89bd19b60e537c2	7c466771d630803746101003ee09f1c0d66d329fd56cd70f553d23511090f483	e839f9ef63612517877d5c1314b27ab703ec09b4081968a3ba3abbcbeeea83f4	2ad95723d4affe44ce53fb1beec8c8ec40912d73b4b7e4999a562c661358a273	"{""en_check_file_hash"":true,""en_check_marker"":true,""en_check_path"":true,""en_check_statement_hash"":true,""en_formal_hash"":true,""en_formal_path"":true,""en_statement_label"":true,""english_hash"":true,""english_registry"":true,""formal_hash"":true,""localized_link_node"":true,""portuguese_hash"":true,""portuguese_registry"":true,""pt_BR_check_file_hash"":true,""pt_BR_check_marker"":true,""pt_BR_check_path"":true,""pt_BR_check_statement_hash"":true,""pt_BR_formal_hash"":true,""pt_BR_formal_path"":true,""pt_BR_statement_label"":true,""statement_check_exists"":true,""statement_check_fields"":true,""statement_check_formal_hash"":true,""statement_check_id"":true,""statement_check_payload_fields"":true,""statement_check_result"":true,""statement_check_schema"":true,""statement_check_type"":true}"	PASS
MAX-G6.STATEMENT-CORRESPONDENCE.CHECK	StatementCorrespondenceCheck	MAX-G6	0af24a02c4c558f776143b884ac582286ff4b84518062ee9c140766d9205f83c	280ff12ec018d3ef43a177f2aa9054ce19d6a4dfd7973ad62244e4ec3a98b230	f646f84316ed208361e4bdccf104974681316299cf408025aafe81aa65dd744e	9de1e32dacbb9373e1b9835576c402c77228a252bf4731d2e7bd57533de4b5a9	f526fa61a3c2752519816c05c85f952359bb06b31e6849149a5d3ab7c82e3c7d	"{""en_check_file_hash"":true,""en_check_marker"":true,""en_check_path"":true,""en_check_statement_hash"":true,""en_formal_hash"":true,""en_formal_path"":true,""en_statement_label"":true,""english_hash"":true,""english_registry"":true,""formal_hash"":true,""localized_link_node"":true,""portuguese_hash"":true,""portuguese_registry"":true,""pt_BR_check_file_hash"":true,""pt_BR_check_marker"":true,""pt_BR_check_path"":true,""pt_BR_check_statement_hash"":true,""pt_BR_formal_hash"":true,""pt_BR_formal_path"":true,""pt_BR_statement_label"":true,""statement_check_exists"":true,""statement_check_fields"":true,""statement_check_formal_hash"":true,""statement_check_id"":true,""statement_check_payload_fields"":true,""statement_check_result"":true,""statement_check_schema"":true,""statement_check_type"":true}"	PASS
MAX-G7.STATEMENT-CORRESPONDENCE.CHECK	StatementCorrespondenceCheck	MAX-G7	bcce9e403ac23e5419d4abcbf113cd042700fcfd557ebbb8eb47b61ee1a095df	8752e5cfea081904c19f1aa23f73e9e254f5edc788be260200d65e56f2a4bd7d	8ac4e3bf674fb2760590ad81c4274fa942ef69d3ec6a1da1e840c01cc572e683	b51ba18c864acb28026a733af7903cb4722989d47f605f10ba18b11ae3512620	f673f05633f70ca14255bdb901c79dcc199948c34cf9d3d6bffaf7b5060c7222	"{""en_check_file_hash"":true,""en_check_marker"":true,""en_check_path"":true,""en_check_statement_hash"":true,""en_formal_hash"":true,""en_formal_path"":true,""en_statement_label"":true,""english_hash"":true,""english_registry"":true,""formal_hash"":true,""localized_link_node"":true,""portuguese_hash"":true,""portuguese_registry"":true,""pt_BR_check_file_hash"":true,""pt_BR_check_marker"":true,""pt_BR_check_path"":true,""pt_BR_check_statement_hash"":true,""pt_BR_formal_hash"":true,""pt_BR_formal_path"":true,""pt_BR_statement_label"":true,""statement_check_exists"":true,""statement_check_fields"":true,""statement_check_formal_hash"":true,""statement_check_id"":true,""statement_check_payload_fields"":true,""statement_check_result"":true,""statement_check_schema"":true,""statement_check_type"":true}"	PASS
MAX-G8.STATEMENT-CORRESPONDENCE.CHECK	StatementCorrespondenceCheck	MAX-G8	8d0429043e1a1606b2781cad0076ab6df1ff44b6dd9eb765fb6cad2199c7cd0f	f07da10ef6ad1f2382d422fda6334543c4ddf8e548233ea1abb95c468d8bce4f	d91e623cb68c9dd1f67f92462ca8c362369ffbf660bb139c66e911b0b0874372	3e1000125568bca5afc1a6f997c16b7cee4418cac46337dd2ad220e30d4df5c3	433b22ebc0384a457903dec93eecd1f5be1c9dd736be14c7aeceb94a1349b9e9	"{""en_check_file_hash"":true,""en_check_marker"":true,""en_check_path"":true,""en_check_statement_hash"":true,""en_formal_hash"":true,""en_formal_path"":true,""en_statement_label"":true,""english_hash"":true,""english_registry"":true,""formal_hash"":true,""localized_link_node"":true,""portuguese_hash"":true,""portuguese_registry"":true,""pt_BR_check_file_hash"":true,""pt_BR_check_marker"":true,""pt_BR_check_path"":true,""pt_BR_check_statement_hash"":true,""pt_BR_formal_hash"":true,""pt_BR_formal_path"":true,""pt_BR_statement_label"":true,""statement_check_exists"":true,""statement_check_fields"":true,""statement_check_formal_hash"":true,""statement_check_id"":true,""statement_check_payload_fields"":true,""statement_check_result"":true,""statement_check_schema"":true,""statement_check_type"":true}"	PASS
MAX-G9.STATEMENT-CORRESPONDENCE.CHECK	StatementCorrespondenceCheck	MAX-G9	67476bd1b115b6a7c5881dc5225883c0aa2db72e735d3e02cf5dbc2d528771d5	f792183dc515385223335110e82e34a84a3e67ef860d1dc6a41f3500f3d1990c	10747e11c0de14607dae1bb52ee063fb046507dfa6f191a29e3b367201fb5f9a	7642ccad859b91a443a838911bab2b72ed17cfb468bdff587fdb0c2e3a047dd7	1fbe50e122392eeb386e420d90c4c62b93717f7c5015b0ecf14f2a51b2305c66	"{""en_check_file_hash"":true,""en_check_marker"":true,""en_check_path"":true,""en_check_statement_hash"":true,""en_formal_hash"":true,""en_formal_path"":true,""en_statement_label"":true,""english_hash"":true,""english_registry"":true,""formal_hash"":true,""localized_link_node"":true,""portuguese_hash"":true,""portuguese_registry"":true,""pt_BR_check_file_hash"":true,""pt_BR_check_marker"":true,""pt_BR_check_path"":true,""pt_BR_check_statement_hash"":true,""pt_BR_formal_hash"":true,""pt_BR_formal_path"":true,""pt_BR_statement_label"":true,""statement_check_exists"":true,""statement_check_fields"":true,""statement_check_formal_hash"":true,""statement_check_id"":true,""statement_check_payload_fields"":true,""statement_check_result"":true,""statement_check_schema"":true,""statement_check_type"":true}"	PASS
SEL-F1.STATEMENT-CORRESPONDENCE.CHECK	StatementCorrespondenceCheck	SEL-F1	37f5f80cbb13cfbf3e48c083564d3f916952ffcebfcb7b040f752b2bc227088e	ad3681cd7be0d740a681518095816c60757a710528e259d0a0e4139caf7257bd	44cf3cc5bd608ccff61dfe2ca1a2af57f72cc0f3006194f6cda7dc0a8b1d89f7	3e5ae5e93e373acfc22a9d662439a3579594b0ebc727de0a3cbd9ec1d7653b1e	aac8fecb1074bcacc004a5653a4f02c11b2f3c04c5a349ad8c7988b96c1d7420	"{""en_check_file_hash"":true,""en_check_marker"":true,""en_check_path"":true,""en_check_statement_hash"":true,""en_formal_hash"":true,""en_formal_path"":true,""en_statement_label"":true,""english_hash"":true,""english_registry"":true,""formal_hash"":true,""localized_link_node"":true,""portuguese_hash"":true,""portuguese_registry"":true,""pt_BR_check_file_hash"":true,""pt_BR_check_marker"":true,""pt_BR_check_path"":true,""pt_BR_check_statement_hash"":true,""pt_BR_formal_hash"":true,""pt_BR_formal_path"":true,""pt_BR_statement_label"":true,""statement_check_exists"":true,""statement_check_fields"":true,""statement_check_formal_hash"":true,""statement_check_id"":true,""statement_check_payload_fields"":true,""statement_check_result"":true,""statement_check_schema"":true,""statement_check_type"":true}"	PASS
SEL-F2.STATEMENT-CORRESPONDENCE.CHECK	StatementCorrespondenceCheck	SEL-F2	78aba196d83d36c130061f77e240d1b207b6bf970a7a18987415f55b9cea9fd6	69554f241c154b9c6b802c73d3a3c5a34851778b49d5cfd07e51445733712ac2	72329eb96badcc68bb7fc0980593583117e23c1e9b134ba785e1e50d01066c09	bc8bf9ee95a65d944bdc6d8c121a4c27d1637767d32e2b59be45c3a79f93d437	6479942449598170a8895ee534d6a61597cc55741e8293e5119a64e5640549a3	"{""en_check_file_hash"":true,""en_check_marker"":true,""en_check_path"":true,""en_check_statement_hash"":true,""en_formal_hash"":true,""en_formal_path"":true,""en_statement_label"":true,""english_hash"":true,""english_registry"":true,""formal_hash"":true,""localized_link_node"":true,""portuguese_hash"":true,""portuguese_registry"":true,""pt_BR_check_file_hash"":true,""pt_BR_check_marker"":true,""pt_BR_check_path"":true,""pt_BR_check_statement_hash"":true,""pt_BR_formal_hash"":true,""pt_BR_formal_path"":true,""pt_BR_statement_label"":true,""statement_check_exists"":true,""statement_check_fields"":true,""statement_check_formal_hash"":true,""statement_check_id"":true,""statement_check_payload_fields"":true,""statement_check_result"":true,""statement_check_schema"":true,""statement_check_type"":true}"	PASS
SUP-E1.STATEMENT-CORRESPONDENCE.CHECK	StatementCorrespondenceCheck	SUP-E1	418997dd3bc5048b39aec704fd6ceebf913f9debe3ec1e5d04653804dd1459cd	6945f59f9eefe37d28b4e6bedea390c536b20c84334d17770924a19763e6f3b3	91b9e358385b230fe67d7963cd84763e571a53315025c8dc1f542e0f8c525c5c	8942917d23e932e1f953af78306fbd40bd6a744fe1e46940967d409d5b595230	7bf42fd3926c1692bc4958713da73b204d031cac4621f594e9caede04acec886	"{""en_check_file_hash"":true,""en_check_marker"":true,""en_check_path"":true,""en_check_statement_hash"":true,""en_formal_hash"":true,""en_formal_path"":true,""en_statement_label"":true,""english_hash"":true,""english_registry"":true,""formal_hash"":true,""localized_link_node"":true,""portuguese_hash"":true,""portuguese_registry"":true,""pt_BR_check_file_hash"":true,""pt_BR_check_marker"":true,""pt_BR_check_path"":true,""pt_BR_check_statement_hash"":true,""pt_BR_formal_hash"":true,""pt_BR_formal_path"":true,""pt_BR_statement_label"":true,""statement_check_exists"":true,""statement_check_fields"":true,""statement_check_formal_hash"":true,""statement_check_id"":true,""statement_check_payload_fields"":true,""statement_check_result"":true,""statement_check_schema"":true,""statement_check_type"":true}"	PASS
SUP-E2.STATEMENT-CORRESPONDENCE.CHECK	StatementCorrespondenceCheck	SUP-E2	ee3a23e2e3952420f4e1a7a4a417ff0bfbda1167f99363b3b36f399675de765e	14351c14f0f5cbe4346835d8bae2ee5913acbe5afb95af6bd2ebd1b806bf0dd9	895e60c03928ea8622fa4a6880b1c86820dce05dbf0263f54b2c5b348b7306b5	c2c5c7cbecaa228e58a90a0b202ae25db30671940edcddf8168fa1aa465cdc00	41c9e0498fba46ba0d53d05c3a382ff68297dbe5e61539fbdd3d2c8e34589ceb	"{""en_check_file_hash"":true,""en_check_marker"":true,""en_check_path"":true,""en_check_statement_hash"":true,""en_formal_hash"":true,""en_formal_path"":true,""en_statement_label"":true,""english_hash"":true,""english_registry"":true,""formal_hash"":true,""localized_link_node"":true,""portuguese_hash"":true,""portuguese_registry"":true,""pt_BR_check_file_hash"":true,""pt_BR_check_marker"":true,""pt_BR_check_path"":true,""pt_BR_check_statement_hash"":true,""pt_BR_formal_hash"":true,""pt_BR_formal_path"":true,""pt_BR_statement_label"":true,""statement_check_exists"":true,""statement_check_fields"":true,""statement_check_formal_hash"":true,""statement_check_id"":true,""statement_check_payload_fields"":true,""statement_check_result"":true,""statement_check_schema"":true,""statement_check_type"":true}"	PASS
SUP-E3.STATEMENT-CORRESPONDENCE.CHECK	StatementCorrespondenceCheck	SUP-E3	9d7fbce0e9189ac1b79ec826b71040429c06a6552279fda582a058ce669dd707	a11934c06c48228d07b58cf74bd9ff6a640c62c0413b29212011bc0de7cbf3c1	1caec9ae5177664d1b9ed57e8b30ae4ce6f38a7b5b6ed059e54ebba580c80dc9	a7d03475106fcdaec6ca989d7c0d33ab13c0b83e872a45309eaa48100d658dc0	36d2bab29db6a0ecd4e67a9d78c85d31a2ef4f87d267e7927c2331efa4c944d5	"{""en_check_file_hash"":true,""en_check_marker"":true,""en_check_path"":true,""en_check_statement_hash"":true,""en_formal_hash"":true,""en_formal_path"":true,""en_statement_label"":true,""english_hash"":true,""english_registry"":true,""formal_hash"":true,""localized_link_node"":true,""portuguese_hash"":true,""portuguese_registry"":true,""pt_BR_check_file_hash"":true,""pt_BR_check_marker"":true,""pt_BR_check_path"":true,""pt_BR_check_statement_hash"":true,""pt_BR_formal_hash"":true,""pt_BR_formal_path"":true,""pt_BR_statement_label"":true,""statement_check_exists"":true,""statement_check_fields"":true,""statement_check_formal_hash"":true,""statement_check_id"":true,""statement_check_payload_fields"":true,""statement_check_result"":true,""statement_check_schema"":true,""statement_check_type"":true}"	PASS
SUP-E4.STATEMENT-CORRESPONDENCE.CHECK	StatementCorrespondenceCheck	SUP-E4	47890896bb1aac11ba9fc6b452ed3644bf48adb6df6b9dc07e7251193f7332ea	ff78bef14e2193a0d483d607855a83e0404a37199570f3a131f67ef12e75d5da	bdd3ce50274d2a098277906b6c670575efba3bd1f700a9626bf463fe91f9236b	009485adaf3821fc4aa54b70a889c9419dda3ecae7d8751f41a608db805ce2bd	8faaff2a0a31ac610ba5cb1210bd3e985c286da99b9d548e6eb39fb923a90522	"{""en_check_file_hash"":true,""en_check_marker"":true,""en_check_path"":true,""en_check_statement_hash"":true,""en_formal_hash"":true,""en_formal_path"":true,""en_statement_label"":true,""english_hash"":true,""english_registry"":true,""formal_hash"":true,""localized_link_node"":true,""portuguese_hash"":true,""portuguese_registry"":true,""pt_BR_check_file_hash"":true,""pt_BR_check_marker"":true,""pt_BR_check_path"":true,""pt_BR_check_statement_hash"":true,""pt_BR_formal_hash"":true,""pt_BR_formal_path"":true,""pt_BR_statement_label"":true,""statement_check_exists"":true,""statement_check_fields"":true,""statement_check_formal_hash"":true,""statement_check_id"":true,""statement_check_payload_fields"":true,""statement_check_result"":true,""statement_check_schema"":true,""statement_check_type"":true}"	PASS
