check_id	check_type	result_id	path	sha256	formal_statement_sha256
APP-BASIC.STATEMENT-CORRESPONDENCE.CHECK	StatementCorrespondenceCheck	APP-BASIC	formal/statement_checks/APP-BASIC.statement-correspondence-check.json	1bf405a00b826dc088574212716126f40e9f08d4d844c2b8fb24d35fed073301	14c3f3c79200ded31c7f33dd7dec214994a854463aedb67ba01d12fc8dfa912f
APP-MCC-COMP.STATEMENT-CORRESPONDENCE.CHECK	StatementCorrespondenceCheck	APP-MCC-COMP	formal/statement_checks/APP-MCC-COMP.statement-correspondence-check.json	d18dd528c07daa149049ee85beb00799a2f74412730da590578f50ee9fa903d2	f796d0bb669392ebfeca06ca2fd90c4974d048417fb9154e496855eece25d87e
APP-MCC-GRID.STATEMENT-CORRESPONDENCE.CHECK	StatementCorrespondenceCheck	APP-MCC-GRID	formal/statement_checks/APP-MCC-GRID.statement-correspondence-check.json	7f05f5df87e1b0c5cfffd1e8499b40eb7a709a4a1b1f489e7a39748efa8b6b7a	f019672b48a6274c318e071b932758ce3fcc6e267c2ca55354bd0be2f0889893
APP-MCC-LENGTH.STATEMENT-CORRESPONDENCE.CHECK	StatementCorrespondenceCheck	APP-MCC-LENGTH	formal/statement_checks/APP-MCC-LENGTH.statement-correspondence-check.json	0775853572e96437f75e80023a31a372bf3e9b800fa2dfca0726bbc2aced0d12	b32a629b1c0b6eebb7793055a673c171ac067c583193e1dd3c9ce87d0df4894f
CALC-F1.STATEMENT-CORRESPONDENCE.CHECK	StatementCorrespondenceCheck	CALC-F1	formal/statement_checks/CALC-F1.statement-correspondence-check.json	493e6990a5965e3e4528de7287966657d208081359035a7fcbdc77299acb96f5	14564da8100357eeb05a513662f0a987f19f3192ff9fec474eee1f87123a4cca
CALC-R01.STATEMENT-CORRESPONDENCE.CHECK	StatementCorrespondenceCheck	CALC-R01	formal/statement_checks/CALC-R01.statement-correspondence-check.json	7f6048a85a6a115325be6379477ad0db6a8312ee99deeeb55ee23accd1a1a34a	1edd33e91dfb348e41d9dcc6da448f7c2af572fbb6cba0e9d24922e27a6d66cd
CALC-R02.STATEMENT-CORRESPONDENCE.CHECK	StatementCorrespondenceCheck	CALC-R02	formal/statement_checks/CALC-R02.statement-correspondence-check.json	bb2cb67425cde9dbd99585cb37c9f390982d597e25a17a0c84eb2e5b915f06ad	2bea56a5e3744ebe39c01ed48c786776f2cf4b12cab5f6cbc6dcf3e0d641f58d
CALC-R03.STATEMENT-CORRESPONDENCE.CHECK	StatementCorrespondenceCheck	CALC-R03	formal/statement_checks/CALC-R03.statement-correspondence-check.json	75b21468d9132a848b4ae32d9925cf86f27a1bdcb0b8ffa51b2aac0d49b198d0	b4e629cca9e1dbf241d21d13afc7a6bffe2c0073a1f319c104a1e0ad9245e863
CALC-R04.STATEMENT-CORRESPONDENCE.CHECK	StatementCorrespondenceCheck	CALC-R04	formal/statement_checks/CALC-R04.statement-correspondence-check.json	289bdfa717a216818676a9094375d3dc1d13c75476cdf34da51a6653018f387e	6a97553125a9f4a3c38dbb80e299703f1ace7f919e21bb19dd2b4f636c3a0100
CALC-R05.STATEMENT-CORRESPONDENCE.CHECK	StatementCorrespondenceCheck	CALC-R05	formal/statement_checks/CALC-R05.statement-correspondence-check.json	22c8db302e176d659ef33801c620a28e38fee290e08aa0d3cd2677efa226128a	2667bb63c33827f123f34e93224557ad08ed8282fff1b3c55cb5f831a58d0874
CALC-R06.STATEMENT-CORRESPONDENCE.CHECK	StatementCorrespondenceCheck	CALC-R06	formal/statement_checks/CALC-R06.statement-correspondence-check.json	2cebb806760891eecfc9b0efa143b9a6b336bb312f53420e5b0612a600ceb9fc	26c55ccdeee730941a66f403053564f7c22c93b943da53ee7913e92e74caa3ba
CALC-R07.STATEMENT-CORRESPONDENCE.CHECK	StatementCorrespondenceCheck	CALC-R07	formal/statement_checks/CALC-R07.statement-correspondence-check.json	cef706505549848bbac297b13bc5344613515122a101d87051605de94901d178	de1abcb39f7c26f26b2f4232bb7ac8d503b7a2bbb2722ecdd6671fa79bd7483e
CALC-R08.STATEMENT-CORRESPONDENCE.CHECK	StatementCorrespondenceCheck	CALC-R08	formal/statement_checks/CALC-R08.statement-correspondence-check.json	5bcc8cf76148dc6e22731bf641d775c6b2d65e5d430c92c74704b2ba7aeaf67f	8856b18b8b5fb3251271ba82e509339fe55c5bff78c028f3917b174c569d4308
CALC-R09.STATEMENT-CORRESPONDENCE.CHECK	StatementCorrespondenceCheck	CALC-R09	formal/statement_checks/CALC-R09.statement-correspondence-check.json	a610de8a655b5033998506c599746fedbda2b0cad212e3e86c898bd00beb4117	1101537f92f0ab8c124b0151677f4e5c379d7288bed28b7342029e982d0b647c
CALC-R10.STATEMENT-CORRESPONDENCE.CHECK	StatementCorrespondenceCheck	CALC-R10	formal/statement_checks/CALC-R10.statement-correspondence-check.json	6d4fc2a078e4ec67a8ad0d774224d14def61a18636ccfd1517851a63cc4fbf63	244e9b9fa58bd321ca67eea82759c70ea43929145ab3a84df757e2c477704d80
CALC-R11.STATEMENT-CORRESPONDENCE.CHECK	StatementCorrespondenceCheck	CALC-R11	formal/statement_checks/CALC-R11.statement-correspondence-check.json	c7dc71532394dd580a9ad24462d30c90558103152f975b316448e0d9bf9bf3e1	6d3fe1eef5d390df53e05f322362322a83fe793486d3feb7d98d0850ce6bb7d1
CALC-R12.STATEMENT-CORRESPONDENCE.CHECK	StatementCorrespondenceCheck	CALC-R12	formal/statement_checks/CALC-R12.statement-correspondence-check.json	7bf22c2c6aa5c57ccd7b256167711542de2e8bf3647189b0bd63dd925ba467ca	383e649afef1468cfd4916e07e4bfbfc3160d2a0fa1d75d627e23f7801ea9410
CALC-R13.STATEMENT-CORRESPONDENCE.CHECK	StatementCorrespondenceCheck	CALC-R13	formal/statement_checks/CALC-R13.statement-correspondence-check.json	9fee22202b2b9133033378fa3c34a0e2fdcd96f09775e81d8c0a13d8639889a9	92a76606d7bdee95d7032a8af8211b27c8032a1d9eeaff288c9869fb0356e689
CALC-R14.STATEMENT-CORRESPONDENCE.CHECK	StatementCorrespondenceCheck	CALC-R14	formal/statement_checks/CALC-R14.statement-correspondence-check.json	7e5c2e96d82fd3fc05e2d4b399027d83a10baaa887935f26ca30e0ac20b64b1e	433ee8da5c7a3c371ca8470c1ec307248d4387ec6512986a45ceb6297bd28382
CALC-R15.STATEMENT-CORRESPONDENCE.CHECK	StatementCorrespondenceCheck	CALC-R15	formal/statement_checks/CALC-R15.statement-correspondence-check.json	aa74669efc8d4e19ac04e4fb6a33855cf492c944bc6712470703f74a056c9ab2	c79c6ff300b75f778f47bf65b53d3e5254748b91a6137736bee703647442118e
CHG-B1.STATEMENT-CORRESPONDENCE.CHECK	StatementCorrespondenceCheck	CHG-B1	formal/statement_checks/CHG-B1.statement-correspondence-check.json	d1149bf9c9e5a6999c885c6e244a302609b53c35e76de2a57928de1e122ccd51	7f262044bbadce98672029070f82f6587f3eeceb42d016c5f4be45055d8fd800
CHG-B10.STATEMENT-CORRESPONDENCE.CHECK	StatementCorrespondenceCheck	CHG-B10	formal/statement_checks/CHG-B10.statement-correspondence-check.json	992243f3bf0a250519e2c7569f56629b6323a6e126063c5f31c19ac4c0df6391	3d7417072909554aa90bf8c65822d4435b02419ae2b38bae7d042e198708ff98
CHG-B11.STATEMENT-CORRESPONDENCE.CHECK	StatementCorrespondenceCheck	CHG-B11	formal/statement_checks/CHG-B11.statement-correspondence-check.json	df7eb5a221216ca8bc0ea00881b53157d867176df3723558ab34fb739734478d	3678fd7d865494bf27e17499109966656bbd908681b58b6bc401c907d81f1dbb
CHG-B12.STATEMENT-CORRESPONDENCE.CHECK	StatementCorrespondenceCheck	CHG-B12	formal/statement_checks/CHG-B12.statement-correspondence-check.json	ffb193a3d896eb82672cbb608722bb8923278a348b65c5cf7e359fd60b3efb8e	f6a38e7f1b736882a25e9aa8d0fa647db29304efa79f19f37ec7b68965df6aaf
CHG-B13.STATEMENT-CORRESPONDENCE.CHECK	StatementCorrespondenceCheck	CHG-B13	formal/statement_checks/CHG-B13.statement-correspondence-check.json	df1a112edbd37b0fbb0d19731fc5bc91418268ab3f1dd88f96d724ed73e73d74	66b25e95ff6c7f35a3ab560af9bd148c58dc94f82432d6967ee8a6e8287f6854
CHG-B14.STATEMENT-CORRESPONDENCE.CHECK	StatementCorrespondenceCheck	CHG-B14	formal/statement_checks/CHG-B14.statement-correspondence-check.json	4428dbf05fc523deb82f4299be24218fe7780efd2fd365511978345916717e46	d4f9fefa43ed762b250d43a16cb5569cea37d41d69897ac95458020b00c61dbd
CHG-B15.STATEMENT-CORRESPONDENCE.CHECK	StatementCorrespondenceCheck	CHG-B15	formal/statement_checks/CHG-B15.statement-correspondence-check.json	b2db4fb34695b3eb454443fe932a6ff6d7629c30098a8a7907c50e84245cd96a	c527421dba6c9b3ffca160a6f467073ae713069baa69e1772b1ed8fb10f120b9
CHG-B16.STATEMENT-CORRESPONDENCE.CHECK	StatementCorrespondenceCheck	CHG-B16	formal/statement_checks/CHG-B16.statement-correspondence-check.json	23dade592b45add4d896531f0166de1e13f20feec66216d5c95ede6abd7d7b19	a9c1e346317641d96510e1553d7e95cc0300a82b91d1ce7b9d33e77ce0276568
CHG-B2.STATEMENT-CORRESPONDENCE.CHECK	StatementCorrespondenceCheck	CHG-B2	formal/statement_checks/CHG-B2.statement-correspondence-check.json	660cbd156930a1c429e6e372313f9511058513e1629d6c9b41a00281b4c9e593	b9a1447bb0746758acbbb8a55037874e1ead236997da2c4f0a5360a89f7faafe
CHG-B3.STATEMENT-CORRESPONDENCE.CHECK	StatementCorrespondenceCheck	CHG-B3	formal/statement_checks/CHG-B3.statement-correspondence-check.json	01193f0c2c79e5a39eb63f224fa8853887e4c5cd0ebf31ededfb0c91a34a05fb	8a965f5fbd8b41f4e01be065015e4a1f6a8b285f28873af4d09e62d8d69c5954
CHG-B4.STATEMENT-CORRESPONDENCE.CHECK	StatementCorrespondenceCheck	CHG-B4	formal/statement_checks/CHG-B4.statement-correspondence-check.json	81598b17142431e2a838a52d8607127d2303141ffacd797037e6dffe0f9fe34d	34101d6e7090319a35fd6626ff3a6caa9267ff06ca956fb244bc3b115fb3ab73
CHG-B5.STATEMENT-CORRESPONDENCE.CHECK	StatementCorrespondenceCheck	CHG-B5	formal/statement_checks/CHG-B5.statement-correspondence-check.json	0d44222646ca74c7e9c56477010576c4dab9da5e4f6cbe7e5714d577382e305a	dfe8c2506601d0e546941522d843b98968c8326c0e9dbd44ff6e1e6f6e3fdd9b
CHG-B6.STATEMENT-CORRESPONDENCE.CHECK	StatementCorrespondenceCheck	CHG-B6	formal/statement_checks/CHG-B6.statement-correspondence-check.json	dff173490aea9df6b47826fc9c322d089626d7d2102a32d1c1a1d4a4e6fa8748	100bea8967a3ef4b5c11978fa725f77d8379cf17d052921df6cc38bce5ceaf4c
CHG-B7.STATEMENT-CORRESPONDENCE.CHECK	StatementCorrespondenceCheck	CHG-B7	formal/statement_checks/CHG-B7.statement-correspondence-check.json	07da6a2c0a52d4a9238848bdc74df4a848c9a89e1b6db3963c2bda4c595d9943	afc641c94a9f75a1539fb9d0672f477638266c71d70e3329c031341e1cbbc855
CHG-B8.STATEMENT-CORRESPONDENCE.CHECK	StatementCorrespondenceCheck	CHG-B8	formal/statement_checks/CHG-B8.statement-correspondence-check.json	2876d678c3a301b3938569fed17ed47876f7ec38daa7016b4cc81c05be74907c	19acdecc43d3f9deb9f85dea0b717e6d6f057ff8b8956892c6ed830224af1952
CHG-B9.STATEMENT-CORRESPONDENCE.CHECK	StatementCorrespondenceCheck	CHG-B9	formal/statement_checks/CHG-B9.statement-correspondence-check.json	5dacfac5237e8d88ad4cffa014cd6e1b6ec9e827cdb930a4bd0bdceac6f96393	2769fde9cc1611d9012420a3fb879f727123909502ad7bfc8c7e941d7ac108a4
CTX-C1.STATEMENT-CORRESPONDENCE.CHECK	StatementCorrespondenceCheck	CTX-C1	formal/statement_checks/CTX-C1.statement-correspondence-check.json	f9d828eb1865d23868e6cd69f05fab33069bcf2c147019d445b94cea9e397a47	beed0989886f522831b6a438f872b1f19d1cdd939cc18392645e9424907a6ff8
CTX-C2.STATEMENT-CORRESPONDENCE.CHECK	StatementCorrespondenceCheck	CTX-C2	formal/statement_checks/CTX-C2.statement-correspondence-check.json	65e6775152b2a1dd7ecf3232d03f0a6921d5bb23ed0a16ee72063af6d401d509	50918e1ee50c08eabd298285e6c4b159f982eb1b4d9869e7cc923cd65b63915e
DATA-EN-R1.STATEMENT-CORRESPONDENCE.CHECK	StatementCorrespondenceCheck	DATA-EN-R1	formal/statement_checks/DATA-EN-R1.statement-correspondence-check.json	792f24ffd5cc95769e808ab0f0c2e651e4b4f6cc1c60e56d96c8534614488f97	02ecc06933372842db120743c89d86a864cef4f7a32bdc926ac468545b8a604f
DATA-PT-R1.STATEMENT-CORRESPONDENCE.CHECK	StatementCorrespondenceCheck	DATA-PT-R1	formal/statement_checks/DATA-PT-R1.statement-correspondence-check.json	8ffa1b98c6e47462821cff65b90f2c43a3375de2d1f5a535387f856c1265c22f	1c15322d8bd3000dee89ae3596ea6a973fad247b7fc2d57106e05a0e1e95da4f
DATA-ZH-R1.STATEMENT-CORRESPONDENCE.CHECK	StatementCorrespondenceCheck	DATA-ZH-R1	formal/statement_checks/DATA-ZH-R1.statement-correspondence-check.json	626c98a955d4cfc4168c6bb95df0f21f75482095a8fb995afd33e4a67d435ea8	b8fa10a8f6b54c54028c1bc138edb5f8fd3922604861c861af7cb3516383febc
FIN-A1.STATEMENT-CORRESPONDENCE.CHECK	StatementCorrespondenceCheck	FIN-A1	formal/statement_checks/FIN-A1.statement-correspondence-check.json	43b56c4bf1ec8341ef8a6c61935fe40111e6d77e39a105c8f033ca4d7681b377	c17a61ef74c408f6ff99ff0a7e6e4ace476ae414894334e0d72d5523fabc766b
FIN-A2.STATEMENT-CORRESPONDENCE.CHECK	StatementCorrespondenceCheck	FIN-A2	formal/statement_checks/FIN-A2.statement-correspondence-check.json	5156f755925e129c9b79771154fb1b8fa627e1ad5d71981d01252c4c0ca7482f	9a1dd3f7a17fdc77a93b1ff877a996d96d3c2f3ae4c4bb402dce4ab594cc5ef9
FIN-A3.STATEMENT-CORRESPONDENCE.CHECK	StatementCorrespondenceCheck	FIN-A3	formal/statement_checks/FIN-A3.statement-correspondence-check.json	828f4e6c2f901be07810cb58d88c25aa2328f037aee5f8628e5329e11afc036b	f4f04fb4212c1c46f0120b7db40386b0b12bac1b4a2ad4c6f9edd622099c85cb
FIN-A4.STATEMENT-CORRESPONDENCE.CHECK	StatementCorrespondenceCheck	FIN-A4	formal/statement_checks/FIN-A4.statement-correspondence-check.json	226c7f1b52bf793b7ebb25200e331f0cbf4888752ca0af0b6f281c04c18ab9e6	d6ba99b1bba5e503f8c1eaae27446d33d6525a4233c5236dce456592be4adba5
FIN-A5.STATEMENT-CORRESPONDENCE.CHECK	StatementCorrespondenceCheck	FIN-A5	formal/statement_checks/FIN-A5.statement-correspondence-check.json	f7ca53a43535ce6248240cab00e013acf29b56e60eb0e5bba07651980379cf15	c6f4b3f4fba8a4884f7f0364befbe7f79100dd5ba394f77d3740b7287eef771e
FIN-A6.STATEMENT-CORRESPONDENCE.CHECK	StatementCorrespondenceCheck	FIN-A6	formal/statement_checks/FIN-A6.statement-correspondence-check.json	aaa9f9f458127025ebc7abf42506f74f386141d92f62a04934ea7f0afe4afb47	cfb19822a585e516c0f3228e95950365ec25ba3ffb7de71750275a29efb3641b
FIN-A7.STATEMENT-CORRESPONDENCE.CHECK	StatementCorrespondenceCheck	FIN-A7	formal/statement_checks/FIN-A7.statement-correspondence-check.json	a713133dc467ebde6c8511866130e2400b5a2258732c48afeb3cd4ead8c220b9	4d5a2cde4a89ef62f553a841b2c2e737d57c2bb5e13919fc022c9edb20aad6e7
FLUX-D1.STATEMENT-CORRESPONDENCE.CHECK	StatementCorrespondenceCheck	FLUX-D1	formal/statement_checks/FLUX-D1.statement-correspondence-check.json	dc03dbf4702e45e032cc43afb589a3e6886a2e249b632f8bd26d0ae50fbcf224	88ec3663c29e46c9ec2c5b78900a65a00efc11cd213796a96801ba61331ab648
FLUX-D2.STATEMENT-CORRESPONDENCE.CHECK	StatementCorrespondenceCheck	FLUX-D2	formal/statement_checks/FLUX-D2.statement-correspondence-check.json	8b4d45ed326c9c4623fbe73bb330c5f1269058fa53b337790a2386a1fa733053	ed18c8767e964a1d5d9d33e9ba1cbcb9a0fa959f2fe720eb013c2b23bf93992e
FLUX-D3.STATEMENT-CORRESPONDENCE.CHECK	StatementCorrespondenceCheck	FLUX-D3	formal/statement_checks/FLUX-D3.statement-correspondence-check.json	dc34ea928f5ccb3fb4b87c23530749281ed1890fc09f776dca8104a2bf90781b	a7aa37e291822be9db755fbbcbd5342ecdcf7db457c548eb30a1aa780297f6fa
FLUX-D4.STATEMENT-CORRESPONDENCE.CHECK	StatementCorrespondenceCheck	FLUX-D4	formal/statement_checks/FLUX-D4.statement-correspondence-check.json	df64b0188a22d1b21e445dd0565041dd3b8d07c5aa60637d64c904c1fcbfb0bd	7db91f47ec9a567e47e57cf474ace7b1aa2a1d73463c7092545a017e1ae67829
FLUX-D5.STATEMENT-CORRESPONDENCE.CHECK	StatementCorrespondenceCheck	FLUX-D5	formal/statement_checks/FLUX-D5.statement-correspondence-check.json	423327cb3923dcddc5aaa9f40e7305bd4846c7b197d67665a5936d29fee42f2f	e8186e92be199c98ab81062f794ab754191f579a4b3751f6065a0695b7cc730a
MAX-G1.STATEMENT-CORRESPONDENCE.CHECK	StatementCorrespondenceCheck	MAX-G1	formal/statement_checks/MAX-G1.statement-correspondence-check.json	ec1f65403592258ea5041765ca310133ac7d85678d338e4c37eeafa8020441b2	6e68d3a33b0c8bd7c4ab73a6eb26ae595ff44642a089a5bf28153242d0293bc0
MAX-G2.STATEMENT-CORRESPONDENCE.CHECK	StatementCorrespondenceCheck	MAX-G2	formal/statement_checks/MAX-G2.statement-correspondence-check.json	fd6114a4fd45f2fd011d6510273fa0f2b0843cdf2597a43f0d08836e5b5d127f	28c9ca9de73a7b3847fd506bb54f199c16952014e8777550ec33d592e9b5ff94
MAX-G3.STATEMENT-CORRESPONDENCE.CHECK	StatementCorrespondenceCheck	MAX-G3	formal/statement_checks/MAX-G3.statement-correspondence-check.json	4011f9bd7e67f6abb8205f5d3a2d83afa5ba4b8263d3902f6305cb1eb1aff62c	b79e41c1d08606c90d18fcc398edaf4ea4eed44f811da37dd8a38e5b2b16092f
MAX-G4.STATEMENT-CORRESPONDENCE.CHECK	StatementCorrespondenceCheck	MAX-G4	formal/statement_checks/MAX-G4.statement-correspondence-check.json	67ddf831b90e231ef6b8d53db8de00925278b9d98b1e27c2b3dc215a4d5fe47c	919ef83f74c653cb7c99eebb61c88365b6ec3f7b2741bb6ad91cb1d76b565ffe
MAX-G5.STATEMENT-CORRESPONDENCE.CHECK	StatementCorrespondenceCheck	MAX-G5	formal/statement_checks/MAX-G5.statement-correspondence-check.json	6dc855227cffa96389a7a7223b0c0aec40e41995d4ee407223210cbe168f31c0	9d71783e3f3c7ea48dded895addba0b8a4d374de11818b0d4c17b48906ee8fe4
MAX-G6.STATEMENT-CORRESPONDENCE.CHECK	StatementCorrespondenceCheck	MAX-G6	formal/statement_checks/MAX-G6.statement-correspondence-check.json	57251386964edcbac2e4e4706706f3ebbeef5c7cecd34e712d53090be62772b3	0af24a02c4c558f776143b884ac582286ff4b84518062ee9c140766d9205f83c
MAX-G7.STATEMENT-CORRESPONDENCE.CHECK	StatementCorrespondenceCheck	MAX-G7	formal/statement_checks/MAX-G7.statement-correspondence-check.json	be647c84faa50ef90180470551b553ffc77ec4b51a6899b689b1dd5a58cc8a0b	bcce9e403ac23e5419d4abcbf113cd042700fcfd557ebbb8eb47b61ee1a095df
MAX-G8.STATEMENT-CORRESPONDENCE.CHECK	StatementCorrespondenceCheck	MAX-G8	formal/statement_checks/MAX-G8.statement-correspondence-check.json	c09b9c4bb7d71cbcd8ecaa942508a65222694db6003544780b1c854187192a5f	8d0429043e1a1606b2781cad0076ab6df1ff44b6dd9eb765fb6cad2199c7cd0f
MAX-G9.STATEMENT-CORRESPONDENCE.CHECK	StatementCorrespondenceCheck	MAX-G9	formal/statement_checks/MAX-G9.statement-correspondence-check.json	fa1b2b418029806a49156a3e20d8aca0b4719ef385385084b25c7f1fff22bb86	67476bd1b115b6a7c5881dc5225883c0aa2db72e735d3e02cf5dbc2d528771d5
SEL-F1.STATEMENT-CORRESPONDENCE.CHECK	StatementCorrespondenceCheck	SEL-F1	formal/statement_checks/SEL-F1.statement-correspondence-check.json	a71eea246514d0de1898a8938814efcbca0f4ca1facf9183df478d2e3cfef70c	37f5f80cbb13cfbf3e48c083564d3f916952ffcebfcb7b040f752b2bc227088e
SEL-F2.STATEMENT-CORRESPONDENCE.CHECK	StatementCorrespondenceCheck	SEL-F2	formal/statement_checks/SEL-F2.statement-correspondence-check.json	cab8d7fb1e96bf8b9196a3b85f470e22b55bba34b55652118138a4562a1dc4ad	78aba196d83d36c130061f77e240d1b207b6bf970a7a18987415f55b9cea9fd6
SUP-E1.STATEMENT-CORRESPONDENCE.CHECK	StatementCorrespondenceCheck	SUP-E1	formal/statement_checks/SUP-E1.statement-correspondence-check.json	556085294813c642f113bbd4cbeaebd7c88b9693d4af41281b0b0fc5d4a2d640	418997dd3bc5048b39aec704fd6ceebf913f9debe3ec1e5d04653804dd1459cd
SUP-E2.STATEMENT-CORRESPONDENCE.CHECK	StatementCorrespondenceCheck	SUP-E2	formal/statement_checks/SUP-E2.statement-correspondence-check.json	2a10564099bfa7af9851cc4bd209be03bbe4ebd4f19476702f7a16469c734f5f	ee3a23e2e3952420f4e1a7a4a417ff0bfbda1167f99363b3b36f399675de765e
SUP-E3.STATEMENT-CORRESPONDENCE.CHECK	StatementCorrespondenceCheck	SUP-E3	formal/statement_checks/SUP-E3.statement-correspondence-check.json	99177daef9e45e46bd1f4133399bfddbd8558dd6383a7ba101a02ce2545542c0	9d7fbce0e9189ac1b79ec826b71040429c06a6552279fda582a058ce669dd707
SUP-E4.STATEMENT-CORRESPONDENCE.CHECK	StatementCorrespondenceCheck	SUP-E4	formal/statement_checks/SUP-E4.statement-correspondence-check.json	8146b5b609e59ec611a65b721c07a5eb84d119c71ef8371f478106c5db4ac7c0	47890896bb1aac11ba9fc6b452ed3644bf48adb6df6b9dc07e7251193f7332ea
