root,last_two,final_low_vowel,all_harmonic_vowels_unrounded,acc_incidences,acc_neutral_i_e,acc_rounded_u_ue,acc_unraised,acc_unresolved,dat_incidences,dat_primary_raised_front,dat_primary_raised_back,dat_primary_unraised_front,dat_primary_unraised_back,dat_bare_or_unresolved,loc_incidences,loc_primary_raised_front,loc_primary_raised_back,loc_primary_unraised_front,loc_primary_unraised_back,loc_bare_or_unresolved
a'ile,BF,e,true,163.0,162.0,0,1.0,0,244.0,242.0,0,2.0,0,0.0,324.0,317.0,0,7.0,0,0.0
abide,BF,e,true,11.0,11.0,0,0,0,7.0,7.0,0,0,0,0.0,4.0,4.0,0,0,0,0.0
acha,BB,a,true,1.0,1.0,0,0,0,0,0,0,0,0,0,0,0,0,0,0,0
aghriqxana,BB,a,true,17.0,0,0,0,17.0,157.0,0,3.0,0,0,154.0,158.0,0,3.0,0,0,155.0
aha,BB,a,true,1.0,1.0,0,0,0,0,0,0,0,0,0,1.0,1.0,0,0,0,0.0
ahale,BF,e,true,394.0,394.0,0,0,0,248.0,46.0,202.0,0,0,0.0,3.0,3.0,0,0,0,0.0
akadémiye,BF,e,true,19.0,2.0,0,17.0,0,29.0,5.0,0,24.0,0,0.0,16.0,5.0,0,11.0,0,0.0
akula,BB,a,false,1.0,1.0,0,0,0,0,0,0,0,0,0,0,0,0,0,0,0
alicha,BB,a,true,0,0,0,0,0,0,0,0,0,0,0,1.0,0,1.0,0,0,0.0
alla,BB,a,true,27.0,0,0,27.0,0,217.0,0,0,0,217.0,0.0,0,0,0,0,0,0
alma,BB,a,true,0,0,0,0,0,9.0,0,9.0,0,0,0.0,1.0,0,1.0,0,0,0.0
amma,BB,a,true,238.0,238.0,0,0,0,376.0,0,376.0,0,0,0.0,7.0,0,7.0,0,0,0.0
ana,BB,a,true,171.0,171.0,0,0,0,230.0,0,230.0,0,0,0.0,3.0,0,3.0,0,0,0.0
antanta,BB,a,true,0,0,0,0,0,1.0,0,1.0,0,0,0.0,0,0,0,0,0,0
apa,BB,a,true,1.0,1.0,0,0,0,0,0,0,0,0,0,0,0,0,0,0,0
aptonomiye,BF,e,false,25.0,0,0,25.0,0,12.0,0,0,12.0,0,0.0,2.0,0,0,2.0,0,0.0
ara,BB,a,true,0,0,0,0,0,6.0,0,0,0,6.0,0.0,12.0,0,0,0,12.0,0.0
archa,BB,a,true,13.0,13.0,0,0,0,5.0,0,5.0,0,0,0.0,1.0,0,1.0,0,0,0.0
arghamcha,BB,a,true,5.0,5.0,0,0,0,6.0,0,6.0,0,0,0.0,3.0,0,3.0,0,0,0.0
ariye,BF,e,true,1.0,0,0,1.0,0,1.0,0,0,1.0,0,0.0,0,0,0,0,0,0
armiye,BF,e,true,96.0,42.0,0,54.0,0,112.0,51.0,0,61.0,0,0.0,40.0,18.0,0,22.0,0,0.0
arpa,BB,a,true,2.0,2.0,0,0,0,0,0,0,0,0,0,0,0,0,0,0,0
ashxana,BB,a,true,19.0,19.0,0,0,0,37.0,0,37.0,0,0,0.0,57.0,0,57.0,0,0,0.0
aspirantura,BB,a,false,13.0,13.0,0,0,0,23.0,0,23.0,0,0,0.0,41.0,0,41.0,0,0,0.0
assimilyatsiye,BF,e,true,17.0,0,0,17.0,0,19.0,0,0,19.0,0,0.0,0,0,0,0,0,0
astane,BF,e,true,4.0,4.0,0,0,0,7.0,3.0,4.0,0,0,0.0,33.0,13.0,20.0,0,0,0.0
astronomiye,BF,e,false,0,0,0,0,0,2.0,0,0,2.0,0,0.0,0,0,0,0,0,0
ata,BB,a,true,43.0,43.0,0,0,0,63.0,1.0,62.0,0,0,0.0,3.0,0,3.0,0,0,0.0
atmosféra,BB,a,false,2.0,2.0,0,0,0,3.0,0,3.0,0,0,0.0,3.0,0,3.0,0,0,0.0
aza,BB,a,true,2.0,2.0,0,0,0,1.0,0,1.0,0,0,0.0,0,0,0,0,0,0
bade,BF,e,true,0,0,0,0,0,0,0,0,0,0,0,1.0,0,1.0,0,0,0.0
baha,BB,a,true,90.0,0,0,90.0,0,186.0,0,0,0,186.0,0.0,267.0,0,0,0,267.0,0.0
bahane,BF,e,true,7.0,7.0,0,0,0,14.0,14.0,0,0,0,0.0,130.0,119.0,11.0,0,0,0.0
bajxana,BB,a,true,0,0,0,0,0,0,0,0,0,0,0,1.0,0,1.0,0,0,0.0
bala,BB,a,true,683.0,683.0,0,0,0,424.0,0,424.0,0,0,0.0,38.0,8.0,30.0,0,0,0.0
bara,BB,a,true,0,0,0,0,0,16.0,0,16.0,0,0,0.0,23.0,0,23.0,0,0,0.0
bashla,BB,a,true,0,0,0,0,0,1.0,0,1.0,0,0,0.0,0,0,0,0,0,0
bashlanma,BB,a,true,3.0,3.0,0,0,0,0,0,0,0,0,0,0,0,0,0,0,0
bashqarma,BB,a,true,0,0,0,0,0,1.0,0,1.0,0,0,0.0,0,0,0,0,0,0
basmixana,BB,a,true,1.0,0,0,0,1.0,31.0,0,0,0,0,31.0,24.0,0,2.0,0,0,22.0
bataréya,BB,a,true,0,0,0,0,0,0,0,0,0,0,0,1.0,1.0,0,0,0,0.0
bayanname,BF,e,true,6.0,6.0,0,0,0,2.0,1.0,1.0,0,0,0.0,6.0,4.0,2.0,0,0,0.0
baywechche,FF,e,true,2.0,2.0,0,0,0,6.0,6.0,0,0,0,0.0,0,0,0,0,0,0
baza,BB,a,true,32.0,32.0,0,0,0,57.0,0,57.0,0,0,0.0,21.0,0,21.0,0,0,0.0
belche,FF,e,true,0,0,0,0,0,0,0,0,0,0,0,3.0,3.0,0,0,0,0.0
berre,FF,e,true,1.0,1.0,0,0,0,0,0,0,0,0,0,0,0,0,0,0,0
beshire,FF,e,true,4.0,4.0,0,0,0,0,0,0,0,0,0,0,0,0,0,0,0
birleshme,FF,e,true,1.0,1.0,0,0,0,9.0,9.0,0,0,0,0.0,3.0,3.0,0,0,0,0.0
bola,BB,a,false,0,0,0,0,0,0,0,0,0,0,0,1.0,0,1.0,0,0,0.0
bolghuche,BF,e,false,7.0,7.0,0,0,0,6.0,0,6.0,0,0,0.0,2.0,0,2.0,0,0,0.0
bomba,BB,a,false,68.0,68.0,0,0,0,38.0,0,38.0,0,0,0.0,7.0,0,7.0,0,0,0.0
bowa,BB,a,false,1.0,1.0,0,0,0,0,0,0,0,0,0,0,0,0,0,0,0
bronza,BB,a,false,2.0,2.0,0,0,0,0,0,0,0,0,0,1.0,0,1.0,0,0,0.0
budda,BB,a,false,0,0,0,0,0,1.0,0,1.0,0,0,0.0,0,0,0,0,0,0
burda,BB,a,false,1.0,1.0,0,0,0,0,0,0,0,0,0,0,0,0,0,0,0
burma,BB,a,false,1.0,1.0,0,0,0,0,0,0,0,0,0,0,0,0,0,0,0
burzhu'aziye,BF,e,false,2.0,0,0,2.0,0,0,0,0,0,0,0,0,0,0,0,0,0
bölme,FF,e,false,18.0,18.0,0,0,0,75.0,75.0,0,0,0,0.0,67.0,67.0,0,0,0,0.0
böre,FF,e,false,38.0,38.0,0,0,0,30.0,30.0,0,0,0,0.0,0,0,0,0,0,0
bügünche,FF,e,false,0,0,0,0,0,1.0,1.0,0,0,0,0.0,0,0,0,0,0,0
chama,BB,a,true,1.0,1.0,0,0,0,2.0,0,2.0,0,0,0.0,0,0,0,0,0,0
chana,BB,a,true,1.0,1.0,0,0,0,5.0,0,5.0,0,0,0.0,3.0,0,3.0,0,0,0.0
changchile,BF,e,true,1.0,1.0,0,0,0,1.0,1.0,0,0,0,0.0,0,0,0,0,0,0
charshenbe,FF,e,true,0,0,0,0,0,1.0,1.0,0,0,0,0.0,1.0,1.0,0,0,0,0.0
charwa,BB,a,true,2.0,2.0,0,0,0,1.0,0,1.0,0,0,0.0,0,0,0,0,0,0
chasa,BB,a,true,0,0,0,0,0,1.0,0,1.0,0,0,0.0,0,0,0,0,0,0
chaza,BB,a,true,1.0,1.0,0,0,0,3.0,0,3.0,0,0,0.0,7.0,0,7.0,0,0,0.0
chelle,FF,e,true,0,0,0,0,0,0,0,0,0,0,0,4.0,3.0,1.0,0,0,0.0
chewre,FF,e,true,1.0,1.0,0,0,0,1.0,1.0,0,0,0,0.0,0,0,0,0,0,0
chola,BB,a,false,0,0,0,0,0,2.0,0,2.0,0,0,0.0,2.0,0,2.0,0,0,0.0
chöre,FF,e,false,1.0,1.0,0,0,0,0,0,0,0,0,0,0,0,0,0,0,0
chüje,FF,e,false,3.0,3.0,0,0,0,0,0,0,0,0,0,0,0,0,0,0,0
chümperde,FF,e,false,2.0,2.0,0,0,0,0,0,0,0,0,0,0,0,0,0,0,0
chümüle,FF,e,false,4.0,4.0,0,0,0,6.0,6.0,0,0,0,0.0,0,0,0,0,0,0
chüshenche,FF,e,false,70.0,70.0,0,0,0,210.0,210.0,0,0,0,0.0,29.0,29.0,0,0,0,0.0
da'ire,BF,e,true,49.0,49.0,0,0,0,63.0,62.0,1.0,0,0,0.0,493.0,493.0,0,0,0,0.0
dacha,BB,a,true,0,0,0,0,0,6.0,0,6.0,0,0,0.0,8.0,0,8.0,0,0,0.0
dada,BB,a,true,6.0,6.0,0,0,0,27.0,0,27.0,0,0,0.0,0,0,0,0,0,0
daire,BF,e,true,8.0,8.0,0,0,0,4.0,4.0,0,0,0,0.0,224.0,224.0,0,0,0,0.0
dala,BB,a,true,24.0,0,0,24.0,0,30.0,0,0,0,30.0,0.0,58.0,0,0,0,58.0,0.0
dalda,BB,a,true,2.0,2.0,0,0,0,46.0,0,46.0,0,0,0.0,5.0,0,5.0,0,0,0.0
damolla,BB,a,false,12.0,12.0,0,0,0,8.0,0,8.0,0,0,0.0,1.0,0,1.0,0,0,0.0
dara,BB,a,true,0,0,0,0,0,59.0,0,59.0,0,0,0.0,0,0,0,0,0,0
debdebe,FF,e,true,0,0,0,0,0,1.0,1.0,0,0,0,0.0,0,0,0,0,0,0
depne,FF,e,true,0,0,0,0,0,1.0,1.0,0,0,0,0.0,0,0,0,0,0,0
derije,FF,e,true,12.0,12.0,0,0,0,837.0,837.0,0,0,0,0.0,4924.0,4922.0,2.0,0,0,0.0
dersxana,BB,a,true,2.0,2.0,0,0,0,12.0,0,12.0,0,0,0.0,38.0,0,38.0,0,0,0.0
derwaza,BB,a,true,32.0,32.0,0,0,0,28.0,0,28.0,0,0,0.0,7.0,0,7.0,0,0,0.0
derya,FB,a,true,11.0,0,0,11.0,0,71.0,0,0,0,71.0,0.0,17.0,0,0,1.0,16.0,0.0
desmaye,BF,e,true,0,0,0,0,0,4.0,3.0,1.0,0,0,0.0,0,0,0,0,0,0
dewa,FB,a,true,66.0,0,0,66.0,0,50.0,0,0,0,50.0,0.0,22.0,0,0,0,22.0,0.0
diploma,BB,a,false,67.0,67.0,0,0,0,10.0,0,10.0,0,0,0.0,0,0,0,0,0,0
diplomatiye,BF,e,false,7.0,0,0,7.0,0,11.0,0,0,11.0,0,0.0,16.0,0,0,16.0,0,0.0
dissértatsiye,BF,e,true,1.0,0,0,1.0,0,0,0,0,0,0,0,0,0,0,0,0,0
doppa,BB,a,false,14.0,14.0,0,0,0,11.0,0,11.0,0,0,0.0,0,0,0,0,0,0
dorixana,BB,a,false,1.0,0,0,0,1.0,3.0,0,3.0,0,0,0.0,4.0,0,2.0,0,0,2.0
doxturxana,BB,a,false,10.0,10.0,0,0,0,418.0,0,399.0,0,0,19.0,436.0,0,418.0,0,0,18.0
doza,BB,a,false,1.0,1.0,0,0,0,0,0,0,0,0,0,1.0,0,1.0,0,0,0.0
drama,BB,a,true,1.0,0,0,1.0,0,0,0,0,0,0,0,0,0,0,0,0,0
du'a,BB,a,false,18.0,0,0,18.0,0,51.0,0,0,0,51.0,0.0,12.0,0,0,0,12.0,0.0
duniya,BB,a,false,232.0,0,0,232.0,0,1732.0,0,0,0,1732.0,0.0,823.0,0,0,0,823.0,0.0
dunya,BB,a,false,925.0,0,0,925.0,0,3611.0,0,0,0,3611.0,0.0,2044.0,0,0,1.0,2043.0,0.0
démokratiye,BF,e,false,187.0,0,0,187.0,0,85.0,0,0,85.0,0,0.0,6.0,0,0,6.0,0,0.0
düshenbe,FF,e,false,1.0,1.0,0,0,0,13.0,13.0,0,0,0,0.0,18.0,18.0,0,0,0,0.0
ediliye,FF,e,true,0,0,0,0,0,2.0,0,0,2.0,0,0.0,0,0,0,0,0,0
edliye,FF,e,true,7.0,0,0,7.0,0,6.0,0,0,6.0,0,0.0,0,0,0,0,0,0
ehdiname,BF,e,true,23.0,23.0,0,0,0,46.0,43.0,3.0,0,0,0.0,22.0,20.0,2.0,0,0,0.0
ela,FB,a,true,15.0,15.0,0,0,0,29.0,29.0,0,0,0,0.0,2.0,2.0,0,0,0,0.0
elchixana,BB,a,true,2.0,2.0,0,0,0,33.0,1.0,32.0,0,0,0.0,17.0,0,16.0,0,0,1.0
en'ene,FF,e,true,84.0,84.0,0,0,0,441.0,441.0,0,0,0,0.0,2.0,2.0,0,0,0,0.0
endishe,FF,e,true,74.0,74.0,0,0,0,726.0,726.0,0,0,0,0.0,48.0,48.0,0,0,0,0.0
endize,FF,e,true,14.0,14.0,0,0,0,6.0,6.0,0,0,0,0.0,3.0,3.0,0,0,0,0.0
epsane,BF,e,true,6.0,6.0,0,0,0,11.0,10.0,1.0,0,0,0.0,6.0,5.0,1.0,0,0,0.0
erebche,FF,e,true,12.0,12.0,0,0,0,19.0,19.0,0,0,0,0.0,10.0,10.0,0,0,0,0.0
esletme,FF,e,true,1.0,1.0,0,0,0,1.0,1.0,0,0,0,0.0,5.0,5.0,0,0,0,0.0
eslihe,FF,e,true,2.0,0,0,2.0,0,3.0,0,0,3.0,0,0.0,1.0,0,0,1.0,0,0.0
eslime,FF,e,true,21.0,21.0,0,0,0,9.0,9.0,0,0,0,0.0,13.0,13.0,0,0,0,0.0
esna,FB,a,true,0,0,0,0,0,1.0,0,0,0,1.0,0.0,166.0,0,0,1.0,165.0,0.0
esra,FB,a,true,1.0,1.0,0,0,0,0,0,0,0,0,0,2.0,2.0,0,0,0,0.0
ete,FF,e,true,31.0,31.0,0,0,0,53.0,53.0,0,0,0,0.0,0,0,0,0,0,0
exletxana,BB,a,true,1.0,0,0,0,1.0,17.0,0,2.0,0,0,15.0,0,0,0,0,0,0
eyibname,BF,e,true,13.0,13.0,0,0,0,8.0,8.0,0,0,0,0.0,24.0,24.0,0,0,0,0.0
eynula,BB,a,false,1.0,1.0,0,0,0,0,0,0,0,0,0,0,0,0,0,0,0
eza,FB,a,true,9.0,0,0,9.0,0,18.0,0,0,0,18.0,0.0,2.0,0,0,0,2.0,0.0
famile,BF,e,true,9.0,9.0,0,0,0,2.0,2.0,0,0,0,0.0,1.0,1.0,0,0,0,0.0
figura,BB,a,false,3.0,3.0,0,0,0,4.0,0,4.0,0,0,0.0,0,0,0,0,0,0
forma,BB,a,false,3.0,3.0,0,0,0,0,0,0,0,0,0,6.0,0,6.0,0,0,0.0
formula,BB,a,false,2.0,2.0,0,0,0,3.0,0,3.0,0,0,0.0,0,0,0,0,0,0
fédératsiye,BF,e,true,0,0,0,0,0,3.0,0,0,3.0,0,0.0,0,0,0,0,0,0
gazarma,BB,a,true,2.0,2.0,0,0,0,19.0,0,19.0,0,0,0.0,5.0,0,5.0,0,0,0.0
geme,FF,e,true,10.0,10.0,0,0,0,6.0,6.0,0,0,0,0.0,8.0,8.0,0,0,0,0.0
gende,FF,e,true,3.0,3.0,0,0,0,2.0,2.0,0,0,0,0.0,0,0,0,0,0,0
gewde,FF,e,true,12.0,12.0,0,0,0,89.0,89.0,0,0,0,0.0,4.0,4.0,0,0,0,0.0
ghalcha,BB,a,true,0,0,0,0,0,1.0,0,1.0,0,0,0.0,0,0,0,0,0,0
ghaye,BF,e,true,48.0,48.0,0,0,0,44.0,44.0,0,0,0,0.0,7.0,7.0,0,0,0,0.0
ghelbe,FF,e,true,19.0,19.0,0,0,0,25.0,25.0,0,0,0,0.0,0,0,0,0,0,0
ghelibe,FF,e,true,57.0,57.0,0,0,0,106.0,106.0,0,0,0,0.0,1.0,1.0,0,0,0,0.0
ghora,BB,a,false,1.0,1.0,0,0,0,1.0,0,1.0,0,0,0.0,0,0,0,0,0,0
ghulghula,BB,a,false,3.0,3.0,0,0,0,33.0,0,33.0,0,0,0.0,0,0,0,0,0,0
ghulja,BB,a,false,46.0,46.0,0,0,0,314.0,0,314.0,0,0,0.0,536.0,0,536.0,0,0,0.0
gimnaziye,BF,e,true,2.0,0,0,2.0,0,1.0,0,0,1.0,0,0.0,8.0,0,0,8.0,0,0.0
glukoza,BB,a,false,1.0,1.0,0,0,0,0,0,0,0,0,0,0,0,0,0,0,0
gundixana,BB,a,false,0,0,0,0,0,1.0,0,0,0,0,1.0,0,0,0,0,0,0
guruppa,BB,a,false,51.0,51.0,0,0,0,137.0,0,137.0,0,0,0.0,29.0,0,29.0,0,0,0.0
guwahname,BF,e,false,3.0,3.0,0,0,0,4.0,4.0,0,0,0,0.0,0,0,0,0,0,0
gézende,FF,e,true,1.0,1.0,0,0,0,0,0,0,0,0,0,0,0,0,0,0,0
gézitxana,BB,a,true,3.0,3.0,0,0,0,17.0,0,10.0,0,0,7.0,16.0,0,11.0,0,0,5.0
güldürmama,BB,a,false,0,0,0,0,0,0,0,0,0,0,0,1.0,0,1.0,0,0,0.0
güldürme,FF,e,false,0,0,0,0,0,0,0,0,0,0,0,1.0,1.0,0,0,0,0.0
gülxana,BB,a,false,0,0,0,0,0,2.0,0,0,0,0,2.0,4.0,0,1.0,0,0,3.0
hadise,BF,e,true,3.0,0,0,3.0,0,1.0,0,0,1.0,0,0.0,2.0,0,0,2.0,0,0.0
hajetxana,BB,a,true,9.0,7.0,0,0,2.0,42.0,0,34.0,0,0,8.0,9.0,0,7.0,0,0,2.0
hamile,BF,e,true,28.0,28.0,0,0,0,5.0,5.0,0,0,0,0.0,0,0,0,0,0,0
harwa,BB,a,true,14.0,14.0,0,0,0,25.0,0,25.0,0,0,0.0,9.0,0,9.0,0,0,0.0
hasa,BB,a,true,3.0,3.0,0,0,0,13.0,0,13.0,0,0,0.0,0,0,0,0,0,0
hawa,BB,a,true,58.0,0,0,58.0,0,115.0,0,0,0,115.0,0.0,145.0,0,0,0,145.0,0.0
hawale,BF,e,true,0,0,0,0,0,0,0,0,0,0,0,1.0,1.0,0,0,0,0.0
hediye,FF,e,true,7.0,1.0,0,6.0,0,4.0,2.0,0,2.0,0,0.0,0,0,0,0,0,0
hemshire,FF,e,true,0,0,0,0,0,1.0,1.0,0,0,0,0.0,0,0,0,0,0,0
hemze,FF,e,true,1.0,1.0,0,0,0,3.0,3.0,0,0,0,0.0,0,0,0,0,0,0
hepse,FF,e,true,0,0,0,0,0,16.0,16.0,0,0,0,0.0,5.0,5.0,0,0,0,0.0
hepte,FF,e,true,12.0,12.0,0,0,0,45.0,45.0,0,0,0,0.0,956.0,956.0,0,0,0,0.0
here,FF,e,true,1.0,1.0,0,0,0,1.0,1.0,0,0,0,0.0,0,0,0,0,0,0
hesse,FF,e,true,8.0,8.0,0,0,0,141.0,141.0,0,0,0,0.0,0,0,0,0,0,0
heywe,FF,e,true,2.0,2.0,0,0,0,2.0,2.0,0,0,0,0.0,0,0,0,0,0,0
hikaye,BF,e,true,7.0,7.0,0,0,0,4.0,3.0,1.0,0,0,0.0,1.0,1.0,0,0,0,0.0
himaye,BF,e,true,0,0,0,0,0,12.0,12.0,0,0,0,0.0,0,0,0,0,0,0
hoyla,BB,a,false,36.0,36.0,0,0,0,132.0,0,132.0,0,0,0.0,98.0,0,98.0,0,0,0.0
hujra,BB,a,false,0,0,0,0,0,4.0,0,4.0,0,0,0.0,4.0,0,4.0,0,0,0.0
hékaye,BF,e,true,100.0,100.0,0,0,0,14.0,12.0,2.0,0,0,0.0,26.0,24.0,2.0,0,0,0.0
hüjeyre,FF,e,false,5.0,5.0,0,0,0,8.0,8.0,0,0,0,0.0,2.0,2.0,0,0,0,0.0
i'ane,BF,e,true,1.0,1.0,0,0,0,2.0,2.0,0,0,0,0.0,0,0,0,0,0,0
ibadetxana,BB,a,true,9.0,5.0,0,0,4.0,18.0,0,18.0,0,0,0.0,8.0,0,7.0,0,0,1.0
ibare,BF,e,true,102.0,102.0,0,0,0,16.0,16.0,0,0,0,0.0,4.0,4.0,0,0,0,0.0
idare,BF,e,true,10.0,10.0,0,0,0,60.0,52.0,8.0,0,0,0.0,71.0,69.0,2.0,0,0,0.0
ijare,BF,e,true,1.0,1.0,0,0,0,383.0,383.0,0,0,0,0.0,21.0,21.0,0,0,0,0.0
ijazetname,BF,e,true,1.0,1.0,0,0,0,1.0,1.0,0,0,0,0.0,1.0,1.0,0,0,0,0.0
ilawe,BF,e,true,1.0,1.0,0,0,0,0,0,0,0,0,0,3.0,2.0,1.0,0,0,0.0
ipade,BF,e,true,13.0,13.0,0,0,0,9.0,9.0,0,0,0,0.0,6.0,6.0,0,0,0,0.0
irade,BF,e,true,31.0,31.0,0,0,0,48.0,48.0,0,0,0,0.0,7.0,7.0,0,0,0,0.0
ishxana,BB,a,true,6.0,6.0,0,0,0,37.0,0,37.0,0,0,0.0,47.0,0,47.0,0,0,0.0
iskenje,FF,e,true,0,0,0,0,0,72.0,72.0,0,0,0,0.0,2.0,2.0,0,0,0,0.0
ispatname,BF,e,true,0,0,0,0,0,1.0,1.0,0,0,0,0.0,1.0,1.0,0,0,0,0.0
istansa,BB,a,true,0,0,0,0,0,17.0,0,17.0,0,0,0.0,10.0,0,10.0,0,0,0.0
jakarname,BF,e,true,1.0,1.0,0,0,0,0,0,0,0,0,0,1.0,0,1.0,0,0,0.0
jame,BF,e,true,6.0,0,0,6.0,0,9.0,0,0,9.0,0,0.0,7.0,0,0,7.0,0,0.0
jangza,BB,a,true,0,0,0,0,0,2.0,0,2.0,0,0,0.0,2.0,0,2.0,0,0,0.0
jaza,BB,a,true,81.0,0,0,81.0,0,573.0,0,5.0,0,568.0,0.0,5.0,0,0,0,5.0,0.0
jende,FF,e,true,1.0,1.0,0,0,0,0,0,0,0,0,0,0,0,0,0,0,0
jengname,BF,e,true,3.0,3.0,0,0,0,0,0,0,0,0,0,0,0,0,0,0,0
jerimane,BF,e,true,22.0,22.0,0,0,0,11.0,10.0,1.0,0,0,0.0,0,0,0,0,0,0
jezire,FF,e,true,1.0,1.0,0,0,0,1.0,1.0,0,0,0,0.0,4.0,4.0,0,0,0,0.0
joda,BB,a,false,1.0,1.0,0,0,0,0,0,0,0,0,0,0,0,0,0,0,0
joghrapiye,BF,e,false,0,0,0,0,0,0,0,0,0,0,0,1.0,0,0,1.0,0,0.0
joza,BB,a,false,7.0,7.0,0,0,0,29.0,0,29.0,0,0,0.0,9.0,0,9.0,0,0,0.0
jughlanma,BB,a,false,1.0,1.0,0,0,0,2.0,0,2.0,0,0,0.0,0,0,0,0,0,0
jughrapiye,BF,e,false,6.0,0,0,6.0,0,8.0,0,0,8.0,0,0.0,22.0,0,0,22.0,0,0.0
juwawa,BB,a,false,2.0,2.0,0,0,0,2.0,0,2.0,0,0,0.0,0,0,0,0,0,0
kafédra,BB,a,true,1.0,1.0,0,0,0,6.0,0,6.0,0,0,0.0,12.0,0,12.0,0,0,0.0
kala,BB,a,true,0,0,0,0,0,13.0,0,13.0,0,0,0.0,2.0,0,2.0,0,0,0.0
kalla,BB,a,true,8.0,8.0,0,0,0,12.0,0,12.0,0,0,0.0,15.0,0,15.0,0,0,0.0
kaloriye,BF,e,false,1.0,0,0,1.0,0,1.0,0,0,1.0,0,0.0,0,0,0,0,0,0
kana,BB,a,true,26.0,26.0,0,0,0,12.0,0,12.0,0,0,0.0,25.0,0,25.0,0,0,0.0
kapaletname,BF,e,true,2.0,2.0,0,0,0,5.0,4.0,1.0,0,0,0.0,1.0,1.0,0,0,0,0.0
karta,BB,a,true,32.0,32.0,0,0,0,17.0,0,17.0,0,0,0.0,5.0,0,5.0,0,0,0.0
karxana,BB,a,true,36.0,16.0,0,0,20.0,23.0,0,11.0,0,0,12.0,53.0,0,13.0,0,0,40.0
kasa,BB,a,true,2.0,2.0,0,0,0,0,0,0,0,0,0,1.0,0,1.0,0,0,0.0
kashila,BB,a,true,4.0,4.0,0,0,0,29.0,0,29.0,0,0,0.0,0,0,0,0,0,0
kassa,BB,a,true,2.0,2.0,0,0,0,4.0,0,4.0,0,0,0.0,7.0,0,7.0,0,0,0.0
katégoriye,BF,e,false,4.0,1.0,0,3.0,0,70.0,16.0,0,54.0,0,0.0,7.0,2.0,0,5.0,0,0.0
kawa,BB,a,true,2.0,2.0,0,0,0,1.0,0,1.0,0,0,0.0,1.0,0,1.0,0,0,0.0
kawapxana,BB,a,true,1.0,1.0,0,0,0,0,0,0,0,0,0,1.0,0,1.0,0,0,0.0
kelime,FF,e,true,13.0,13.0,0,0,0,2.0,2.0,0,0,0,0.0,0,0,0,0,0,0
kepe,FF,e,true,1.0,1.0,0,0,0,4.0,4.0,0,0,0,0.0,10.0,10.0,0,0,0,0.0
kepterxana,BB,a,true,0,0,0,0,0,1.0,0,0,0,0,1.0,0,0,0,0,0,0
kerre,FF,e,true,2.0,2.0,0,0,0,0,0,0,0,0,0,0,0,0,0,0,0
kinaye,BF,e,true,4.0,4.0,0,0,0,2.0,2.0,0,0,0,0.0,0,0,0,0,0,0
kinoxana,BB,a,false,2.0,2.0,0,0,0,4.0,0,4.0,0,0,0.0,3.0,0,3.0,0,0,0.0
kitabche,BF,e,true,9.0,9.0,0,0,0,2.0,0,2.0,0,0,0.0,3.0,0,3.0,0,0,0.0
kitabxana,BB,a,true,7.0,7.0,0,0,0,10.0,0,10.0,0,0,0.0,7.0,0,7.0,0,0,0.0
kocha,BB,a,false,78.0,78.0,0,0,0,424.0,0,424.0,0,0,0.0,464.0,0,464.0,0,0,0.0
kokula,BB,a,false,1.0,1.0,0,0,0,0,0,0,0,0,0,0,0,0,0,0,0
koldurma,BB,a,false,1.0,1.0,0,0,0,0,0,0,0,0,0,0,0,0,0,0,0
komanda,BB,a,false,25.0,25.0,0,0,0,26.0,0,26.0,0,0,0.0,18.0,0,18.0,0,0,0.0
kommuna,BB,a,false,0,0,0,0,0,0,0,0,0,0,0,1.0,0,1.0,0,0,0.0
kompaniye,BF,e,false,0,0,0,0,0,1.0,0,0,1.0,0,0.0,1.0,0,0,1.0,0,0.0
kompozitsiye,BF,e,false,3.0,0,0,3.0,0,0,0,0,0,0,0,0,0,0,0,0,0
komédiye,BF,e,false,0,0,0,0,0,0,0,0,0,0,0,1.0,0,0,1.0,0,0.0
konsulxana,BB,a,false,6.0,5.0,0,0,1.0,32.0,1.0,29.0,0,0,2.0,14.0,0,12.0,0,0,2.0
kopiye,BF,e,false,0,0,0,0,0,1.0,0,0,1.0,0,0.0,0,0,0,0,0,0
koza,BB,a,false,1.0,1.0,0,0,0,5.0,0,5.0,0,0,0.0,0,0,0,0,0,0
kula,BB,a,false,0,0,0,0,0,0,0,0,0,0,0,1.0,0,1.0,0,0,0.0
kutupxana,BB,a,false,7.0,7.0,0,0,0,17.0,2.0,15.0,0,0,0.0,17.0,0,17.0,0,0,0.0
kélishimname,BF,e,true,7.0,7.0,0,0,0,7.0,7.0,0,0,0,0.0,0,0,0,0,0,0
kömürxana,BB,a,false,0,0,0,0,0,3.0,0,2.0,0,0,1.0,0,0,0,0,0,0
körgezme,FF,e,false,188.0,188.0,0,0,0,353.0,353.0,0,0,0,0.0,112.0,112.0,0,0,0,0.0
körgezmixana,BB,a,false,0,0,0,0,0,0,0,0,0,0,0,4.0,0,4.0,0,0,0.0
körsetme,FF,e,false,7.0,7.0,0,0,0,8.0,8.0,0,0,0,0.0,15.0,15.0,0,0,0,0.0
kötüre,FF,e,false,0,0,0,0,0,7.0,7.0,0,0,0,0.0,0,0,0,0,0,0
küshende,FF,e,false,0,0,0,0,0,1.0,1.0,0,0,0,0.0,0,0,0,0,0,0
kütüpxana,BB,a,false,3.0,3.0,0,0,0,5.0,1.0,4.0,0,0,0.0,5.0,0,5.0,0,0,0.0
laboratoriye,BF,e,false,0,0,0,0,0,0,0,0,0,0,0,2.0,0,0,2.0,0,0.0
lale,BF,e,true,0,0,0,0,0,1.0,1.0,0,0,0,0.0,0,0,0,0,0,0
lama,BB,a,true,0,0,0,0,0,4.0,0,4.0,0,0,0.0,0,0,0,0,0,0
lampa,BB,a,true,3.0,3.0,0,0,0,0,0,0,0,0,0,0,0,0,0,0,0
lata,BB,a,true,0,0,0,0,0,9.0,0,9.0,0,0,0.0,2.0,0,2.0,0,0,0.0
lawa,BB,a,true,0,0,0,0,0,2.0,0,2.0,0,0,0.0,1.0,0,1.0,0,0,0.0
layihe,BF,e,true,288.0,226.0,0,62.0,0,119.0,90.0,0,29.0,0,0.0,87.0,56.0,0,31.0,0,0.0
laza,BB,a,true,2.0,2.0,0,0,0,1.0,0,1.0,0,0,0.0,0,0,0,0,0,0
lehze,FF,e,true,0,0,0,0,0,0,0,0,0,0,0,2.0,2.0,0,0,0,0.0
lerze,FF,e,true,0,0,0,0,0,175.0,175.0,0,0,0,0.0,2.0,2.0,0,0,0,0.0
lexme,FF,e,true,2.0,1.0,0,0,1.0,1.0,0,0,0,0,1.0,0,0,0,0,0,0
madara,BB,a,true,1.0,1.0,0,0,0,0,0,0,0,0,0,0,0,0,0,0,0
madda,BB,a,true,65.0,65.0,0,0,0,49.0,0,49.0,0,0,0.0,23.0,0,23.0,0,0,0.0
magaza,BB,a,true,1.0,1.0,0,0,0,0,0,0,0,0,0,0,0,0,0,0,0
maliye,BF,e,true,10.0,0,0,10.0,0,6.0,0,0,6.0,0,0.0,5.0,0,0,5.0,0,0.0
manta,BB,a,true,10.0,10.0,0,0,0,6.0,0,6.0,0,0,0.0,0,0,0,0,0,0
maqale,BF,e,true,6.0,0,0,6.0,0,3.0,0,0,3.0,0,0.0,1.0,0,0,1.0,0,0.0
mashina,BB,a,true,50.0,50.0,0,0,0,74.0,0,74.0,0,0,0.0,63.0,0,63.0,0,0,0.0
mashna,BB,a,true,0,0,0,0,0,0,0,0,0,0,0,1.0,0,1.0,0,0,0.0
massa,BB,a,true,3.0,3.0,0,0,0,4.0,0,4.0,0,0,0.0,0,0,0,0,0,0
maysa,BB,a,true,0,0,0,0,0,2.0,0,2.0,0,0,0.0,1.0,1.0,0,0,0,0.0
medhiye,FF,e,true,0,0,0,0,0,6.0,0,0,6.0,0,0.0,0,0,0,0,0,0
medrise,FF,e,true,19.0,19.0,0,0,0,30.0,30.0,0,0,0,0.0,94.0,94.0,0,0,0,0.0
mehelle,FF,e,true,48.0,48.0,0,0,0,90.0,90.0,0,0,0,0.0,231.0,231.0,0,0,0,0.0
mejlisxana,BB,a,true,0,0,0,0,0,1.0,0,0,0,0,1.0,1.0,0,1.0,0,0,0.0
mejmu'e,BF,e,false,8.0,0,0,8.0,0,2.0,0,0,2.0,0,0.0,14.0,0,0,14.0,0,0.0
memedana,BB,a,true,1.0,1.0,0,0,0,0,0,0,0,0,0,0,0,0,0,0,0
menbe,FF,e,true,28.0,0,0,28.0,0,57.0,0,0,57.0,0,0.0,23.0,0,0,23.0,0,0.0
mepkure,BF,e,false,10.0,10.0,0,0,0,8.0,8.0,0,0,0,0.0,0,0,0,0,0,0
meqbere,FF,e,true,12.0,12.0,0,0,0,3.0,3.0,0,0,0,0.0,0,0,0,0,0,0
mersiye,FF,e,true,2.0,0,0,2.0,0,0,0,0,0,0,0,1.0,0,0,1.0,0,0.0
mertiwe,FF,e,true,11.0,11.0,0,0,0,74.0,74.0,0,0,0,0.0,7.0,7.0,0,0,0,0.0
mese,FF,e,true,3.0,3.0,0,0,0,1.0,1.0,0,0,0,0.0,0,0,0,0,0,0
mesle,FF,e,true,12.0,12.0,0,0,0,11.0,11.0,0,0,0,0.0,7.0,7.0,0,0,0,0.0
mesxire,FF,e,true,0,0,0,0,0,27.0,26.0,0,0,0,1.0,0,0,0,0,0,0
metbe'e,FF,e,true,6.0,0,0,6.0,0,4.0,0,0,4.0,0,0.0,21.0,0,0,21.0,0,0.0
mete,FF,e,true,69.0,69.0,0,0,0,0,0,0,0,0,0,0,0,0,0,0,0
meyde,FF,e,true,7.0,7.0,0,0,0,22.0,22.0,0,0,0,0.0,1.0,1.0,0,0,0,0.0
meyxana,BB,a,true,0,0,0,0,0,2.0,1.0,1.0,0,0,0.0,2.0,0,2.0,0,0,0.0
meze,FF,e,true,8.0,8.0,0,0,0,0,0,0,0,0,0,0,0,0,0,0,0
mezze,FF,e,true,1.0,1.0,0,0,0,0,0,0,0,0,0,0,0,0,0,0,0
milengze,FF,e,true,1.0,1.0,0,0,0,0,0,0,0,0,0,0,0,0,0,0,0
miniatyura,BB,a,false,2.0,2.0,0,0,0,0,0,0,0,0,0,2.0,0,2.0,0,0,0.0
molla,BB,a,false,4.0,4.0,0,0,0,13.0,0,13.0,0,0,0.0,2.0,0,2.0,0,0,0.0
mora,BB,a,false,2.0,2.0,0,0,0,1.0,0,1.0,0,0,0.0,1.0,0,1.0,0,0,0.0
mu'amile,BF,e,false,30.0,30.0,0,0,0,224.0,224.0,0,0,0,0.0,173.0,173.0,0,0,0,0.0
mu'essese,FF,e,false,8.0,7.0,0,1.0,0,6.0,5.0,0,1.0,0,0.0,0,0,0,0,0,0
mudaxile,BF,e,false,0,0,0,0,0,6.0,6.0,0,0,0,0.0,0,0,0,0,0,0
muhasire,BF,e,false,9.0,9.0,0,0,0,76.0,76.0,0,0,0,0.0,0,0,0,0,0,0
mulahize,BF,e,false,4.0,4.0,0,0,0,26.0,26.0,0,0,0,0.0,78.0,78.0,0,0,0,0.0
muma,BB,a,false,1.0,1.0,0,0,0,1.0,0,1.0,0,0,0.0,0,0,0,0,0,0
munazire,BF,e,false,30.0,30.0,0,0,0,109.0,109.0,0,0,0,0.0,63.0,63.0,0,0,0,0.0
muncha,BB,a,false,0,0,0,0,0,12.0,0,12.0,0,0,0.0,7.0,1.0,6.0,0,0,0.0
muqawa,BB,a,false,0,0,0,0,0,3.0,0,3.0,0,0,0.0,4.0,0,4.0,0,0,0.0
muqeddime,FF,e,false,1.0,1.0,0,0,0,1.0,1.0,0,0,0,0.0,7.0,7.0,0,0,0,0.0
murda,BB,a,false,19.0,19.0,0,0,0,6.0,0,6.0,0,0,0.0,0,0,0,0,0,0
musape,BF,e,false,178.0,178.0,0,0,0,44.0,42.0,2.0,0,0,0.0,41.0,40.0,1.0,0,0,0.0
musha'ire,BF,e,false,0,0,0,0,0,0,0,0,0,0,0,1.0,1.0,0,0,0,0.0
méhmanxana,BB,a,true,12.0,12.0,0,0,0,139.0,0,110.0,0,0,29.0,153.0,0,149.0,0,0,4.0
mélodiye,BF,e,false,1.0,0,0,1.0,0,1.0,0,0,1.0,0,0.0,1.0,0,0,1.0,0,0.0
möjize,FF,e,false,7.0,7.0,0,0,0,6.0,6.0,0,0,0,0.0,0,0,0,0,0,0
müre,FF,e,false,29.0,29.0,0,0,0,32.0,32.0,0,0,0,0.0,1.0,1.0,0,0,0,0.0
nahiye,BF,e,true,56.0,15.0,0,41.0,0,267.0,50.0,0,217.0,0,0.0,774.0,93.0,0,681.0,0,0.0
nale,BF,e,true,2.0,2.0,0,0,0,2.0,2.0,0,0,0,0.0,0,0,0,0,0,0
namayende,FF,e,true,3.0,3.0,0,0,0,1.0,1.0,0,0,0,0.0,0,0,0,0,0,0
nashta,BB,a,true,1.0,1.0,0,0,0,6.0,0,6.0,0,0,0.0,8.0,0,8.0,0,0,0.0
natura,BB,a,false,0,0,0,0,0,1.0,0,1.0,0,0,0.0,0,0,0,0,0,0
nawayxana,BB,a,true,2.0,0,0,0,2.0,0,0,0,0,0,0,12.0,0,8.0,0,0,4.0
naxsha,BB,a,true,100.0,100.0,0,0,0,27.0,0,27.0,0,0,0.0,12.0,0,12.0,0,0,0.0
nere,FF,e,true,0,0,0,0,0,7.0,7.0,0,0,0,0.0,23.0,23.0,0,0,0,0.0
nerse,FF,e,true,985.0,985.0,0,0,0,423.0,423.0,0,0,0,0.0,23.0,23.0,0,0,0,0.0
nesebname,BF,e,true,0,0,0,0,0,2.0,2.0,0,0,0,0.0,1.0,1.0,0,0,0,0.0
neshe,FF,e,true,0,0,0,0,0,2.0,2.0,0,0,0,0.0,0,0,0,0,0,0
netije,FF,e,true,116.0,116.0,0,0,0,354.0,354.0,0,0,0,0.0,2198.0,2198.0,0,0,0,0.0
newre,FF,e,true,4.0,4.0,0,0,0,6.0,6.0,0,0,0,0.0,0,0,0,0,0,0
neyze,FF,e,true,4.0,4.0,0,0,0,2.0,2.0,0,0,0,0.0,0,0,0,0,0,0
nezeriye,FF,e,true,29.0,0,0,29.0,0,14.0,0,0,14.0,0,0.0,10.0,0,0,10.0,0,0.0
nezme,FF,e,true,2.0,2.0,0,0,0,3.0,3.0,0,0,0,0.0,7.0,7.0,0,0,0,0.0
nizamname,BF,e,true,8.0,8.0,0,0,0,22.0,16.0,6.0,0,0,0.0,14.0,12.0,2.0,0,0,0.0
nota,BB,a,false,11.0,11.0,0,0,0,23.0,0,23.0,0,0,0.0,3.0,0,3.0,0,0,0.0
noxta,BB,a,false,1.0,1.0,0,0,0,1.0,0,1.0,0,0,0.0,0,0,0,0,0,0
oligarxiye,BF,e,false,1.0,0,0,1.0,0,0,0,0,0,0,0,0,0,0,0,0,0
olja,BB,a,false,10.0,10.0,0,0,0,22.0,0,22.0,0,0,0.0,0,0,0,0,0,0
opéra,BB,a,false,2.0,2.0,0,0,0,1.0,0,1.0,0,0,0.0,0,0,0,0,0,0
opératsiye,BF,e,false,5.0,0,0,5.0,0,7.0,0,0,7.0,0,0.0,8.0,0,0,8.0,0,0.0
orbita,BB,a,false,0,0,0,0,0,11.0,0,11.0,0,0,0.0,6.0,0,6.0,0,0,0.0
orda,BB,a,false,21.0,21.0,0,0,0,58.0,0,58.0,0,0,0.0,49.0,0,49.0,0,0,0.0
orma,BB,a,false,0,0,0,0,0,2.0,0,2.0,0,0,0.0,0,0,0,0,0,0
ottura,BB,a,false,54.0,54.0,0,0,0,11297.0,0,11297.0,0,0,0.0,234.0,0,234.0,0,0,0.0
otunxana,BB,a,false,0,0,0,0,0,2.0,0,1.0,0,0,1.0,0,0,0,0,0,0
oyma,BB,a,false,0,0,0,0,0,1.0,0,1.0,0,0,0.0,0,0,0,0,0,0
oyunxana,BB,a,false,0,0,0,0,0,0,0,0,0,0,0,7.0,0,7.0,0,0,0.0
pada,BB,a,true,3.0,3.0,0,0,0,16.0,0,16.0,0,0,0.0,0,0,0,0,0,0
pahishe,BF,e,true,1.0,1.0,0,0,0,2.0,2.0,0,0,0,0.0,0,0,0,0,0,0
pahishixana,BB,a,true,0,0,0,0,0,1.0,0,1.0,0,0,0.0,1.0,0,1.0,0,0,0.0
palata,BB,a,true,2.0,0,0,2.0,0,18.0,0,10.0,0,8.0,0.0,36.0,0,7.0,0,29.0,0.0
palla,BB,a,true,0,0,0,0,0,1.0,1.0,0,0,0,0.0,8.0,8.0,0,0,0,0.0
palta,BB,a,true,17.0,17.0,0,0,0,3.0,0,3.0,0,0,0.0,1.0,0,1.0,0,0,0.0
pana,BB,a,true,0,0,0,0,0,1.0,0,1.0,0,0,0.0,6.0,0,6.0,0,0,0.0
parische,BF,e,true,0,0,0,0,0,4.0,0,4.0,0,0,0.0,2.0,1.0,1.0,0,0,0.0
parsche,BF,e,true,7.0,7.0,0,0,0,10.0,0,10.0,0,0,0.0,0,0,0,0,0,0
parta,BB,a,true,1.0,1.0,0,0,0,11.0,0,11.0,0,0,0.0,36.0,0,36.0,0,0,0.0
partiye,BF,e,true,100.0,33.0,0,67.0,0,257.0,101.0,0,156.0,0,0.0,6.0,3.0,0,3.0,0,0.0
pasha,BB,a,true,1.0,1.0,0,0,0,3.0,0,3.0,0,0,0.0,0,0,0,0,0,0
pasxa,BB,a,true,2.0,0,0,0,2.0,3.0,0,0,0,0,3.0,0,0,0,0,0,0
paxta,BB,a,true,53.0,27.0,0,13.0,13.0,17.0,0,9.0,0,5.0,3.0,7.0,0,7.0,0,0,0.0
payda,BB,a,true,82.0,82.0,0,0,0,114.0,0,114.0,0,0,0.0,1.0,0,1.0,0,0,0.0
pede,FF,e,true,8.0,8.0,0,0,0,8.0,8.0,0,0,0,0.0,4.0,4.0,0,0,0,0.0
pelle,FF,e,true,17.0,17.0,0,0,0,708.0,708.0,0,0,0,0.0,11.0,11.0,0,0,0,0.0
pelsepe,FF,e,true,14.0,14.0,0,0,0,15.0,15.0,0,0,0,0.0,8.0,8.0,0,0,0,0.0
penje,FF,e,true,0,0,0,0,0,0,0,0,0,0,0,1.0,1.0,0,0,0,0.0
perde,FF,e,true,15.0,15.0,0,0,0,2.0,2.0,0,0,0,0.0,0,0,0,0,0,0
perishte,FF,e,true,2.0,2.0,0,0,0,6.0,6.0,0,0,0,0.0,0,0,0,0,0,0
perwane,BF,e,true,1.0,1.0,0,0,0,3.0,2.0,1.0,0,0,0.0,1.0,0,1.0,0,0,0.0
pete,FF,e,true,1.0,1.0,0,0,0,5.0,5.0,0,0,0,0.0,0,0,0,0,0,0
petiwa,FB,a,true,6.0,0,0,6.0,0,2.0,0,0,0,2.0,0.0,1.0,0,0,0,1.0,0.0
peyshenbe,FF,e,true,1.0,1.0,0,0,0,1.0,1.0,0,0,0,0.0,0,0,0,0,0,0
piramida,BB,a,true,1.0,1.0,0,0,0,1.0,0,1.0,0,0,0.0,0,0,0,0,0,0
pirogramma,BB,a,false,6.0,6.0,0,0,0,1.0,0,1.0,0,0,0.0,4.0,0,4.0,0,0,0.0
piroza,BB,a,false,0,0,0,0,0,1.0,0,1.0,0,0,0.0,0,0,0,0,0,0
piyale,BF,e,true,7.0,7.0,0,0,0,9.0,6.0,3.0,0,0,0.0,6.0,6.0,0,0,0,0.0
pochta,BB,a,false,0,0,0,0,0,23.0,0,23.0,0,0,0.0,7.0,0,7.0,0,0,0.0
pochtixana,BB,a,false,0,0,0,0,0,4.0,0,3.0,0,0,1.0,2.0,0,2.0,0,0,0.0
poshtixana,BB,a,false,1.0,1.0,0,0,0,0,0,0,0,0,0,0,0,0,0,0,0
posma,BB,a,false,1.0,1.0,0,0,0,0,0,0,0,0,0,0,0,0,0,0,0
pota,BB,a,false,3.0,3.0,0,0,0,4.0,0,4.0,0,0,0.0,1.0,0,1.0,0,0,0.0
potla,BB,a,false,0,0,0,0,0,1.0,0,1.0,0,0,0.0,0,0,0,0,0,0
pozitsiye,BF,e,false,19.0,0,0,19.0,0,19.0,0,0,19.0,0,0.0,152.0,0,0,152.0,0,0.0
programma,BB,a,false,243.0,243.0,0,0,0,243.0,0,243.0,0,0,0.0,217.0,0,217.0,0,0,0.0
proza,BB,a,false,3.0,3.0,0,0,0,3.0,0,3.0,0,0,0.0,6.0,0,6.0,0,0,0.0
péshane,BF,e,true,0,0,0,0,0,2.0,2.0,0,0,0,0.0,0,0,0,0,0,0
qa'ide,BF,e,true,24.0,24.0,0,0,0,85.0,85.0,0,0,0,0.0,3.0,3.0,0,0,0,0.0
qacha,BB,a,true,11.0,11.0,0,0,0,28.0,0,28.0,0,0,0.0,22.0,0,22.0,0,0,0.0
qamaqxana,BB,a,true,0,0,0,0,0,68.0,0,68.0,0,0,0.0,120.0,0,120.0,0,0,0.0
qamcha,BB,a,true,4.0,4.0,0,0,0,3.0,0,3.0,0,0,0.0,0,0,0,0,0,0
qapartma,BB,a,true,3.0,3.0,0,0,0,0,0,0,0,0,0,0,0,0,0,0,0
qapiye,BF,e,true,1.0,0,0,1.0,0,3.0,0,0,3.0,0,0.0,3.0,0,0,3.0,0,0.0
qarawulxana,BB,a,false,1.0,1.0,0,0,0,14.0,0,14.0,0,0,0.0,7.0,0,7.0,0,0,0.0
qasha,BB,a,true,1.0,1.0,0,0,0,3.0,0,3.0,0,0,0.0,0,0,0,0,0,0
qassapxana,BB,a,true,0,0,0,0,0,0,0,0,0,0,0,1.0,0,1.0,0,0,0.0
qawaqxana,BB,a,true,0,0,0,0,0,3.0,0,2.0,0,0,1.0,5.0,0,4.0,0,0,1.0
qaycha,BB,a,true,1.0,1.0,0,0,0,0,0,0,0,0,0,1.0,0,1.0,0,0,0.0
qaza,BB,a,true,0,0,0,0,0,9.0,0,9.0,0,0,0.0,0,0,0,0,0,0
qazanxana,BB,a,true,0,0,0,0,0,0,0,0,0,0,0,1.0,0,0,0,0,1.0
qebile,FF,e,true,15.0,15.0,0,0,0,32.0,32.0,0,0,0,0.0,7.0,7.0,0,0,0,0.0
qebre,FF,e,true,82.0,82.0,0,0,0,126.0,126.0,0,0,0,0.0,22.0,22.0,0,0,0,0.0
qehwexana,BB,a,true,1.0,1.0,0,0,0,3.0,0,3.0,0,0,0.0,4.0,0,4.0,0,0,0.0
qeside,FF,e,true,0,0,0,0,0,0,0,0,0,0,0,2.0,2.0,0,0,0,0.0
qetre,FF,e,true,1.0,1.0,0,0,0,2.0,2.0,0,0,0,0.0,1.0,1.0,0,0,0,0.0
qimarxana,BB,a,true,1.0,1.0,0,0,0,5.0,0,5.0,0,0,0.0,3.0,0,3.0,0,0,0.0
qobulxana,BB,a,false,1.0,0,0,0,1.0,9.0,0,0,0,0,9.0,9.0,0,3.0,0,0,6.0
qomanda,BB,a,false,0,0,0,0,0,1.0,0,1.0,0,0,0.0,0,0,0,0,0,0
qorma,BB,a,false,0,0,0,0,0,1.0,0,1.0,0,0,0.0,0,0,0,0,0,0
qoshumche,BF,e,false,1.0,1.0,0,0,0,0,0,0,0,0,0,0,0,0,0,0,0
qoyma,BB,a,false,2.0,2.0,0,0,0,3.0,0,3.0,0,0,0.0,5.0,0,5.0,0,0,0.0
qoza,BB,a,false,9.0,9.0,0,0,0,2.0,0,2.0,0,0,0.0,0,0,0,0,0,0
quda,BB,a,false,1.0,1.0,0,0,0,1.0,0,1.0,0,0,0.0,0,0,0,0,0,0
qure,BF,e,false,3.0,3.0,0,0,0,5.0,0,5.0,0,0,0.0,8.0,0,8.0,0,0,0.0
qurulma,BB,a,false,36.0,36.0,0,0,0,42.0,0,42.0,0,0,0.0,8.0,0,8.0,0,0,0.0
qushxana,BB,a,false,0,0,0,0,0,0,0,0,0,0,0,3.0,0,3.0,0,0,0.0
reddiye,FF,e,true,2.0,0,0,2.0,0,0,0,0,0,0,0,0,0,0,0,0,0
resetxana,BB,a,true,0,0,0,0,0,1.0,0,1.0,0,0,0.0,1.0,0,1.0,0,0,0.0
reste,FF,e,true,0,0,0,0,0,3.0,3.0,0,0,0,0.0,2.0,2.0,0,0,0,0.0
risale,BF,e,true,5.0,5.0,0,0,0,0,0,0,0,0,0,9.0,9.0,0,0,0,0.0
rota,BB,a,false,1.0,1.0,0,0,0,5.0,0,5.0,0,0,0.0,9.0,0,9.0,0,0,0.0
ruda,BB,a,false,3.0,3.0,0,0,0,1.0,0,1.0,0,0,0.0,0,0,0,0,0,0
rémontxana,BB,a,false,0,0,0,0,0,1.0,0,1.0,0,0,0.0,0,0,0,0,0,0
sada,BB,a,true,13.0,0,0,13.0,0,10.0,0,0,0,10.0,0.0,4.0,0,0,0,4.0,0.0
sahabe,BF,e,true,4.0,4.0,0,0,0,2.0,2.0,0,0,0,0.0,0,0,0,0,0,0
sahe,BF,e,true,59.0,0,0,59.0,0,264.0,0,0,264.0,0,0.0,616.0,0,0,616.0,0,0.0
sahibxana,BB,a,true,2.0,2.0,0,0,0,1.0,0,1.0,0,0,0.0,0,0,0,0,0,0
sala,BB,a,true,2.0,2.0,0,0,0,1.0,0,1.0,0,0,0.0,0,0,0,0,0,0
samanxana,BB,a,true,1.0,1.0,0,0,0,1.0,0,1.0,0,0,0.0,1.0,0,1.0,0,0,0.0
samsa,BB,a,true,2.0,2.0,0,0,0,0,0,0,0,0,0,0,0,0,0,0,0
samsixana,BB,a,true,0,0,0,0,0,0,0,0,0,0,0,1.0,0,1.0,0,0,0.0
sanatoriye,BF,e,false,0,0,0,0,0,3.0,0,0,3.0,0,0.0,3.0,0,0,3.0,0,0.0
sapa,BB,a,true,18.0,0,0,18.0,0,21.0,0,0,0,21.0,0.0,6.0,0,0,0,6.0,0.0
saqchixana,BB,a,true,10.0,10.0,0,0,0,393.0,0,392.0,0,0,1.0,91.0,0,91.0,0,0,0.0
sarasime,BF,e,true,1.0,1.0,0,0,0,93.0,91.0,2.0,0,0,0.0,3.0,3.0,0,0,0,0.0
satira,BB,a,true,0,0,0,0,0,1.0,0,1.0,0,0,0.0,0,0,0,0,0,0
satirashxana,BB,a,true,0,0,0,0,0,1.0,0,1.0,0,0,0.0,2.0,0,2.0,0,0,0.0
saye,BF,e,true,0,0,0,0,0,5.0,0,5.0,0,0,0.0,9.0,2.0,7.0,0,0,0.0
saza,BB,a,true,13.0,13.0,0,0,0,2.0,0,2.0,0,0,0.0,0,0,0,0,0,0
sazende,FF,e,true,5.0,5.0,0,0,0,3.0,3.0,0,0,0,0.0,0,0,0,0,0,0
sehipe,FF,e,true,30.0,30.0,0,0,0,17.0,17.0,0,0,0,0.0,20.0,20.0,0,0,0,0.0
sehiye,FF,e,true,0,0,0,0,0,1.0,0,0,1.0,0,0.0,0,0,0,0,0,0
sehne,FF,e,true,35.0,35.0,0,0,0,709.0,709.0,0,0,0,0.0,394.0,394.0,0,0,0,0.0
sehra,FB,a,true,1.0,0,0,1.0,0,7.0,0,0,0,7.0,0.0,8.0,0,0,1.0,7.0,0.0
sejde,FF,e,true,2.0,2.0,0,0,0,12.0,12.0,0,0,0,0.0,1.0,1.0,0,0,0,0.0
sepsete,FF,e,true,27.0,27.0,0,0,0,6.0,6.0,0,0,0,0.0,0,0,0,0,0,0
serkerde,FF,e,true,1.0,1.0,0,0,0,1.0,1.0,0,0,0,0.0,0,0,0,0,0,0
serlewhe,FF,e,true,0,0,0,0,0,1.0,1.0,0,0,0,0.0,11.0,11.0,0,0,0,0.0
sewda,FB,a,true,0,0,0,0,0,1.0,1.0,0,0,0,0.0,0,0,0,0,0,0
sewiye,FF,e,true,30.0,11.0,0,19.0,0,330.0,196.0,0,134.0,0,0.0,235.0,99.0,0,136.0,0,0.0
sewze,FF,e,true,5.0,5.0,0,0,0,1.0,1.0,0,0,0,0.0,1.0,1.0,0,0,0,0.0
seyle,FF,e,true,0,0,0,0,0,31.0,31.0,0,0,0,0.0,11.0,11.0,0,0,0,0.0
seyshenbe,FF,e,true,0,0,0,0,0,1.0,1.0,0,0,0,0.0,0,0,0,0,0,0
shala,BB,a,true,7.0,7.0,0,0,0,0,0,0,0,0,0,6.0,0,6.0,0,0,0.0
sharche,BF,e,true,0,0,0,0,0,1.0,0,1.0,0,0,0.0,0,0,0,0,0,0
sharpa,BB,a,true,4.0,4.0,0,0,0,0,0,0,0,0,0,0,0,0,0,0,0
sharqiratma,BB,a,true,0,0,0,0,0,0,0,0,0,0,0,1.0,0,1.0,0,0,0.0
shejere,FF,e,true,1.0,1.0,0,0,0,0,0,0,0,0,0,0,0,0,0,0,0
shemsiye,FF,e,true,0,0,0,0,0,1.0,0,0,1.0,0,0.0,0,0,0,0,0,0
shenbe,FF,e,true,1.0,1.0,0,0,0,2.0,2.0,0,0,0,0.0,0,0,0,0,0,0
shepe,FF,e,true,3.0,3.0,0,0,0,3.0,3.0,0,0,0,0.0,0,0,0,0,0,0
shertname,BF,e,true,15.0,15.0,0,0,0,22.0,22.0,0,0,0,0.0,6.0,5.0,1.0,0,0,0.0
shikayetname,BF,e,true,1.0,1.0,0,0,0,2.0,2.0,0,0,0,0.0,5.0,5.0,0,0,0,0.0
shilepe,FF,e,true,1.0,1.0,0,0,0,1.0,1.0,0,0,0,0.0,0,0,0,0,0,0
shipaxana,BB,a,true,1.0,1.0,0,0,0,8.0,0,8.0,0,0,0.0,11.0,0,11.0,0,0,0.0
shiraza,BB,a,true,0,0,0,0,0,1.0,0,1.0,0,0,0.0,0,0,0,0,0,0
shorpa,BB,a,false,2.0,2.0,0,0,0,4.0,0,4.0,0,0,0.0,2.0,0,2.0,0,0,0.0
shota,BB,a,false,2.0,2.0,0,0,0,2.0,0,2.0,0,0,0.0,0,0,0,0,0,0
shoyna,BB,a,false,1.0,1.0,0,0,0,2.0,0,2.0,0,0,0.0,0,0,0,0,0,0
shöbe,FF,e,false,0,0,0,0,0,1.0,1.0,0,0,0,0.0,1.0,1.0,0,0,0,0.0
shübhe,FF,e,false,2.0,2.0,0,0,0,4.0,4.0,0,0,0,0.0,2.0,2.0,0,0,0,0.0
simfoniye,BF,e,false,2.0,0,0,2.0,0,2.0,0,0,2.0,0,0.0,0,0,0,0,0,0
sofa,BB,a,false,1.0,1.0,0,0,0,1.0,1.0,0,0,0,0.0,0,0,0,0,0,0
solaqxana,BB,a,false,0,0,0,0,0,9.0,0,9.0,0,0,0.0,9.0,0,9.0,0,0,0.0
soraqxana,BB,a,false,1.0,1.0,0,0,0,7.0,0,7.0,0,0,0.0,8.0,0,8.0,0,0,0.0
sotxana,BB,a,false,0,0,0,0,0,3.0,0,3.0,0,0,0.0,0,0,0,0,0,0
studiye,BF,e,false,0,0,0,0,0,1.0,0,0,1.0,0,0.0,0,0,0,0,0,0
stéré'ométriye,BF,e,false,1.0,0,0,1.0,0,0,0,0,0,0,0,0,0,0,0,0,0
sulale,BF,e,false,11.0,11.0,0,0,0,9.0,9.0,0,0,0,0.0,1.0,0,1.0,0,0,0.0
supa,BB,a,false,2.0,2.0,0,0,0,22.0,0,22.0,0,0,0.0,20.0,0,20.0,0,0,0.0
sélishturma,BB,a,false,8.0,8.0,0,0,0,2.0,0,2.0,0,0,0.0,5.0,0,5.0,0,0,0.0
sénariye,BF,e,true,2.0,0,0,2.0,0,3.0,0,0,3.0,0,0.0,1.0,0,0,1.0,0,0.0
söre,FF,e,false,1.0,1.0,0,0,0,0,0,0,0,0,0,0,0,0,0,0,0
sümbe,FF,e,false,0,0,0,0,0,2.0,2.0,0,0,0,0.0,1.0,1.0,0,0,0,0.0
sürüshte,FF,e,false,0,0,0,0,0,1.0,1.0,0,0,0,0.0,0,0,0,0,0,0
ta'ala,BB,a,true,9.0,0,0,9.0,0,27.0,0,0,0,27.0,0.0,2.0,0,0,0,2.0,0.0
ta'ipe,BF,e,true,1.0,1.0,0,0,0,1.0,1.0,0,0,0,0.0,0,0,0,0,0,0
tamaqxana,BB,a,true,0,0,0,0,0,3.0,0,3.0,0,0,0.0,1.0,0,1.0,0,0,0.0
tamasha,BB,a,true,2.0,2.0,0,0,0,6.0,0,6.0,0,0,0.0,0,0,0,0,0,0
tamche,BF,e,true,2.0,2.0,0,0,0,0,0,0,0,0,0,0,0,0,0,0,0
tamozhna,BB,a,false,3.0,3.0,0,0,0,3.0,0,3.0,0,0,0.0,9.0,0,9.0,0,0,0.0
tamuzhna,BB,a,false,0,0,0,0,0,0,0,0,0,0,0,1.0,0,1.0,0,0,0.0
tana,BB,a,true,3.0,3.0,0,0,0,1.0,0,1.0,0,0,0.0,0,0,0,0,0,0
tansa,BB,a,true,1.0,1.0,0,0,0,4.0,0,4.0,0,0,0.0,1.0,0,1.0,0,0,0.0
tapa,BB,a,true,0,0,0,0,0,0,0,0,0,0,0,1.0,0,1.0,0,0,0.0
tapancha,BB,a,true,9.0,9.0,0,0,0,0,0,0,0,0,0,0,0,0,0,0,0
taraza,BB,a,true,6.0,6.0,0,0,0,44.0,0,44.0,0,0,0.0,15.0,0,15.0,0,0,0.0
tartma,BB,a,true,0,0,0,0,0,2.0,0,2.0,0,0,0.0,1.0,0,1.0,0,0,0.0
tasma,BB,a,true,0,0,0,0,0,1.0,0,1.0,0,0,0.0,0,0,0,0,0,0
tatarche,BF,e,true,0,0,0,0,0,2.0,0,2.0,0,0,0.0,0,0,0,0,0,0
tawa,BB,a,true,0,0,0,0,0,0,0,0,0,0,0,2.0,0,2.0,0,0,0.0
taxta,BB,a,true,22.0,12.0,0,0,10.0,48.0,0,10.0,0,0,38.0,14.0,0,4.0,0,0,10.0
tebrikname,BF,e,true,3.0,3.0,0,0,0,2.0,1.0,1.0,0,0,0.0,11.0,8.0,3.0,0,0,0.0
tejiribe,FF,e,true,3.0,3.0,0,0,0,4.0,4.0,0,0,0,0.0,0,0,0,0,0,0
tejribe,FF,e,true,78.0,78.0,0,0,0,195.0,195.0,0,0,0,0.0,19.0,19.0,0,0,0,0.0
tejribixana,BB,a,true,3.0,3.0,0,0,0,10.0,0,10.0,0,0,0.0,18.0,0,18.0,0,0,0.0
teklipname,BF,e,true,13.0,13.0,0,0,0,3.0,2.0,1.0,0,0,0.0,6.0,6.0,0,0,0,0.0
telepname,BF,e,true,7.0,7.0,0,0,0,7.0,7.0,0,0,0,0.0,17.0,17.0,0,0,0,0.0
tene,FF,e,true,2.0,2.0,0,0,0,1.0,1.0,0,0,0,0.0,0,0,0,0,0,0
tenglime,FF,e,true,2.0,2.0,0,0,0,0,0,0,0,0,0,2.0,2.0,0,0,0,0.0
tengne,FF,e,true,0,0,0,0,0,1.0,1.0,0,0,0,0.0,1.0,1.0,0,0,0,0.0
tentene,FF,e,true,48.0,48.0,0,0,0,94.0,94.0,0,0,0,0.0,85.0,85.0,0,0,0,0.0
tenterbiye,FF,e,true,22.0,0,0,22.0,0,4.0,0,0,4.0,0,0.0,1.0,0,0,1.0,0,0.0
teqdirname,BF,e,true,3.0,3.0,0,0,0,2.0,2.0,0,0,0,0.0,0,0,0,0,0,0
terbiye,FF,e,true,97.0,64.0,0,33.0,0,81.0,43.0,0,38.0,0,0.0,17.0,9.0,0,8.0,0,0.0
terjime,FF,e,true,0,0,0,0,0,16.0,16.0,0,0,0,0.0,25.0,25.0,0,0,0,0.0
teshekkürname,BF,e,false,1.0,1.0,0,0,0,0,0,0,0,0,0,0,0,0,0,0,0
teslimname,BF,e,true,0,0,0,0,0,4.0,4.0,0,0,0,0.0,0,0,0,0,0,0
tewbe,FF,e,true,1.0,1.0,0,0,0,1.0,1.0,0,0,0,0.0,1.0,1.0,0,0,0,0.0
tewe,FF,e,true,20.0,0,0,20.0,0,95.0,0,0,94.0,1.0,0.0,291.0,0,0,291.0,0,0.0
tewsiye,FF,e,true,6.0,0,0,6.0,0,4.0,0,0,4.0,0,0.0,7.0,0,0,7.0,0,0.0
texse,FF,e,true,0,0,0,0,0,4.0,1.0,0,0,0,3.0,2.0,2.0,0,0,0,0.0
tijaretxana,BB,a,true,1.0,1.0,0,0,0,0,0,0,0,0,0,0,0,0,0,0,0
tiyatirxana,BB,a,true,0,0,0,0,0,3.0,0,3.0,0,0,0.0,10.0,0,10.0,0,0,0.0
tonna,BB,a,false,14.0,14.0,0,0,0,97.0,0,97.0,0,0,0.0,0,0,0,0,0,0
toqulma,BB,a,false,4.0,4.0,0,0,0,2.0,0,2.0,0,0,0.0,2.0,0,2.0,0,0,0.0
torxana,BB,a,false,0,0,0,0,0,3.0,0,3.0,0,0,0.0,3.0,0,3.0,0,0,0.0
towa,BB,a,false,1.0,1.0,0,0,0,0,0,0,0,0,0,0,0,0,0,0,0
toxtamname,BF,e,false,4.0,4.0,0,0,0,20.0,14.0,6.0,0,0,0.0,6.0,5.0,1.0,0,0,0.0
turuba,BB,a,false,4.0,4.0,0,0,0,3.0,0,3.0,0,0,0.0,3.0,0,3.0,0,0,0.0
télégramma,BB,a,true,8.0,8.0,0,0,0,2.0,0,2.0,0,0,0.0,57.0,0,57.0,0,0,0.0
témpératura,BB,a,false,3.0,3.0,0,0,0,0,0,0,0,0,0,7.0,0,7.0,0,0,0.0
téritoriye,BF,e,false,5.0,0,0,5.0,0,2.0,0,0,2.0,0,0.0,2.0,0,0,2.0,0,0.0
térritoriye,BF,e,false,5.0,0,0,5.0,0,2.0,0,0,2.0,0,0.0,6.0,0,0,6.0,0,0.0
töhmetname,BF,e,false,0,0,0,0,0,1.0,1.0,0,0,0,0.0,0,0,0,0,0,0
töhpe,FF,e,false,3.0,3.0,0,0,0,2.0,2.0,0,0,0,0.0,2.0,2.0,0,0,0,0.0
törelme,FF,e,false,6.0,6.0,0,0,0,3.0,3.0,0,0,0,0.0,0,0,0,0,0,0
tügünche,FF,e,false,1.0,1.0,0,0,0,0,0,0,0,0,0,0,0,0,0,0,0
türme,FF,e,false,26.0,26.0,0,0,0,1298.0,1296.0,2.0,0,0,0.0,1054.0,1053.0,1.0,0,0,0.0
tüzülme,FF,e,false,20.0,20.0,0,0,0,17.0,17.0,0,0,0,0.0,13.0,13.0,0,0,0,0.0
usta,BB,a,false,7.0,7.0,0,0,0,52.0,47.0,5.0,0,0,0.0,39.0,39.0,0,0,0,0.0
ustira,BB,a,false,1.0,1.0,0,0,0,0,0,0,0,0,0,1.0,0,1.0,0,0,0.0
ustixana,BB,a,false,0,0,0,0,0,1.0,0,0,0,0,1.0,2.0,0,1.0,0,0,1.0
uwa,BB,a,false,1.0,1.0,0,0,0,0,0,0,0,0,0,1.0,0,1.0,0,0,0.0
uyghurche,BF,e,false,1.0,0,0,1.0,0,1.0,0,0,0,1.0,0.0,0,0,0,0,0,0
uyushma,BB,a,false,1.0,1.0,0,0,0,12.0,0,12.0,0,0,0.0,1.0,0,1.0,0,0,0.0
wakaletxana,BB,a,true,0,0,0,0,0,1.0,0,0,0,0,1.0,0,0,0,0,0,0
wanna,BB,a,true,1.0,1.0,0,0,0,7.0,0,7.0,0,0,0.0,3.0,0,3.0,0,0,0.0
wasite,BF,e,true,19.0,19.0,0,0,0,35.0,34.0,1.0,0,0,0.0,0,0,0,0,0,0
waste,BF,e,true,4.0,4.0,0,0,0,13.0,8.0,5.0,0,0,0.0,1.0,0,1.0,0,0,0.0
waza,BB,a,true,1.0,1.0,0,0,0,0,0,0,0,0,0,2.0,0,2.0,0,0,0.0
wede,FF,e,true,28.0,28.0,0,0,0,42.0,42.0,0,0,0,0.0,3.0,3.0,0,0,0,0.0
weswese,FF,e,true,0,0,0,0,0,10.0,10.0,0,0,0,0.0,0,0,0,0,0,0
wezipe,FF,e,true,458.0,458.0,0,0,0,395.0,395.0,0,0,0,0.0,24.0,24.0,0,0,0,0.0
wizantiye,BF,e,true,0,0,0,0,0,3.0,0,0,3.0,0,0.0,0,0,0,0,0,0
xala,BB,a,true,0,0,0,0,0,1.0,0,1.0,0,0,0.0,48.0,45.0,3.0,0,0,0.0
xalta,BB,a,true,16.0,11.0,0,0,5.0,32.0,0,20.0,0,0,12.0,11.0,0,6.0,0,0,5.0
xarabe,BF,e,true,4.0,4.0,0,0,0,17.0,16.0,0,0,0,1.0,2.0,1.0,0,0,0,1.0
xelipe,FF,e,true,18.0,18.0,0,0,0,16.0,16.0,0,0,0,0.0,0,0,0,0,0,0
xende,FF,e,true,0,0,0,0,0,0,0,0,0,0,0,1.0,1.0,0,0,0,0.0
xensuche,BF,e,false,1.0,1.0,0,0,0,3.0,0,3.0,0,0,0.0,0,0,0,0,0,0
xenzuche,BF,e,false,12.0,10.0,0,0,2.0,22.0,4.0,17.0,0,0,1.0,11.0,3.0,7.0,0,0,1.0
xerite,FF,e,true,36.0,30.0,0,0,6.0,46.0,33.0,0,0,0,13.0,40.0,29.0,0,0,0,11.0
xese,FF,e,true,1.0,1.0,0,0,0,0,0,0,0,0,0,1.0,0,0,0,0,1.0
xetme,FF,e,true,0,0,0,0,0,0,0,0,0,0,0,1.0,1.0,0,0,0,0.0
xetne,FF,e,true,0,0,0,0,0,0,0,0,0,0,0,1.0,0,0,0,0,1.0
xezine,FF,e,true,2.0,2.0,0,0,0,16.0,16.0,0,0,0,0.0,0,0,0,0,0,0
xitayche,BF,e,true,69.0,68.0,0,0,1.0,64.0,3.0,60.0,0,0,1.0,19.0,3.0,16.0,0,0,0.0
xoncha,BB,a,false,1.0,1.0,0,0,0,0,0,0,0,0,0,1.0,1.0,0,0,0,0.0
xorma,BB,a,false,3.0,1.0,0,0,2.0,0,0,0,0,0,0,1.0,0,0,0,0,1.0
xromosoma,BB,a,false,1.0,1.0,0,0,0,0,0,0,0,0,0,1.0,0,1.0,0,0,0.0
xuda,BB,a,false,20.0,0,0,12.0,8.0,323.0,0,0,0,101.0,222.0,0,0,0,0,0,0
xulase,BF,e,false,62.0,49.0,0,0,13.0,219.0,94.0,9.0,0,0,116.0,9.0,6.0,2.0,0,0,1.0
xutbe,BF,e,false,10.0,10.0,0,0,0,1.0,1.0,0,0,0,0.0,9.0,8.0,1.0,0,0,0.0
yadname,BF,e,true,10.0,10.0,0,0,0,0,0,0,0,0,0,1.0,1.0,0,0,0,0.0
yala,BB,a,true,0,0,0,0,0,1.0,0,1.0,0,0,0.0,0,0,0,0,0,0
yaldama,BB,a,true,2.0,2.0,0,0,0,0,0,0,0,0,0,0,0,0,0,0,0
yara,BB,a,true,0,0,0,0,0,17.0,0,17.0,0,0,0.0,0,0,0,0,0,0
yataqxana,BB,a,true,4.0,0,0,0,4.0,21.0,0,2.0,0,0,19.0,25.0,0,2.0,0,0,23.0
yawropa,BB,a,false,1.0,1.0,0,0,0,0,0,0,0,0,0,0,0,0,0,0,0
yazma,BB,a,true,64.0,64.0,0,0,0,15.0,0,15.0,0,0,0.0,70.0,0,70.0,0,0,0.0
yekshenbe,FF,e,true,3.0,3.0,0,0,0,2.0,2.0,0,0,0,0.0,3.0,3.0,0,0,0,0.0
yilname,BF,e,true,6.0,6.0,0,0,0,2.0,2.0,0,0,0,0.0,1.0,0,1.0,0,0,0.0
yollanma,BB,a,false,11.0,11.0,0,0,0,5.0,0,5.0,0,0,0.0,4.0,0,4.0,0,0,0.0
yunanche,BF,e,false,0,0,0,0,0,2.0,0,2.0,0,0,0.0,1.0,0,1.0,0,0,0.0
yunda,BB,a,false,2.0,2.0,0,0,0,0,0,0,0,0,0,0,0,0,0,0,0
zona,BB,a,false,20.0,20.0,0,0,0,12.0,0,12.0,0,0,0.0,20.0,0,20.0,0,0,0.0
ékspilatatsiye,BF,e,true,1.0,0,0,1.0,0,0,0,0,0,0,0,0,0,0,0,0,0
énsiklopédiye,BF,e,false,0,0,0,0,0,2.0,0,0,2.0,0,0.0,0,0,0,0,0,0
ölima,FB,a,false,4.0,0,0,4.0,0,5.0,0,0,0,5.0,0.0,0,0,0,0,0,0
özre,FF,e,false,1.0,1.0,0,0,0,1.0,1.0,0,0,0,0.0,0,0,0,0,0,0
üjme,FF,e,false,1.0,1.0,0,0,0,2.0,2.0,0,0,0,0.0,0,0,0,0,0,0
ünche,FF,e,false,2.0,2.0,0,0,0,0,0,0,0,0,0,0,0,0,0,0,0
üsküne,FF,e,false,12.0,12.0,0,0,0,3.0,3.0,0,0,0,0.0,3.0,3.0,0,0,0,0.0
üstqurulma,BB,a,false,2.0,2.0,0,0,0,1.0,0,1.0,0,0,0.0,0,0,0,0,0,0
