outer_fold,root,stratum,inner_fold
0,a'ile,BF|true,2
0,abide,BF|true,0
0,aghriqxana,BB|true,1
0,aha,BB|true,2
0,ahale,BF|true,1
0,alicha,BB|true,0
0,alma,BB|true,0
0,amma,BB|true,1
0,ana,BB|true,1
0,antanta,BB|true,0
0,aptonomiye,BF|false,2
0,ara,BB|true,2
0,archa,BB|true,0
0,ariye,BF|true,2
0,armiye,BF|true,1
0,ashxana,BB|true,1
0,aspirantura,BB|false,2
0,assimilyatsiye,BF|true,2
0,astane,BF|true,0
0,aza,BB|true,2
0,bade,BF|true,0
0,baha,BB|true,0
0,bahane,BF|true,2
0,bajxana,BB|true,0
0,bala,BB|true,2
0,bara,BB|true,1
0,bashla,BB|true,0
0,bashqarma,BB|true,2
0,basmixana,BB|true,1
0,bataréya,BB|true,2
0,bayanname,BF|true,0
0,baywechche,FF|true,0
0,belche,FF|true,2
0,birleshme,FF|true,0
0,bola,BB|false,2
0,bomba,BB|false,0
0,bronza,BB|false,1
0,budda,BB|false,1
0,bölme,FF|false,1
0,böre,FF|false,0
0,bügünche,FF|false,0
0,chama,BB|true,0
0,chana,BB|true,1
0,changchile,BF|true,1
0,charshenbe,FF|true,0
0,charwa,BB|true,2
0,chasa,BB|true,2
0,chaza,BB|true,2
0,chelle,FF|true,1
0,chola,BB|false,2
0,chüshenche,FF|false,2
0,dacha,BB|true,1
0,dada,BB|true,0
0,daire,BF|true,2
0,dala,BB|true,2
0,dalda,BB|true,0
0,dara,BB|true,0
0,debdebe,FF|true,0
0,derije,FF|true,2
0,derya,FB|true,2
0,desmaye,BF|true,0
0,diploma,BB|false,2
0,diplomatiye,BF|false,1
0,doppa,BB|false,2
0,dorixana,BB|false,2
0,doxturxana,BB|false,1
0,doza,BB|false,0
0,du'a,BB|false,1
0,duniya,BB|false,0
0,démokratiye,BF|false,0
0,düshenbe,FF|false,2
0,ediliye,FF|true,1
0,edliye,FF|true,1
0,ehdiname,BF|true,0
0,ela,FB|true,0
0,en'ene,FF|true,1
0,endishe,FF|true,1
0,endize,FF|true,1
0,erebche,FF|true,1
0,esletme,FF|true,1
0,eslihe,FF|true,2
0,esna,FB|true,0
0,esra,FB|true,2
0,ete,FF|true,0
0,exletxana,BB|true,0
0,eyibname,BF|true,1
0,eza,FB|true,2
0,famile,BF|true,0
0,figura,BB|false,1
0,forma,BB|false,0
0,formula,BB|false,1
0,fédératsiye,BF|true,0
0,geme,FF|true,2
0,gewde,FF|true,1
0,ghalcha,BB|true,2
0,ghaye,BF|true,1
0,ghelbe,FF|true,2
0,ghora,BB|false,1
0,ghulghula,BB|false,2
0,ghulja,BB|false,2
0,gimnaziye,BF|true,0
0,gundixana,BB|false,1
0,guwahname,BF|false,2
0,gézitxana,BB|true,0
0,güldürmama,BB|false,0
0,gülxana,BB|false,2
0,harwa,BB|true,1
0,hasa,BB|true,2
0,hawa,BB|true,1
0,hawale,BF|true,0
0,hediye,FF|true,1
0,hemze,FF|true,2
0,hepse,FF|true,0
0,hepte,FF|true,2
0,here,FF|true,2
0,heywe,FF|true,1
0,hikaye,BF|true,2
0,himaye,BF|true,1
0,hoyla,BB|false,0
0,hujra,BB|false,0
0,hékaye,BF|true,2
0,hüjeyre,FF|false,0
0,i'ane,BF|true,0
0,ijare,BF|true,0
0,ijazetname,BF|true,1
0,ipade,BF|true,2
0,irade,BF|true,2
0,ishxana,BB|true,1
0,iskenje,FF|true,0
0,jakarname,BF|true,2
0,jame,BF|true,1
0,jangza,BB|true,0
0,jaza,BB|true,1
0,joghrapiye,BF|false,0
0,joza,BB|false,0
0,jughlanma,BB|false,2
0,jughrapiye,BF|false,2
0,kafédra,BB|true,1
0,kaloriye,BF|false,2
0,kana,BB|true,0
0,kapaletname,BF|true,1
0,karta,BB|true,1
0,karxana,BB|true,2
0,kasa,BB|true,2
0,kashila,BB|true,1
0,kassa,BB|true,1
0,katégoriye,BF|false,0
0,kawa,BB|true,0
0,kelime,FF|true,1
0,kepe,FF|true,0
0,kepterxana,BB|true,1
0,kinaye,BF|true,2
0,kinoxana,BB|false,0
0,kitabche,BF|true,1
0,kitabxana,BB|true,2
0,kocha,BB|false,0
0,komanda,BB|false,2
0,kompaniye,BF|false,1
0,komédiye,BF|false,0
0,konsulxana,BB|false,0
0,kopiye,BF|false,1
0,koza,BB|false,2
0,kula,BB|false,1
0,kutupxana,BB|false,1
0,kömürxana,BB|false,1
0,körgezme,FF|false,0
0,körgezmixana,BB|false,1
0,kötüre,FF|false,2
0,kütüpxana,BB|false,2
0,lale,BF|true,2
0,lama,BB|true,0
0,lata,BB|true,0
0,lawa,BB|true,2
0,layihe,BF|true,0
0,laza,BB|true,2
0,lerze,FF|true,0
0,lexme,FF|true,2
0,madda,BB|true,2
0,maliye,BF|true,1
0,manta,BB|true,2
0,maqale,BF|true,0
0,mashina,BB|true,1
0,massa,BB|true,0
0,maysa,BB|true,0
0,medhiye,FF|true,0
0,medrise,FF|true,0
0,mehelle,FF|true,1
0,mejlisxana,BB|true,0
0,mejmu'e,BF|false,2
0,meqbere,FF|true,2
0,mese,FF|true,0
0,mesle,FF|true,0
0,mesxire,FF|true,2
0,metbe'e,FF|true,2
0,meyde,FF|true,1
0,meyxana,BB|true,0
0,miniatyura,BB|false,2
0,mora,BB|false,0
0,mu'amile,BF|false,2
0,mu'essese,FF|false,2
0,mudaxile,BF|false,0
0,mulahize,BF|false,1
0,munazire,BF|false,1
0,muqawa,BB|false,0
0,muqeddime,FF|false,2
0,murda,BB|false,0
0,musape,BF|false,2
0,musha'ire,BF|false,1
0,méhmanxana,BB|true,0
0,mélodiye,BF|false,2
0,möjize,FF|false,0
0,müre,FF|false,1
0,nahiye,BF|true,1
0,namayende,FF|true,1
0,nashta,BB|true,0
0,nawayxana,BB|true,1
0,naxsha,BB|true,1
0,nere,FF|true,0
0,nerse,FF|true,1
0,neshe,FF|true,1
0,netije,FF|true,1
0,newre,FF|true,1
0,neyze,FF|true,2
0,nezeriye,FF|true,2
0,nezme,FF|true,2
0,nizamname,BF|true,0
0,olja,BB|false,1
0,opéra,BB|false,1
0,opératsiye,BF|false,1
0,orda,BB|false,0
0,orma,BB|false,1
0,ottura,BB|false,2
0,otunxana,BB|false,1
0,oyunxana,BB|false,2
0,pada,BB|true,2
0,pahishe,BF|true,0
0,pahishixana,BB|true,0
0,palata,BB|true,2
0,palta,BB|true,0
0,pana,BB|true,1
0,parsche,BF|true,1
0,partiye,BF|true,2
0,pasha,BB|true,1
0,pasxa,BB|true,1
0,paxta,BB|true,2
0,pede,FF|true,1
0,pelle,FF|true,0
0,penje,FF|true,0
0,perde,FF|true,0
0,perishte,FF|true,0
0,perwane,BF|true,1
0,pete,FF|true,2
0,petiwa,FB|true,1
0,peyshenbe,FF|true,0
0,piramida,BB|true,2
0,pirogramma,BB|false,2
0,piroza,BB|false,1
0,piyale,BF|true,2
0,pochtixana,BB|false,1
0,pota,BB|false,0
0,potla,BB|false,0
0,pozitsiye,BF|false,1
0,programma,BB|false,2
0,proza,BB|false,0
0,péshane,BF|true,1
0,qa'ide,BF|true,1
0,qacha,BB|true,2
0,qamaqxana,BB|true,2
0,qamcha,BB|true,1
0,qasha,BB|true,0
0,qaycha,BB|true,0
0,qebile,FF|true,1
0,qebre,FF|true,2
0,qehwexana,BB|true,2
0,qeside,FF|true,2
0,qimarxana,BB|true,2
0,qobulxana,BB|false,0
0,qomanda,BB|false,0
0,qorma,BB|false,1
0,qoyma,BB|false,0
0,qoza,BB|false,1
0,quda,BB|false,1
0,qushxana,BB|false,2
0,resetxana,BB|true,0
0,reste,FF|true,0
0,risale,BF|true,0
0,rota,BB|false,2
0,ruda,BB|false,2
0,rémontxana,BB|false,2
0,sada,BB|true,1
0,sahabe,BF|true,1
0,sahe,BF|true,1
0,sahibxana,BB|true,0
0,sala,BB|true,0
0,samanxana,BB|true,1
0,samsixana,BB|true,0
0,sanatoriye,BF|false,0
0,sapa,BB|true,2
0,sarasime,BF|true,1
0,satira,BB|true,1
0,satirashxana,BB|true,2
0,saza,BB|true,2
0,sazende,FF|true,0
0,sehipe,FF|true,0
0,sehiye,FF|true,2
0,sehne,FF|true,2
0,sejde,FF|true,2
0,sepsete,FF|true,0
0,serlewhe,FF|true,1
0,sewda,FB|true,1
0,sewiye,FF|true,0
0,sewze,FF|true,2
0,seyle,FF|true,2
0,seyshenbe,FF|true,1
0,shala,BB|true,0
0,shemsiye,FF|true,2
0,shenbe,FF|true,0
0,shepe,FF|true,1
0,shertname,BF|true,1
0,shikayetname,BF|true,2
0,shilepe,FF|true,0
0,shipaxana,BB|true,2
0,shiraza,BB|true,1
0,shorpa,BB|false,2
0,shöbe,FF|false,1
0,shübhe,FF|false,1
0,simfoniye,BF|false,1
0,sofa,BB|false,1
0,solaqxana,BB|false,0
0,soraqxana,BB|false,1
0,sotxana,BB|false,0
0,studiye,BF|false,0
0,sulale,BF|false,0
0,supa,BB|false,1
0,sélishturma,BB|false,1
0,sénariye,BF|true,2
0,sümbe,FF|false,0
0,sürüshte,FF|false,1
0,ta'ipe,BF|true,2
0,tamaqxana,BB|true,2
0,tamasha,BB|true,2
0,tamozhna,BB|false,0
0,tamuzhna,BB|false,2
0,tansa,BB|true,2
0,tapa,BB|true,0
0,taraza,BB|true,1
0,tartma,BB|true,2
0,tasma,BB|true,0
0,tatarche,BF|true,2
0,tawa,BB|true,1
0,taxta,BB|true,1
0,tebrikname,BF|true,0
0,tejiribe,FF|true,0
0,tejribe,FF|true,1
0,tejribixana,BB|true,1
0,teklipname,BF|true,1
0,telepname,BF|true,0
0,tene,FF|true,1
0,tenglime,FF|true,0
0,tentene,FF|true,2
0,tenterbiye,FF|true,2
0,teqdirname,BF|true,0
0,terbiye,FF|true,2
0,terjime,FF|true,1
0,teslimname,BF|true,0
0,tewe,FF|true,2
0,tewsiye,FF|true,1
0,toqulma,BB|false,0
0,torxana,BB|false,1
0,toxtamname,BF|false,0
0,turuba,BB|false,2
0,télégramma,BB|true,1
0,témpératura,BB|false,0
0,téritoriye,BF|false,0
0,térritoriye,BF|false,2
0,töhmetname,BF|false,0
0,töhpe,FF|false,1
0,törelme,FF|false,1
0,tüzülme,FF|false,0
0,usta,BB|false,2
0,ustira,BB|false,2
0,ustixana,BB|false,1
0,uwa,BB|false,0
0,uyushma,BB|false,0
0,wakaletxana,BB|true,0
0,wanna,BB|true,2
0,wasite,BF|true,0
0,waste,BF|true,2
0,waza,BB|true,2
0,wede,FF|true,0
0,wizantiye,BF|true,2
0,xala,BB|true,1
0,xalta,BB|true,1
0,xarabe,BF|true,0
0,xelipe,FF|true,2
0,xende,FF|true,2
0,xensuche,BF|false,1
0,xerite,FF|true,0
0,xetme,FF|true,1
0,xitayche,BF|true,2
0,xorma,BB|false,0
0,xromosoma,BB|false,2
0,xuda,BB|false,2
0,xulase,BF|false,0
0,xutbe,BF|false,2
0,yadname,BF|true,1
0,yara,BB|true,1
0,yataqxana,BB|true,0
0,yazma,BB|true,1
0,yekshenbe,FF|true,1
0,yilname,BF|true,2
0,yollanma,BB|false,1
0,yunanche,BF|false,1
0,énsiklopédiye,BF|false,2
0,ölima,FB|false,1
0,özre,FF|false,2
0,üjme,FF|false,2
0,üsküne,FF|false,0
0,üstqurulma,BB|false,1
1,a'ile,BF|true,2
1,abide,BF|true,2
1,aghriqxana,BB|true,0
1,aha,BB|true,1
1,ahale,BF|true,0
1,akadémiye,BF|true,2
1,alicha,BB|true,1
1,alla,BB|true,1
1,alma,BB|true,1
1,amma,BB|true,1
1,ana,BB|true,1
1,antanta,BB|true,1
1,archa,BB|true,1
1,arghamcha,BB|true,2
1,ariye,BF|true,0
1,armiye,BF|true,1
1,astane,BF|true,0
1,astronomiye,BF|false,0
1,ata,BB|true,1
1,atmosféra,BB|false,2
1,aza,BB|true,1
1,bade,BF|true,0
1,baha,BB|true,2
1,bahane,BF|true,1
1,bajxana,BB|true,2
1,bara,BB|true,0
1,bashqarma,BB|true,2
1,basmixana,BB|true,2
1,bataréya,BB|true,1
1,baywechche,FF|true,1
1,baza,BB|true,1
1,birleshme,FF|true,1
1,bola,BB|false,1
1,bolghuche,BF|false,2
1,bomba,BB|false,2
1,budda,BB|false,1
1,bölme,FF|false,0
1,böre,FF|false,0
1,chama,BB|true,1
1,chana,BB|true,2
1,changchile,BF|true,0
1,charshenbe,FF|true,0
1,charwa,BB|true,2
1,chasa,BB|true,2
1,chelle,FF|true,0
1,chewre,FF|true,2
1,chola,BB|false,0
1,chümüle,FF|false,2
1,chüshenche,FF|false,0
1,da'ire,BF|true,2
1,dada,BB|true,1
1,daire,BF|true,2
1,dala,BB|true,2
1,dalda,BB|true,2
1,damolla,BB|false,2
1,dara,BB|true,0
1,debdebe,FF|true,2
1,depne,FF|true,0
1,derije,FF|true,2
1,dersxana,BB|true,1
1,derwaza,BB|true,0
1,derya,FB|true,2
1,desmaye,BF|true,0
1,dewa,FB|true,2
1,diploma,BB|false,1
1,diplomatiye,BF|false,0
1,doppa,BB|false,0
1,doza,BB|false,1
1,duniya,BB|false,0
1,dunya,BB|false,1
1,démokratiye,BF|false,2
1,düshenbe,FF|false,0
1,ediliye,FF|true,0
1,edliye,FF|true,2
1,ehdiname,BF|true,0
1,ela,FB|true,0
1,elchixana,BB|true,2
1,en'ene,FF|true,1
1,endize,FF|true,2
1,epsane,BF|true,0
1,erebche,FF|true,2
1,esletme,FF|true,2
1,eslime,FF|true,0
1,esna,FB|true,2
1,ete,FF|true,0
1,eyibname,BF|true,1
1,eza,FB|true,0
1,famile,BF|true,1
1,figura,BB|false,0
1,forma,BB|false,2
1,formula,BB|false,0
1,fédératsiye,BF|true,2
1,gazarma,BB|true,0
1,geme,FF|true,2
1,gende,FF|true,2
1,gewde,FF|true,0
1,ghalcha,BB|true,1
1,ghelbe,FF|true,2
1,ghelibe,FF|true,1
1,ghora,BB|false,1
1,gimnaziye,BF|true,1
1,gundixana,BB|false,2
1,guruppa,BB|false,1
1,guwahname,BF|false,1
1,gézitxana,BB|true,2
1,güldürmama,BB|false,0
1,güldürme,FF|false,1
1,gülxana,BB|false,0
1,hadise,BF|true,2
1,hajetxana,BB|true,2
1,hamile,BF|true,0
1,harwa,BB|true,1
1,hasa,BB|true,2
1,hawa,BB|true,1
1,hawale,BF|true,0
1,hemshire,FF|true,2
1,hemze,FF|true,0
1,hepse,FF|true,1
1,here,FF|true,1
1,hesse,FF|true,2
1,heywe,FF|true,1
1,hikaye,BF|true,2
1,himaye,BF|true,2
1,hoyla,BB|false,0
1,hujra,BB|false,0
1,hékaye,BF|true,1
1,hüjeyre,FF|false,0
1,ibadetxana,BB|true,0
1,ibare,BF|true,2
1,idare,BF|true,1
1,ijare,BF|true,1
1,ilawe,BF|true,1
1,ipade,BF|true,0
1,irade,BF|true,0
1,ishxana,BB|true,0
1,ispatname,BF|true,0
1,istansa,BB|true,2
1,jakarname,BF|true,2
1,jame,BF|true,0
1,jerimane,BF|true,1
1,jezire,FF|true,1
1,joghrapiye,BF|false,0
1,joza,BB|false,2
1,jughlanma,BB|false,0
1,jughrapiye,BF|false,1
1,juwawa,BB|false,1
1,kafédra,BB|true,1
1,kala,BB|true,0
1,kalla,BB|true,1
1,kana,BB|true,1
1,kasa,BB|true,0
1,kashila,BB|true,1
1,kassa,BB|true,0
1,katégoriye,BF|false,1
1,kawa,BB|true,2
1,kawapxana,BB|true,2
1,kelime,FF|true,0
1,kepterxana,BB|true,1
1,kinoxana,BB|false,2
1,kitabche,BF|true,2
1,kitabxana,BB|true,2
1,kocha,BB|false,2
1,komanda,BB|false,0
1,kommuna,BB|false,2
1,kopiye,BF|false,0
1,koza,BB|false,0
1,kula,BB|false,1
1,kutupxana,BB|false,0
1,kélishimname,BF|true,2
1,kömürxana,BB|false,1
1,körgezme,FF|false,1
1,körgezmixana,BB|false,0
1,körsetme,FF|false,1
1,kötüre,FF|false,0
1,küshende,FF|false,2
1,kütüpxana,BB|false,1
1,laboratoriye,BF|false,2
1,lama,BB|true,2
1,lata,BB|true,2
1,lawa,BB|true,0
1,layihe,BF|true,1
1,lehze,FF|true,0
1,lerze,FF|true,1
1,lexme,FF|true,0
1,madda,BB|true,1
1,manta,BB|true,0
1,maqale,BF|true,2
1,mashna,BB|true,1
1,maysa,BB|true,0
1,medhiye,FF|true,2
1,medrise,FF|true,1
1,mejlisxana,BB|true,2
1,mejmu'e,BF|false,2
1,menbe,FF|true,2
1,mepkure,BF|false,2
1,meqbere,FF|true,2
1,mersiye,FF|true,2
1,mertiwe,FF|true,2
1,mese,FF|true,2
1,mesxire,FF|true,0
1,metbe'e,FF|true,1
1,meyde,FF|true,1
1,meyxana,BB|true,0
1,miniatyura,BB|false,2
1,molla,BB|false,1
1,mu'amile,BF|false,2
1,muhasire,BF|false,0
1,muma,BB|false,0
1,munazire,BF|false,0
1,muncha,BB|false,0
1,muqawa,BB|false,1
1,muqeddime,FF|false,2
1,murda,BB|false,2
1,musape,BF|false,2
1,musha'ire,BF|false,2
1,méhmanxana,BB|true,2
1,mélodiye,BF|false,1
1,müre,FF|false,2
1,nahiye,BF|true,0
1,nale,BF|true,1
1,namayende,FF|true,1
1,nashta,BB|true,2
1,natura,BB|false,2
1,nawayxana,BB|true,0
1,naxsha,BB|true,0
1,nere,FF|true,2
1,nerse,FF|true,1
1,nesebname,BF|true,1
1,neshe,FF|true,1
1,newre,FF|true,2
1,neyze,FF|true,2
1,nezeriye,FF|true,0
1,nezme,FF|true,2
1,nizamname,BF|true,0
1,nota,BB|false,2
1,noxta,BB|false,1
1,olja,BB|false,1
1,opéra,BB|false,1
1,opératsiye,BF|false,1
1,orbita,BB|false,2
1,orma,BB|false,1
1,ottura,BB|false,1
1,oyma,BB|false,0
1,oyunxana,BB|false,0
1,pahishe,BF|true,1
1,pahishixana,BB|true,2
1,palata,BB|true,1
1,palla,BB|true,2
1,palta,BB|true,1
1,parische,BF|true,2
1,parsche,BF|true,0
1,parta,BB|true,0
1,pasha,BB|true,1
1,pasxa,BB|true,0
1,paxta,BB|true,0
1,payda,BB|true,1
1,pelle,FF|true,0
1,pelsepe,FF|true,1
1,penje,FF|true,1
1,pete,FF|true,0
1,peyshenbe,FF|true,0
1,piramida,BB|true,0
1,pirogramma,BB|false,0
1,piyale,BF|true,1
1,pochta,BB|false,0
1,pochtixana,BB|false,2
1,pota,BB|false,2
1,potla,BB|false,0
1,pozitsiye,BF|false,2
1,programma,BB|false,0
1,proza,BB|false,2
1,péshane,BF|true,0
1,qa'ide,BF|true,0
1,qacha,BB|true,2
1,qapiye,BF|true,1
1,qarawulxana,BB|false,0
1,qassapxana,BB|true,0
1,qawaqxana,BB|true,1
1,qaycha,BB|true,0
1,qaza,BB|true,0
1,qazanxana,BB|true,0
1,qebile,FF|true,1
1,qebre,FF|true,0
1,qehwexana,BB|true,2
1,qeside,FF|true,0
1,qetre,FF|true,0
1,qobulxana,BB|false,1
1,qomanda,BB|false,0
1,qoyma,BB|false,2
1,qoza,BB|false,1
1,quda,BB|false,1
1,qure,BF|false,1
1,qurulma,BB|false,2
1,resetxana,BB|true,2
1,reste,FF|true,1
1,risale,BF|true,2
1,rota,BB|false,0
1,ruda,BB|false,2
1,sahabe,BF|true,0
1,sahibxana,BB|true,1
1,sala,BB|true,2
1,samanxana,BB|true,0
1,sanatoriye,BF|false,0
1,sapa,BB|true,1
1,saqchixana,BB|true,2
1,sarasime,BF|true,2
1,saye,BF|true,2
1,saza,BB|true,1
1,sazende,FF|true,1
1,sehipe,FF|true,2
1,sehra,FB|true,1
1,sejde,FF|true,0
1,sepsete,FF|true,0
1,serkerde,FF|true,1
1,serlewhe,FF|true,0
1,sewda,FB|true,1
1,seyshenbe,FF|true,2
1,shala,BB|true,0
1,sharche,BF|true,0
1,sharqiratma,BB|true,1
1,shemsiye,FF|true,2
1,shertname,BF|true,1
1,shipaxana,BB|true,0
1,shorpa,BB|false,0
1,shota,BB|false,2
1,shoyna,BB|false,1
1,shöbe,FF|false,1
1,shübhe,FF|false,1
1,sofa,BB|false,1
1,solaqxana,BB|false,0
1,sotxana,BB|false,1
1,studiye,BF|false,0
1,sulale,BF|false,1
1,supa,BB|false,1
1,sélishturma,BB|false,0
1,sénariye,BF|true,0
1,sümbe,FF|false,2
1,ta'ala,BB|true,2
1,ta'ipe,BF|true,1
1,tamasha,BB|true,0
1,tamuzhna,BB|false,1
1,tana,BB|true,0
1,tansa,BB|true,2
1,tapa,BB|true,0
1,taraza,BB|true,2
1,tartma,BB|true,2
1,tasma,BB|true,0
1,tatarche,BF|true,2
1,tawa,BB|true,1
1,taxta,BB|true,1
1,tebrikname,BF|true,1
1,tejiribe,FF|true,1
1,tejribe,FF|true,1
1,teklipname,BF|true,1
1,tene,FF|true,0
1,tenglime,FF|true,1
1,tengne,FF|true,1
1,tentene,FF|true,0
1,tenterbiye,FF|true,0
1,teqdirname,BF|true,2
1,terbiye,FF|true,2
1,terjime,FF|true,1
1,teslimname,BF|true,1
1,tewbe,FF|true,0
1,tewe,FF|true,1
1,tewsiye,FF|true,0
1,texse,FF|true,1
1,tiyatirxana,BB|true,0
1,tonna,BB|false,0
1,toqulma,BB|false,2
1,toxtamname,BF|false,2
1,télégramma,BB|true,0
1,témpératura,BB|false,2
1,téritoriye,BF|false,1
1,töhpe,FF|false,1
1,törelme,FF|false,2
1,türme,FF|false,0
1,tüzülme,FF|false,2
1,ustira,BB|false,2
1,ustixana,BB|false,2
1,uyghurche,BF|false,0
1,uyushma,BB|false,1
1,wakaletxana,BB|true,2
1,wanna,BB|true,1
1,wasite,BF|true,2
1,waza,BB|true,0
1,wede,FF|true,0
1,weswese,FF|true,2
1,wezipe,FF|true,1
1,wizantiye,BF|true,0
1,xala,BB|true,0
1,xalta,BB|true,2
1,xarabe,BF|true,1
1,xelipe,FF|true,1
1,xende,FF|true,1
1,xensuche,BF|false,2
1,xenzuche,BF|false,0
1,xese,FF|true,0
1,xetme,FF|true,0
1,xetne,FF|true,2
1,xezine,FF|true,2
1,xoncha,BB|false,2
1,xorma,BB|false,1
1,xromosoma,BB|false,2
1,xuda,BB|false,1
1,xulase,BF|false,0
1,xutbe,BF|false,1
1,yadname,BF|true,2
1,yala,BB|true,0
1,yataqxana,BB|true,2
1,yazma,BB|true,0
1,yekshenbe,FF|true,2
1,yunanche,BF|false,1
1,zona,BB|false,2
1,énsiklopédiye,BF|false,1
1,ölima,FB|false,1
1,üjme,FF|false,1
1,üsküne,FF|false,2
1,üstqurulma,BB|false,2
2,a'ile,BF|true,1
2,aghriqxana,BB|true,2
2,aha,BB|true,1
2,ahale,BF|true,1
2,akadémiye,BF|true,2
2,alla,BB|true,1
2,alma,BB|true,0
2,amma,BB|true,0
2,ana,BB|true,0
2,antanta,BB|true,0
2,aptonomiye,BF|false,0
2,ara,BB|true,2
2,arghamcha,BB|true,0
2,ashxana,BB|true,1
2,aspirantura,BB|false,0
2,assimilyatsiye,BF|true,0
2,astronomiye,BF|false,2
2,ata,BB|true,2
2,atmosféra,BB|false,2
2,bade,BF|true,0
2,baha,BB|true,0
2,bahane,BF|true,1
2,bajxana,BB|true,2
2,bala,BB|true,2
2,bashla,BB|true,1
2,basmixana,BB|true,0
2,bataréya,BB|true,0
2,bayanname,BF|true,1
2,baywechche,FF|true,1
2,baza,BB|true,1
2,belche,FF|true,2
2,birleshme,FF|true,1
2,bola,BB|false,2
2,bolghuche,BF|false,1
2,bomba,BB|false,0
2,bronza,BB|false,1
2,budda,BB|false,2
2,böre,FF|false,1
2,bügünche,FF|false,0
2,chana,BB|true,1
2,charshenbe,FF|true,0
2,charwa,BB|true,2
2,chaza,BB|true,0
2,chelle,FF|true,1
2,chewre,FF|true,0
2,chümüle,FF|false,2
2,chüshenche,FF|false,0
2,da'ire,BF|true,2
2,dacha,BB|true,2
2,daire,BF|true,2
2,dala,BB|true,1
2,damolla,BB|false,0
2,debdebe,FF|true,1
2,depne,FF|true,2
2,dersxana,BB|true,2
2,derwaza,BB|true,0
2,derya,FB|true,2
2,desmaye,BF|true,0
2,dewa,FB|true,2
2,diploma,BB|false,1
2,dorixana,BB|false,1
2,doxturxana,BB|false,0
2,doza,BB|false,1
2,du'a,BB|false,1
2,duniya,BB|false,0
2,dunya,BB|false,1
2,démokratiye,BF|false,0
2,düshenbe,FF|false,0
2,edliye,FF|true,1
2,ehdiname,BF|true,2
2,ela,FB|true,1
2,elchixana,BB|true,1
2,en'ene,FF|true,0
2,endishe,FF|true,1
2,epsane,BF|true,2
2,erebche,FF|true,2
2,eslihe,FF|true,0
2,eslime,FF|true,0
2,esra,FB|true,0
2,ete,FF|true,1
2,exletxana,BB|true,1
2,eyibname,BF|true,1
2,eza,FB|true,0
2,figura,BB|false,0
2,forma,BB|false,2
2,formula,BB|false,0
2,fédératsiye,BF|true,0
2,gazarma,BB|true,2
2,geme,FF|true,0
2,gende,FF|true,0
2,ghalcha,BB|true,2
2,ghaye,BF|true,2
2,ghelbe,FF|true,1
2,ghelibe,FF|true,1
2,ghora,BB|false,0
2,ghulghula,BB|false,1
2,ghulja,BB|false,1
2,gundixana,BB|false,0
2,guruppa,BB|false,1
2,guwahname,BF|false,0
2,gézitxana,BB|true,0
2,güldürme,FF|false,1
2,gülxana,BB|false,0
2,hadise,BF|true,0
2,hajetxana,BB|true,2
2,hamile,BF|true,1
2,harwa,BB|true,1
2,hasa,BB|true,2
2,hawale,BF|true,2
2,hediye,FF|true,2
2,hemshire,FF|true,2
2,hemze,FF|true,0
2,hepte,FF|true,2
2,here,FF|true,2
2,hesse,FF|true,2
2,heywe,FF|true,0
2,hikaye,BF|true,0
2,himaye,BF|true,2
2,hoyla,BB|false,2
2,hékaye,BF|true,2
2,hüjeyre,FF|false,2
2,i'ane,BF|true,2
2,ibadetxana,BB|true,1
2,ibare,BF|true,1
2,idare,BF|true,2
2,ijare,BF|true,0
2,ijazetname,BF|true,0
2,ilawe,BF|true,2
2,ipade,BF|true,1
2,iskenje,FF|true,0
2,ispatname,BF|true,0
2,istansa,BB|true,1
2,jakarname,BF|true,1
2,jame,BF|true,1
2,jangza,BB|true,2
2,jaza,BB|true,0
2,jerimane,BF|true,0
2,jezire,FF|true,2
2,jughlanma,BB|false,1
2,jughrapiye,BF|false,1
2,juwawa,BB|false,0
2,kafédra,BB|true,1
2,kala,BB|true,1
2,kalla,BB|true,1
2,kaloriye,BF|false,1
2,kana,BB|true,0
2,kapaletname,BF|true,2
2,karta,BB|true,2
2,karxana,BB|true,1
2,kashila,BB|true,1
2,kassa,BB|true,1
2,katégoriye,BF|false,0
2,kawapxana,BB|true,0
2,kepe,FF|true,0
2,kinaye,BF|true,1
2,kinoxana,BB|false,1
2,kitabxana,BB|true,1
2,kommuna,BB|false,0
2,kompaniye,BF|false,1
2,komédiye,BF|false,2
2,konsulxana,BB|false,2
2,kopiye,BF|false,2
2,koza,BB|false,0
2,kutupxana,BB|false,1
2,kélishimname,BF|true,0
2,kömürxana,BB|false,2
2,körgezme,FF|false,2
2,körgezmixana,BB|false,1
2,körsetme,FF|false,1
2,kötüre,FF|false,2
2,küshende,FF|false,0
2,kütüpxana,BB|false,0
2,laboratoriye,BF|false,0
2,lale,BF|true,0
2,lama,BB|true,0
2,lata,BB|true,0
2,lawa,BB|true,0
2,layihe,BF|true,2
2,laza,BB|true,1
2,lehze,FF|true,1
2,lexme,FF|true,1
2,maliye,BF|true,0
2,manta,BB|true,2
2,maqale,BF|true,2
2,mashina,BB|true,1
2,mashna,BB|true,0
2,massa,BB|true,2
2,maysa,BB|true,0
2,medhiye,FF|true,1
2,mehelle,FF|true,0
2,mejlisxana,BB|true,1
2,mejmu'e,BF|false,2
2,menbe,FF|true,2
2,mepkure,BF|false,2
2,meqbere,FF|true,2
2,mersiye,FF|true,0
2,mertiwe,FF|true,2
2,mesle,FF|true,1
2,meyxana,BB|true,0
2,miniatyura,BB|false,0
2,molla,BB|false,0
2,mora,BB|false,2
2,mu'essese,FF|false,1
2,mudaxile,BF|false,2
2,muhasire,BF|false,0
2,mulahize,BF|false,0
2,muma,BB|false,2
2,munazire,BF|false,1
2,muncha,BB|false,1
2,muqawa,BB|false,1
2,mélodiye,BF|false,1
2,möjize,FF|false,0
2,nahiye,BF|true,1
2,nale,BF|true,1
2,namayende,FF|true,1
2,natura,BB|false,2
2,nawayxana,BB|true,1
2,naxsha,BB|true,2
2,nesebname,BF|true,1
2,neshe,FF|true,0
2,netije,FF|true,1
2,newre,FF|true,1
2,nezme,FF|true,1
2,nota,BB|false,1
2,noxta,BB|false,2
2,orbita,BB|false,2
2,orda,BB|false,0
2,orma,BB|false,0
2,otunxana,BB|false,0
2,oyma,BB|false,1
2,pada,BB|true,1
2,pahishixana,BB|true,1
2,palata,BB|true,0
2,palla,BB|true,2
2,palta,BB|true,0
2,pana,BB|true,2
2,parische,BF|true,0
2,parsche,BF|true,1
2,parta,BB|true,1
2,partiye,BF|true,1
2,pasha,BB|true,1
2,pasxa,BB|true,1
2,payda,BB|true,0
2,pede,FF|true,2
2,pelle,FF|true,2
2,pelsepe,FF|true,2
2,penje,FF|true,2
2,perde,FF|true,2
2,perishte,FF|true,2
2,perwane,BF|true,2
2,pete,FF|true,0
2,petiwa,FB|true,0
2,peyshenbe,FF|true,2
2,piroza,BB|false,1
2,pochta,BB|false,0
2,pochtixana,BB|false,2
2,potla,BB|false,2
2,pozitsiye,BF|false,0
2,programma,BB|false,1
2,proza,BB|false,2
2,qa'ide,BF|true,2
2,qacha,BB|true,0
2,qamaqxana,BB|true,2
2,qamcha,BB|true,2
2,qapiye,BF|true,0
2,qarawulxana,BB|false,1
2,qasha,BB|true,1
2,qassapxana,BB|true,0
2,qawaqxana,BB|true,2
2,qaza,BB|true,1
2,qazanxana,BB|true,0
2,qebile,FF|true,0
2,qebre,FF|true,2
2,qehwexana,BB|true,2
2,qetre,FF|true,2
2,qimarxana,BB|true,0
2,qobulxana,BB|false,2
2,qomanda,BB|false,0
2,qorma,BB|false,1
2,qoza,BB|false,2
2,quda,BB|false,2
2,qure,BF|false,0
2,qurulma,BB|false,2
2,qushxana,BB|false,0
2,risale,BF|true,2
2,rota,BB|false,1
2,ruda,BB|false,2
2,rémontxana,BB|false,2
2,sada,BB|true,2
2,sahabe,BF|true,1
2,sahe,BF|true,0
2,sahibxana,BB|true,0
2,samanxana,BB|true,2
2,samsixana,BB|true,1
2,sapa,BB|true,0
2,saqchixana,BB|true,0
2,sarasime,BF|true,2
2,satira,BB|true,2
2,satirashxana,BB|true,0
2,saye,BF|true,2
2,saza,BB|true,2
2,sazende,FF|true,1
2,sehipe,FF|true,0
2,sehiye,FF|true,1
2,sehne,FF|true,0
2,sehra,FB|true,1
2,sejde,FF|true,0
2,sepsete,FF|true,1
2,serkerde,FF|true,0
2,serlewhe,FF|true,0
2,sewiye,FF|true,0
2,sewze,FF|true,1
2,seyle,FF|true,0
2,seyshenbe,FF|true,0
2,shala,BB|true,2
2,sharche,BF|true,2
2,sharqiratma,BB|true,2
2,shemsiye,FF|true,1
2,shenbe,FF|true,2
2,shepe,FF|true,1
2,shertname,BF|true,1
2,shikayetname,BF|true,0
2,shilepe,FF|true,2
2,shipaxana,BB|true,1
2,shiraza,BB|true,2
2,shorpa,BB|false,0
2,shota,BB|false,2
2,shoyna,BB|false,2
2,shöbe,FF|false,2
2,shübhe,FF|false,2
2,simfoniye,BF|false,1
2,sofa,BB|false,0
2,solaqxana,BB|false,2
2,soraqxana,BB|false,2
2,studiye,BF|false,1
2,sulale,BF|false,1
2,supa,BB|false,0
2,sélishturma,BB|false,0
2,sürüshte,FF|false,2
2,ta'ala,BB|true,0
2,ta'ipe,BF|true,0
2,tamaqxana,BB|true,1
2,tamozhna,BB|false,0
2,tamuzhna,BB|false,1
2,tana,BB|true,2
2,tapa,BB|true,0
2,taraza,BB|true,2
2,tartma,BB|true,0
2,tasma,BB|true,0
2,tatarche,BF|true,0
2,tawa,BB|true,2
2,tebrikname,BF|true,0
2,tejiribe,FF|true,1
2,tejribe,FF|true,2
2,tejribixana,BB|true,1
2,telepname,BF|true,1
2,tene,FF|true,1
2,tengne,FF|true,2
2,tentene,FF|true,0
2,tenterbiye,FF|true,0
2,tewbe,FF|true,1
2,tewe,FF|true,1
2,tewsiye,FF|true,2
2,texse,FF|true,0
2,tiyatirxana,BB|true,0
2,tonna,BB|false,1
2,torxana,BB|false,0
2,toxtamname,BF|false,2
2,turuba,BB|false,2
2,télégramma,BB|true,1
2,témpératura,BB|false,2
2,térritoriye,BF|false,2
2,töhmetname,BF|false,0
2,töhpe,FF|false,1
2,törelme,FF|false,1
2,türme,FF|false,0
2,tüzülme,FF|false,0
2,usta,BB|false,1
2,uwa,BB|false,1
2,uyghurche,BF|false,2
2,uyushma,BB|false,1
2,wakaletxana,BB|true,2
2,wasite,BF|true,0
2,waste,BF|true,1
2,waza,BB|true,0
2,wede,FF|true,2
2,weswese,FF|true,0
2,wezipe,FF|true,2
2,wizantiye,BF|true,2
2,xalta,BB|true,1
2,xarabe,BF|true,0
2,xelipe,FF|true,1
2,xende,FF|true,0
2,xensuche,BF|false,2
2,xenzuche,BF|false,1
2,xerite,FF|true,1
2,xese,FF|true,0
2,xetme,FF|true,1
2,xetne,FF|true,2
2,xezine,FF|true,2
2,xitayche,BF|true,0
2,xoncha,BB|false,2
2,xuda,BB|false,0
2,xulase,BF|false,1
2,xutbe,BF|false,2
2,yadname,BF|true,1
2,yala,BB|true,2
2,yara,BB|true,1
2,yataqxana,BB|true,2
2,yazma,BB|true,2
2,yekshenbe,FF|true,2
2,yilname,BF|true,1
2,yollanma,BB|false,1
2,zona,BB|false,1
2,énsiklopédiye,BF|false,0
2,ölima,FB|false,2
2,özre,FF|false,1
2,üjme,FF|false,2
2,üstqurulma,BB|false,2
3,abide,BF|true,2
3,aghriqxana,BB|true,1
3,ahale,BF|true,1
3,akadémiye,BF|true,2
3,alicha,BB|true,2
3,alla,BB|true,0
3,alma,BB|true,1
3,ana,BB|true,2
3,aptonomiye,BF|false,0
3,ara,BB|true,2
3,archa,BB|true,1
3,arghamcha,BB|true,0
3,ariye,BF|true,1
3,armiye,BF|true,1
3,ashxana,BB|true,0
3,aspirantura,BB|false,0
3,assimilyatsiye,BF|true,1
3,astane,BF|true,0
3,astronomiye,BF|false,2
3,ata,BB|true,2
3,atmosféra,BB|false,2
3,aza,BB|true,0
3,bahane,BF|true,2
3,bajxana,BB|true,1
3,bala,BB|true,2
3,bara,BB|true,2
3,bashla,BB|true,2
3,bashqarma,BB|true,1
3,bataréya,BB|true,0
3,bayanname,BF|true,2
3,baza,BB|true,1
3,belche,FF|true,0
3,bolghuche,BF|false,1
3,bomba,BB|false,1
3,bronza,BB|false,1
3,bölme,FF|false,1
3,bügünche,FF|false,1
3,chama,BB|true,1
3,chana,BB|true,2
3,changchile,BF|true,0
3,charwa,BB|true,0
3,chasa,BB|true,1
3,chaza,BB|true,1
3,chewre,FF|true,2
3,chola,BB|false,0
3,chümüle,FF|false,2
3,da'ire,BF|true,1
3,dacha,BB|true,0
3,dada,BB|true,0
3,dalda,BB|true,2
3,damolla,BB|false,0
3,dara,BB|true,0
3,depne,FF|true,2
3,derije,FF|true,2
3,dersxana,BB|true,2
3,derwaza,BB|true,2
3,derya,FB|true,0
3,dewa,FB|true,0
3,diploma,BB|false,1
3,diplomatiye,BF|false,2
3,doppa,BB|false,1
3,dorixana,BB|false,0
3,doxturxana,BB|false,1
3,doza,BB|false,2
3,du'a,BB|false,1
3,duniya,BB|false,1
3,dunya,BB|false,2
3,démokratiye,BF|false,1
3,düshenbe,FF|false,1
3,ediliye,FF|true,2
3,edliye,FF|true,2
3,ela,FB|true,2
3,elchixana,BB|true,0
3,endishe,FF|true,1
3,endize,FF|true,2
3,epsane,BF|true,1
3,erebche,FF|true,0
3,esletme,FF|true,0
3,eslihe,FF|true,2
3,eslime,FF|true,1
3,esna,FB|true,1
3,esra,FB|true,1
3,ete,FF|true,1
3,exletxana,BB|true,1
3,eyibname,BF|true,1
3,famile,BF|true,0
3,forma,BB|false,1
3,gazarma,BB|true,0
3,gende,FF|true,0
3,gewde,FF|true,2
3,ghaye,BF|true,1
3,ghelbe,FF|true,2
3,ghelibe,FF|true,2
3,ghora,BB|false,2
3,ghulghula,BB|false,0
3,ghulja,BB|false,2
3,gimnaziye,BF|true,0
3,gundixana,BB|false,0
3,guruppa,BB|false,1
3,gézitxana,BB|true,2
3,güldürmama,BB|false,0
3,güldürme,FF|false,1
3,gülxana,BB|false,1
3,hadise,BF|true,2
3,hajetxana,BB|true,1
3,hamile,BF|true,1
3,harwa,BB|true,1
3,hasa,BB|true,2
3,hawa,BB|true,2
3,hediye,FF|true,1
3,hemshire,FF|true,1
3,hepse,FF|true,0
3,hepte,FF|true,1
3,here,FF|true,0
3,hesse,FF|true,1
3,heywe,FF|true,1
3,hikaye,BF|true,1
3,himaye,BF|true,0
3,hoyla,BB|false,2
3,hujra,BB|false,2
3,hékaye,BF|true,0
3,hüjeyre,FF|false,1
3,i'ane,BF|true,2
3,ibadetxana,BB|true,2
3,ibare,BF|true,0
3,idare,BF|true,0
3,ijazetname,BF|true,1
3,ilawe,BF|true,0
3,ipade,BF|true,2
3,irade,BF|true,0
3,ishxana,BB|true,2
3,iskenje,FF|true,0
3,ispatname,BF|true,2
3,istansa,BB|true,2
3,jakarname,BF|true,1
3,jame,BF|true,0
3,jangza,BB|true,0
3,jaza,BB|true,0
3,jerimane,BF|true,1
3,jezire,FF|true,1
3,joghrapiye,BF|false,0
3,joza,BB|false,0
3,jughlanma,BB|false,2
3,jughrapiye,BF|false,0
3,juwawa,BB|false,0
3,kafédra,BB|true,0
3,kala,BB|true,0
3,kalla,BB|true,0
3,kaloriye,BF|false,2
3,kapaletname,BF|true,0
3,karta,BB|true,0
3,karxana,BB|true,2
3,kasa,BB|true,0
3,kawa,BB|true,1
3,kawapxana,BB|true,0
3,kelime,FF|true,1
3,kepe,FF|true,0
3,kepterxana,BB|true,1
3,kinaye,BF|true,1
3,kitabche,BF|true,2
3,kocha,BB|false,1
3,komanda,BB|false,2
3,kommuna,BB|false,2
3,kompaniye,BF|false,2
3,komédiye,BF|false,1
3,konsulxana,BB|false,1
3,kula,BB|false,1
3,kélishimname,BF|true,2
3,kömürxana,BB|false,2
3,körgezmixana,BB|false,2
3,körsetme,FF|false,2
3,küshende,FF|false,0
3,kütüpxana,BB|false,1
3,laboratoriye,BF|false,2
3,lale,BF|true,0
3,laza,BB|true,1
3,lehze,FF|true,1
3,lerze,FF|true,2
3,lexme,FF|true,0
3,madda,BB|true,0
3,maliye,BF|true,0
3,manta,BB|true,0
3,maqale,BF|true,2
3,mashina,BB|true,2
3,mashna,BB|true,1
3,massa,BB|true,0
3,maysa,BB|true,1
3,medrise,FF|true,1
3,mehelle,FF|true,0
3,mejlisxana,BB|true,1
3,mejmu'e,BF|false,0
3,menbe,FF|true,2
3,mepkure,BF|false,0
3,meqbere,FF|true,0
3,mersiye,FF|true,0
3,mertiwe,FF|true,1
3,mese,FF|true,2
3,mesle,FF|true,0
3,mesxire,FF|true,0
3,metbe'e,FF|true,0
3,meyde,FF|true,2
3,meyxana,BB|true,2
3,molla,BB|false,2
3,mora,BB|false,0
3,mu'amile,BF|false,1
3,mu'essese,FF|false,0
3,mudaxile,BF|false,0
3,muhasire,BF|false,0
3,mulahize,BF|false,0
3,muma,BB|false,1
3,muncha,BB|false,0
3,muqeddime,FF|false,2
3,murda,BB|false,2
3,musape,BF|false,1
3,musha'ire,BF|false,2
3,méhmanxana,BB|true,0
3,mélodiye,BF|false,2
3,möjize,FF|false,2
3,müre,FF|false,0
3,nale,BF|true,0
3,namayende,FF|true,1
3,nashta,BB|true,2
3,natura,BB|false,1
3,naxsha,BB|true,1
3,nere,FF|true,0
3,nerse,FF|true,2
3,nesebname,BF|true,2
3,neshe,FF|true,0
3,netije,FF|true,1
3,neyze,FF|true,0
3,nezeriye,FF|true,0
3,nizamname,BF|true,1
3,nota,BB|false,0
3,noxta,BB|false,1
3,olja,BB|false,2
3,opéra,BB|false,0
3,opératsiye,BF|false,1
3,orbita,BB|false,1
3,orda,BB|false,2
3,orma,BB|false,1
3,ottura,BB|false,0
3,otunxana,BB|false,2
3,oyma,BB|false,0
3,oyunxana,BB|false,0
3,pada,BB|true,2
3,pahishe,BF|true,2
3,pahishixana,BB|true,1
3,palla,BB|true,2
3,pana,BB|true,2
3,parische,BF|true,2
3,parsche,BF|true,0
3,parta,BB|true,1
3,partiye,BF|true,1
3,pasxa,BB|true,2
3,paxta,BB|true,1
3,payda,BB|true,2
3,pede,FF|true,1
3,pelsepe,FF|true,1
3,penje,FF|true,1
3,perde,FF|true,0
3,perishte,FF|true,1
3,perwane,BF|true,1
3,petiwa,FB|true,2
3,piramida,BB|true,1
3,pirogramma,BB|false,0
3,piroza,BB|false,0
3,piyale,BF|true,1
3,pochta,BB|false,2
3,pota,BB|false,1
3,potla,BB|false,1
3,pozitsiye,BF|false,1
3,péshane,BF|true,2
3,qa'ide,BF|true,2
3,qacha,BB|true,1
3,qamaqxana,BB|true,0
3,qamcha,BB|true,1
3,qapiye,BF|true,1
3,qarawulxana,BB|false,1
3,qasha,BB|true,2
3,qassapxana,BB|true,0
3,qawaqxana,BB|true,1
3,qaycha,BB|true,0
3,qaza,BB|true,2
3,qazanxana,BB|true,2
3,qebile,FF|true,2
3,qebre,FF|true,2
3,qehwexana,BB|true,0
3,qeside,FF|true,1
3,qetre,FF|true,0
3,qimarxana,BB|true,1
3,qomanda,BB|false,0
3,qorma,BB|false,0
3,qoyma,BB|false,0
3,qure,BF|false,0
3,qurulma,BB|false,2
3,qushxana,BB|false,0
3,resetxana,BB|true,1
3,reste,FF|true,2
3,rota,BB|false,2
3,rémontxana,BB|false,2
3,sada,BB|true,1
3,sahabe,BF|true,0
3,sahe,BF|true,2
3,sala,BB|true,1
3,samsixana,BB|true,0
3,sanatoriye,BF|false,2
3,sapa,BB|true,2
3,saqchixana,BB|true,0
3,sarasime,BF|true,0
3,satira,BB|true,1
3,satirashxana,BB|true,1
3,saye,BF|true,1
3,sehipe,FF|true,0
3,sehiye,FF|true,0
3,sehne,FF|true,1
3,sehra,FB|true,1
3,sejde,FF|true,0
3,serkerde,FF|true,2
3,serlewhe,FF|true,2
3,sewda,FB|true,2
3,sewiye,FF|true,0
3,sewze,FF|true,0
3,seyle,FF|true,2
3,seyshenbe,FF|true,0
3,shala,BB|true,2
3,sharche,BF|true,0
3,sharqiratma,BB|true,2
3,shemsiye,FF|true,1
3,shenbe,FF|true,2
3,shepe,FF|true,1
3,shertname,BF|true,0
3,shikayetname,BF|true,2
3,shilepe,FF|true,0
3,shiraza,BB|true,0
3,shorpa,BB|false,1
3,shota,BB|false,2
3,shoyna,BB|false,0
3,shübhe,FF|false,0
3,simfoniye,BF|false,2
3,sofa,BB|false,0
3,soraqxana,BB|false,2
3,sotxana,BB|false,1
3,studiye,BF|false,0
3,sulale,BF|false,1
3,sénariye,BF|true,2
3,sümbe,FF|false,1
3,sürüshte,FF|false,2
3,ta'ala,BB|true,1
3,tamaqxana,BB|true,0
3,tamasha,BB|true,1
3,tamozhna,BB|false,2
3,tamuzhna,BB|false,2
3,tana,BB|true,0
3,tansa,BB|true,0
3,tasma,BB|true,0
3,taxta,BB|true,2
3,tejiribe,FF|true,1
3,tejribe,FF|true,2
3,tejribixana,BB|true,2
3,teklipname,BF|true,2
3,telepname,BF|true,2
3,tenglime,FF|true,1
3,tengne,FF|true,2
3,teqdirname,BF|true,0
3,terbiye,FF|true,0
3,terjime,FF|true,1
3,teslimname,BF|true,2
3,tewbe,FF|true,1
3,tewe,FF|true,1
3,texse,FF|true,2
3,tiyatirxana,BB|true,0
3,tonna,BB|false,0
3,toqulma,BB|false,2
3,torxana,BB|false,0
3,turuba,BB|false,2
3,télégramma,BB|true,2
3,témpératura,BB|false,1
3,téritoriye,BF|false,1
3,térritoriye,BF|false,2
3,töhmetname,BF|false,2
3,törelme,FF|false,2
3,türme,FF|false,1
3,tüzülme,FF|false,0
3,usta,BB|false,1
3,ustira,BB|false,1
3,ustixana,BB|false,0
3,uwa,BB|false,2
3,uyghurche,BF|false,1
3,uyushma,BB|false,2
3,wakaletxana,BB|true,0
3,wanna,BB|true,1
3,wasite,BF|true,0
3,waste,BF|true,1
3,waza,BB|true,1
3,wede,FF|true,1
3,weswese,FF|true,2
3,wezipe,FF|true,2
3,xala,BB|true,1
3,xalta,BB|true,2
3,xarabe,BF|true,0
3,xelipe,FF|true,1
3,xenzuche,BF|false,0
3,xerite,FF|true,0
3,xese,FF|true,2
3,xetne,FF|true,2
3,xezine,FF|true,2
3,xitayche,BF|true,1
3,xoncha,BB|false,0
3,xorma,BB|false,2
3,xromosoma,BB|false,1
3,xutbe,BF|false,1
3,yala,BB|true,1
3,yara,BB|true,2
3,yazma,BB|true,0
3,yilname,BF|true,2
3,yollanma,BB|false,1
3,yunanche,BF|false,0
3,zona,BB|false,0
3,ölima,FB|false,2
3,özre,FF|false,0
3,üjme,FF|false,2
3,üsküne,FF|false,0
4,a'ile,BF|true,0
4,abide,BF|true,0
4,aha,BB|true,2
4,akadémiye,BF|true,0
4,alicha,BB|true,2
4,alla,BB|true,0
4,amma,BB|true,1
4,antanta,BB|true,0
4,aptonomiye,BF|false,0
4,ara,BB|true,1
4,archa,BB|true,0
4,arghamcha,BB|true,0
4,ariye,BF|true,2
4,armiye,BF|true,2
4,ashxana,BB|true,0
4,aspirantura,BB|false,1
4,assimilyatsiye,BF|true,0
4,astane,BF|true,0
4,astronomiye,BF|false,2
4,ata,BB|true,1
4,atmosféra,BB|false,0
4,aza,BB|true,1
4,bade,BF|true,2
4,baha,BB|true,1
4,bala,BB|true,1
4,bara,BB|true,2
4,bashla,BB|true,2
4,bashqarma,BB|true,2
4,basmixana,BB|true,2
4,bayanname,BF|true,2
4,baywechche,FF|true,0
4,baza,BB|true,1
4,belche,FF|true,2
4,birleshme,FF|true,2
4,bola,BB|false,0
4,bolghuche,BF|false,1
4,bronza,BB|false,1
4,budda,BB|false,2
4,bölme,FF|false,0
4,böre,FF|false,2
4,bügünche,FF|false,2
4,chama,BB|true,1
4,changchile,BF|true,0
4,charshenbe,FF|true,2
4,chasa,BB|true,1
4,chaza,BB|true,2
4,chelle,FF|true,0
4,chewre,FF|true,1
4,chola,BB|false,0
4,chümüle,FF|false,0
4,chüshenche,FF|false,1
4,da'ire,BF|true,0
4,dacha,BB|true,2
4,dada,BB|true,2
4,daire,BF|true,1
4,dala,BB|true,1
4,dalda,BB|true,1
4,damolla,BB|false,0
4,dara,BB|true,1
4,debdebe,FF|true,1
4,depne,FF|true,2
4,derije,FF|true,0
4,dersxana,BB|true,0
4,derwaza,BB|true,0
4,desmaye,BF|true,1
4,dewa,FB|true,0
4,diplomatiye,BF|false,1
4,doppa,BB|false,0
4,dorixana,BB|false,0
4,doxturxana,BB|false,1
4,du'a,BB|false,1
4,dunya,BB|false,2
4,ediliye,FF|true,0
4,ehdiname,BF|true,2
4,elchixana,BB|true,1
4,en'ene,FF|true,0
4,endishe,FF|true,2
4,endize,FF|true,0
4,epsane,BF|true,1
4,esletme,FF|true,2
4,eslihe,FF|true,1
4,eslime,FF|true,1
4,esna,FB|true,2
4,esra,FB|true,2
4,exletxana,BB|true,1
4,eza,FB|true,1
4,famile,BF|true,0
4,figura,BB|false,0
4,formula,BB|false,2
4,fédératsiye,BF|true,1
4,gazarma,BB|true,2
4,geme,FF|true,1
4,gende,FF|true,2
4,gewde,FF|true,0
4,ghalcha,BB|true,2
4,ghaye,BF|true,2
4,ghelibe,FF|true,0
4,ghulghula,BB|false,2
4,ghulja,BB|false,2
4,gimnaziye,BF|true,1
4,guruppa,BB|false,2
4,guwahname,BF|false,0
4,güldürmama,BB|false,0
4,güldürme,FF|false,0
4,hadise,BF|true,2
4,hajetxana,BB|true,2
4,hamile,BF|true,2
4,hawa,BB|true,1
4,hawale,BF|true,0
4,hediye,FF|true,0
4,hemshire,FF|true,0
4,hemze,FF|true,1
4,hepse,FF|true,1
4,hepte,FF|true,1
4,hesse,FF|true,2
4,hujra,BB|false,0
4,i'ane,BF|true,2
4,ibadetxana,BB|true,0
4,ibare,BF|true,2
4,idare,BF|true,2
4,ijare,BF|true,0
4,ijazetname,BF|true,0
4,ilawe,BF|true,2
4,irade,BF|true,0
4,ishxana,BB|true,0
4,iskenje,FF|true,2
4,ispatname,BF|true,1
4,istansa,BB|true,1
4,jangza,BB|true,0
4,jaza,BB|true,0
4,jerimane,BF|true,0
4,jezire,FF|true,1
4,joghrapiye,BF|false,2
4,joza,BB|false,1
4,juwawa,BB|false,1
4,kala,BB|true,1
4,kalla,BB|true,2
4,kaloriye,BF|false,2
4,kana,BB|true,0
4,kapaletname,BF|true,0
4,karta,BB|true,0
4,karxana,BB|true,0
4,kasa,BB|true,0
4,kashila,BB|true,2
4,kassa,BB|true,0
4,katégoriye,BF|false,1
4,kawa,BB|true,1
4,kawapxana,BB|true,0
4,kelime,FF|true,0
4,kepe,FF|true,0
4,kepterxana,BB|true,2
4,kinaye,BF|true,1
4,kinoxana,BB|false,2
4,kitabche,BF|true,0
4,kitabxana,BB|true,1
4,kocha,BB|false,0
4,komanda,BB|false,2
4,kommuna,BB|false,1
4,kompaniye,BF|false,0
4,komédiye,BF|false,1
4,konsulxana,BB|false,1
4,kopiye,BF|false,1
4,koza,BB|false,0
4,kula,BB|false,2
4,kutupxana,BB|false,0
4,kélishimname,BF|true,0
4,körgezme,FF|false,1
4,körsetme,FF|false,1
4,kötüre,FF|false,2
4,küshende,FF|false,0
4,laboratoriye,BF|false,0
4,lale,BF|true,1
4,lama,BB|true,2
4,lata,BB|true,1
4,lawa,BB|true,1
4,layihe,BF|true,2
4,laza,BB|true,0
4,lehze,FF|true,1
4,lerze,FF|true,2
4,madda,BB|true,1
4,maliye,BF|true,0
4,mashina,BB|true,2
4,mashna,BB|true,0
4,massa,BB|true,2
4,medhiye,FF|true,0
4,medrise,FF|true,0
4,mehelle,FF|true,1
4,menbe,FF|true,2
4,mepkure,BF|false,2
4,mersiye,FF|true,1
4,mertiwe,FF|true,1
4,mese,FF|true,2
4,mesle,FF|true,0
4,mesxire,FF|true,1
4,metbe'e,FF|true,0
4,meyde,FF|true,0
4,miniatyura,BB|false,0
4,molla,BB|false,0
4,mora,BB|false,0
4,mu'amile,BF|false,2
4,mu'essese,FF|false,2
4,mudaxile,BF|false,2
4,muhasire,BF|false,0
4,mulahize,BF|false,0
4,muma,BB|false,1
4,munazire,BF|false,2
4,muncha,BB|false,2
4,muqawa,BB|false,2
4,muqeddime,FF|false,2
4,murda,BB|false,1
4,musape,BF|false,0
4,musha'ire,BF|false,2
4,méhmanxana,BB|true,2
4,möjize,FF|false,1
4,müre,FF|false,0
4,nahiye,BF|true,0
4,nale,BF|true,1
4,nashta,BB|true,1
4,natura,BB|false,1
4,nawayxana,BB|true,2
4,nere,FF|true,1
4,nerse,FF|true,2
4,nesebname,BF|true,2
4,netije,FF|true,2
4,newre,FF|true,2
4,neyze,FF|true,2
4,nezeriye,FF|true,0
4,nezme,FF|true,1
4,nizamname,BF|true,1
4,nota,BB|false,0
4,noxta,BB|false,1
4,olja,BB|false,0
4,opéra,BB|false,1
4,opératsiye,BF|false,2
4,orbita,BB|false,2
4,orda,BB|false,1
4,ottura,BB|false,2
4,otunxana,BB|false,2
4,oyma,BB|false,1
4,oyunxana,BB|false,2
4,pada,BB|true,0
4,pahishe,BF|true,2
4,palata,BB|true,1
4,palla,BB|true,0
4,palta,BB|true,1
4,pana,BB|true,2
4,parische,BF|true,1
4,parta,BB|true,2
4,partiye,BF|true,1
4,pasha,BB|true,0
4,paxta,BB|true,0
4,payda,BB|true,2
4,pede,FF|true,2
4,pelle,FF|true,1
4,pelsepe,FF|true,2
4,perde,FF|true,0
4,perishte,FF|true,0
4,perwane,BF|true,0
4,pete,FF|true,2
4,petiwa,FB|true,2
4,peyshenbe,FF|true,1
4,piramida,BB|true,0
4,pirogramma,BB|false,1
4,piroza,BB|false,2
4,piyale,BF|true,2
4,pochta,BB|false,2
4,pochtixana,BB|false,2
4,pota,BB|false,2
4,programma,BB|false,0
4,proza,BB|false,1
4,péshane,BF|true,1
4,qamaqxana,BB|true,0
4,qamcha,BB|true,1
4,qapiye,BF|true,1
4,qarawulxana,BB|false,1
4,qasha,BB|true,0
4,qassapxana,BB|true,1
4,qawaqxana,BB|true,0
4,qaycha,BB|true,2
4,qaza,BB|true,0
4,qazanxana,BB|true,0
4,qeside,FF|true,0
4,qetre,FF|true,2
4,qimarxana,BB|true,2
4,qobulxana,BB|false,2
4,qorma,BB|false,1
4,qoyma,BB|false,0
4,qoza,BB|false,2
4,quda,BB|false,0
4,qure,BF|false,1
4,qurulma,BB|false,2
4,qushxana,BB|false,1
4,resetxana,BB|true,0
4,reste,FF|true,1
4,risale,BF|true,1
4,ruda,BB|false,0
4,rémontxana,BB|false,2
4,sada,BB|true,0
4,sahe,BF|true,1
4,sahibxana,BB|true,0
4,sala,BB|true,2
4,samanxana,BB|true,1
4,samsixana,BB|true,0
4,sanatoriye,BF|false,0
4,saqchixana,BB|true,2
4,satira,BB|true,2
4,satirashxana,BB|true,2
4,saye,BF|true,1
4,saza,BB|true,2
4,sazende,FF|true,2
4,sehiye,FF|true,0
4,sehne,FF|true,1
4,sehra,FB|true,1
4,sepsete,FF|true,1
4,serkerde,FF|true,2
4,sewda,FB|true,0
4,sewiye,FF|true,1
4,sewze,FF|true,1
4,seyle,FF|true,1
4,sharche,BF|true,2
4,sharqiratma,BB|true,0
4,shenbe,FF|true,2
4,shepe,FF|true,0
4,shikayetname,BF|true,0
4,shilepe,FF|true,1
4,shipaxana,BB|true,1
4,shiraza,BB|true,2
4,shota,BB|false,2
4,shoyna,BB|false,2
4,shöbe,FF|false,2
4,simfoniye,BF|false,0
4,solaqxana,BB|false,0
4,soraqxana,BB|false,1
4,sotxana,BB|false,2
4,supa,BB|false,1
4,sélishturma,BB|false,2
4,sénariye,BF|true,2
4,sümbe,FF|false,1
4,sürüshte,FF|false,1
4,ta'ala,BB|true,1
4,ta'ipe,BF|true,2
4,tamaqxana,BB|true,2
4,tamasha,BB|true,0
4,tamozhna,BB|false,1
4,tana,BB|true,1
4,tansa,BB|true,1
4,tapa,BB|true,2
4,taraza,BB|true,1
4,tartma,BB|true,1
4,tatarche,BF|true,2
4,tawa,BB|true,2
4,taxta,BB|true,2
4,tebrikname,BF|true,1
4,tejribixana,BB|true,0
4,teklipname,BF|true,2
4,telepname,BF|true,1
4,tene,FF|true,0
4,tenglime,FF|true,1
4,tengne,FF|true,0
4,tentene,FF|true,0
4,tenterbiye,FF|true,0
4,teqdirname,BF|true,2
4,terbiye,FF|true,1
4,terjime,FF|true,2
4,teslimname,BF|true,1
4,tewbe,FF|true,0
4,tewsiye,FF|true,2
4,texse,FF|true,0
4,tiyatirxana,BB|true,1
4,tonna,BB|false,1
4,toqulma,BB|false,1
4,torxana,BB|false,0
4,toxtamname,BF|false,1
4,turuba,BB|false,2
4,téritoriye,BF|false,2
4,térritoriye,BF|false,0
4,töhmetname,BF|false,1
4,töhpe,FF|false,0
4,türme,FF|false,1
4,usta,BB|false,1
4,ustira,BB|false,1
4,ustixana,BB|false,0
4,uwa,BB|false,0
4,uyghurche,BF|false,1
4,wanna,BB|true,1
4,waste,BF|true,0
4,weswese,FF|true,2
4,wezipe,FF|true,2
4,wizantiye,BF|true,0
4,xala,BB|true,0
4,xende,FF|true,1
4,xensuche,BF|false,1
4,xenzuche,BF|false,2
4,xerite,FF|true,2
4,xese,FF|true,2
4,xetme,FF|true,1
4,xetne,FF|true,1
4,xezine,FF|true,2
4,xitayche,BF|true,1
4,xoncha,BB|false,1
4,xorma,BB|false,0
4,xromosoma,BB|false,0
4,xuda,BB|false,0
4,xulase,BF|false,1
4,yadname,BF|true,1
4,yala,BB|true,2
4,yara,BB|true,2
4,yataqxana,BB|true,1
4,yekshenbe,FF|true,0
4,yilname,BF|true,0
4,yollanma,BB|false,2
4,yunanche,BF|false,0
4,zona,BB|false,0
4,énsiklopédiye,BF|false,1
4,özre,FF|false,2
4,üsküne,FF|false,0
4,üstqurulma,BB|false,1
