root,template,unrounded,stratum,final_low_vowel,target_intended_incidences,target_covered_incidences,target_scoreable,acc_intended_incidences,acc_covered_incidences,acc_input_available,acc_interpretable_available,outer_fold
a'ile,BF,True,BF|true,e,568,568,True,163,163,True,True,3
abide,BF,True,BF|true,e,11,11,True,11,11,True,True,2
aghriqxana,BB,True,BB|true,a,315,6,True,17,0,True,False,4
aha,BB,True,BB|true,a,1,1,True,1,1,True,True,3
ahale,BF,True,BF|true,e,251,251,True,394,394,True,True,4
akadémiye,BF,True,BF|true,e,45,45,True,19,19,True,True,0
alicha,BB,True,BB|true,a,1,1,True,0,0,False,False,2
alla,BB,True,BB|true,a,217,217,True,27,27,True,True,0
alma,BB,True,BB|true,a,10,10,True,0,0,False,False,4
amma,BB,True,BB|true,a,383,383,True,238,238,True,True,3
ana,BB,True,BB|true,a,233,233,True,171,171,True,True,4
antanta,BB,True,BB|true,a,1,1,True,0,0,False,False,3
aptonomiye,BF,False,BF|false,e,14,14,True,25,25,True,True,1
ara,BB,True,BB|true,a,18,18,True,0,0,False,False,1
archa,BB,True,BB|true,a,6,6,True,13,13,True,True,2
arghamcha,BB,True,BB|true,a,9,9,True,5,5,True,True,0
ariye,BF,True,BF|true,e,1,1,True,1,1,True,True,2
armiye,BF,True,BF|true,e,152,152,True,96,96,True,True,2
ashxana,BB,True,BB|true,a,94,94,True,19,19,True,True,1
aspirantura,BB,False,BB|false,a,64,64,True,13,13,True,True,1
assimilyatsiye,BF,True,BF|true,e,19,19,True,17,17,True,True,1
astane,BF,True,BF|true,e,40,40,True,4,4,True,True,2
astronomiye,BF,False,BF|false,e,2,2,True,0,0,False,False,0
ata,BB,True,BB|true,a,66,66,True,43,43,True,True,0
atmosféra,BB,False,BB|false,a,6,6,True,2,2,True,True,0
aza,BB,True,BB|true,a,1,1,True,2,2,True,True,2
bade,BF,True,BF|true,e,1,1,True,0,0,False,False,3
baha,BB,True,BB|true,a,453,453,True,90,90,True,True,3
bahane,BF,True,BF|true,e,144,144,True,7,7,True,True,4
bajxana,BB,True,BB|true,a,1,1,True,0,0,False,False,4
bala,BB,True,BB|true,a,462,462,True,683,683,True,True,1
bara,BB,True,BB|true,a,39,39,True,0,0,False,False,2
bashla,BB,True,BB|true,a,1,1,True,0,0,False,False,1
bashqarma,BB,True,BB|true,a,1,1,True,0,0,False,False,2
basmixana,BB,True,BB|true,a,55,2,True,1,0,True,False,3
bataréya,BB,True,BB|true,a,1,1,True,0,0,False,False,4
bayanname,BF,True,BF|true,e,8,8,True,6,6,True,True,1
baywechche,FF,True,FF|true,e,6,6,True,2,2,True,True,3
baza,BB,True,BB|true,a,78,78,True,32,32,True,True,0
belche,FF,True,FF|true,e,3,3,True,0,0,False,False,1
birleshme,FF,True,FF|true,e,12,12,True,1,1,True,True,3
bola,BB,False,BB|false,a,1,1,True,0,0,False,False,3
bolghuche,BF,False,BF|false,e,8,8,True,7,7,True,True,0
bomba,BB,False,BB|false,a,45,45,True,68,68,True,True,4
bronza,BB,False,BB|false,a,1,1,True,2,2,True,True,1
budda,BB,False,BB|false,a,1,1,True,0,0,False,False,3
bölme,FF,False,FF|false,e,142,142,True,18,18,True,True,2
böre,FF,False,FF|false,e,30,30,True,38,38,True,True,3
bügünche,FF,False,FF|false,e,1,1,True,0,0,False,False,1
chama,BB,True,BB|true,a,2,2,True,1,1,True,True,2
chana,BB,True,BB|true,a,8,8,True,1,1,True,True,4
changchile,BF,True,BF|true,e,1,1,True,1,1,True,True,2
charshenbe,FF,True,FF|true,e,2,2,True,0,0,False,False,3
charwa,BB,True,BB|true,a,1,1,True,2,2,True,True,4
chasa,BB,True,BB|true,a,1,1,True,0,0,False,False,2
chaza,BB,True,BB|true,a,10,10,True,1,1,True,True,1
chelle,FF,True,FF|true,e,4,4,True,0,0,False,False,3
chewre,FF,True,FF|true,e,1,1,True,1,1,True,True,0
chola,BB,False,BB|false,a,4,4,True,0,0,False,False,2
chümüle,FF,False,FF|false,e,6,6,True,4,4,True,True,0
chüshenche,FF,False,FF|false,e,239,239,True,70,70,True,True,3
da'ire,BF,True,BF|true,e,556,556,True,49,49,True,True,0
dacha,BB,True,BB|true,a,14,14,True,0,0,False,False,1
dada,BB,True,BB|true,a,27,27,True,6,6,True,True,2
daire,BF,True,BF|true,e,228,228,True,8,8,True,True,3
dala,BB,True,BB|true,a,88,88,True,24,24,True,True,3
dalda,BB,True,BB|true,a,51,51,True,2,2,True,True,2
damolla,BB,False,BB|false,a,9,9,True,12,12,True,True,0
dara,BB,True,BB|true,a,59,59,True,0,0,False,False,2
debdebe,FF,True,FF|true,e,1,1,True,0,0,False,False,3
depne,FF,True,FF|true,e,1,1,True,0,0,False,False,0
derije,FF,True,FF|true,e,5761,5761,True,12,12,True,True,2
dersxana,BB,True,BB|true,a,50,50,True,2,2,True,True,0
derwaza,BB,True,BB|true,a,35,35,True,32,32,True,True,0
derya,FB,True,FB|true,a,88,88,True,11,11,True,True,4
desmaye,BF,True,BF|true,e,4,4,True,0,0,False,False,3
dewa,FB,True,FB|true,a,72,72,True,66,66,True,True,0
diploma,BB,False,BB|false,a,10,10,True,67,67,True,True,4
diplomatiye,BF,False,BF|false,e,27,27,True,7,7,True,True,2
doppa,BB,False,BB|false,a,11,11,True,14,14,True,True,2
dorixana,BB,False,BB|false,a,7,5,True,1,0,True,False,1
doxturxana,BB,False,BB|false,a,854,817,True,10,10,True,True,1
doza,BB,False,BB|false,a,1,1,True,1,1,True,True,4
du'a,BB,False,BB|false,a,63,63,True,18,18,True,True,1
duniya,BB,False,BB|false,a,2555,2555,True,232,232,True,True,4
dunya,BB,False,BB|false,a,5655,5655,True,925,925,True,True,0
démokratiye,BF,False,BF|false,e,91,91,True,187,187,True,True,4
düshenbe,FF,False,FF|false,e,31,31,True,1,1,True,True,4
ediliye,FF,True,FF|true,e,2,2,True,0,0,False,False,2
edliye,FF,True,FF|true,e,6,6,True,7,7,True,True,4
ehdiname,BF,True,BF|true,e,68,68,True,23,23,True,True,3
ela,FB,True,FB|true,a,31,31,True,15,15,True,True,4
elchixana,BB,True,BB|true,a,50,49,True,2,2,True,True,0
en'ene,FF,True,FF|true,e,443,443,True,84,84,True,True,3
endishe,FF,True,FF|true,e,774,774,True,74,74,True,True,1
endize,FF,True,FF|true,e,9,9,True,14,14,True,True,2
epsane,BF,True,BF|true,e,17,17,True,6,6,True,True,0
erebche,FF,True,FF|true,e,29,29,True,12,12,True,True,4
esletme,FF,True,FF|true,e,6,6,True,1,1,True,True,2
eslihe,FF,True,FF|true,e,4,4,True,2,2,True,True,1
eslime,FF,True,FF|true,e,22,22,True,21,21,True,True,0
esna,FB,True,FB|true,a,167,167,True,0,0,False,False,2
esra,FB,True,FB|true,a,2,2,True,1,1,True,True,1
ete,FF,True,FF|true,e,53,53,True,31,31,True,True,4
exletxana,BB,True,BB|true,a,17,2,True,1,0,True,False,1
eyibname,BF,True,BF|true,e,32,32,True,13,13,True,True,4
eza,FB,True,FB|true,a,20,20,True,9,9,True,True,3
famile,BF,True,BF|true,e,3,3,True,9,9,True,True,2
figura,BB,False,BB|false,a,4,4,True,3,3,True,True,3
forma,BB,False,BB|false,a,6,6,True,3,3,True,True,4
formula,BB,False,BB|false,a,3,3,True,2,2,True,True,3
fédératsiye,BF,True,BF|true,e,3,3,True,0,0,False,False,3
gazarma,BB,True,BB|true,a,24,24,True,2,2,True,True,0
geme,FF,True,FF|true,e,14,14,True,10,10,True,True,3
gende,FF,True,FF|true,e,2,2,True,3,3,True,True,0
gewde,FF,True,FF|true,e,93,93,True,12,12,True,True,2
ghalcha,BB,True,BB|true,a,1,1,True,0,0,False,False,3
ghaye,BF,True,BF|true,e,51,51,True,48,48,True,True,1
ghelbe,FF,True,FF|true,e,25,25,True,19,19,True,True,4
ghelibe,FF,True,FF|true,e,107,107,True,57,57,True,True,0
ghora,BB,False,BB|false,a,1,1,True,1,1,True,True,4
ghulghula,BB,False,BB|false,a,33,33,True,3,3,True,True,1
ghulja,BB,False,BB|false,a,850,850,True,46,46,True,True,1
gimnaziye,BF,True,BF|true,e,9,9,True,2,2,True,True,2
gundixana,BB,False,BB|false,a,1,0,False,0,0,False,False,4
guruppa,BB,False,BB|false,a,166,166,True,51,51,True,True,0
guwahname,BF,False,BF|false,e,4,4,True,3,3,True,True,3
gézitxana,BB,True,BB|true,a,33,21,True,3,3,True,True,4
güldürmama,BB,False,BB|false,a,1,1,True,0,0,False,False,2
güldürme,FF,False,FF|false,e,1,1,True,0,0,False,False,0
gülxana,BB,False,BB|false,a,6,1,True,0,0,False,False,4
hadise,BF,True,BF|true,e,3,3,True,3,3,True,True,0
hajetxana,BB,True,BB|true,a,51,41,True,9,7,True,True,0
hamile,BF,True,BF|true,e,5,5,True,28,28,True,True,0
harwa,BB,True,BB|true,a,34,34,True,14,14,True,True,4
hasa,BB,True,BB|true,a,13,13,True,3,3,True,True,4
hawa,BB,True,BB|true,a,260,260,True,58,58,True,True,2
hawale,BF,True,BF|true,e,1,1,True,0,0,False,False,3
hediye,FF,True,FF|true,e,4,4,True,7,7,True,True,1
hemshire,FF,True,FF|true,e,1,1,True,0,0,False,False,0
hemze,FF,True,FF|true,e,3,3,True,1,1,True,True,3
hepse,FF,True,FF|true,e,21,21,True,0,0,False,False,2
hepte,FF,True,FF|true,e,1001,1001,True,12,12,True,True,1
here,FF,True,FF|true,e,1,1,True,1,1,True,True,4
hesse,FF,True,FF|true,e,141,141,True,8,8,True,True,0
heywe,FF,True,FF|true,e,2,2,True,2,2,True,True,4
hikaye,BF,True,BF|true,e,5,5,True,7,7,True,True,4
himaye,BF,True,BF|true,e,12,12,True,0,0,False,False,4
hoyla,BB,False,BB|false,a,230,230,True,36,36,True,True,4
hujra,BB,False,BB|false,a,8,8,True,0,0,False,False,2
hékaye,BF,True,BF|true,e,40,40,True,100,100,True,True,4
hüjeyre,FF,False,FF|false,e,10,10,True,5,5,True,True,4
i'ane,BF,True,BF|true,e,2,2,True,1,1,True,True,1
ibadetxana,BB,True,BB|true,a,26,25,True,9,5,True,True,0
ibare,BF,True,BF|true,e,20,20,True,102,102,True,True,0
idare,BF,True,BF|true,e,131,131,True,10,10,True,True,0
ijare,BF,True,BF|true,e,404,404,True,1,1,True,True,3
ijazetname,BF,True,BF|true,e,2,2,True,1,1,True,True,1
ilawe,BF,True,BF|true,e,3,3,True,1,1,True,True,0
ipade,BF,True,BF|true,e,15,15,True,13,13,True,True,4
irade,BF,True,BF|true,e,55,55,True,31,31,True,True,2
ishxana,BB,True,BB|true,a,84,84,True,6,6,True,True,2
iskenje,FF,True,FF|true,e,74,74,True,0,0,False,False,1
ispatname,BF,True,BF|true,e,2,2,True,0,0,False,False,0
istansa,BB,True,BB|true,a,27,27,True,0,0,False,False,0
jakarname,BF,True,BF|true,e,1,1,True,1,1,True,True,4
jame,BF,True,BF|true,e,16,16,True,6,6,True,True,4
jangza,BB,True,BB|true,a,4,4,True,0,0,False,False,1
jaza,BB,True,BB|true,a,578,578,True,81,81,True,True,1
jerimane,BF,True,BF|true,e,11,11,True,22,22,True,True,0
jezire,FF,True,FF|true,e,5,5,True,1,1,True,True,0
joghrapiye,BF,False,BF|false,e,1,1,True,0,0,False,False,2
joza,BB,False,BB|false,a,38,38,True,7,7,True,True,2
jughlanma,BB,False,BB|false,a,2,2,True,1,1,True,True,4
jughrapiye,BF,False,BF|false,e,30,30,True,6,6,True,True,4
juwawa,BB,False,BB|false,a,2,2,True,2,2,True,True,0
kafédra,BB,True,BB|true,a,18,18,True,1,1,True,True,4
kala,BB,True,BB|true,a,15,15,True,0,0,False,False,0
kalla,BB,True,BB|true,a,27,27,True,8,8,True,True,0
kaloriye,BF,False,BF|false,e,1,1,True,1,1,True,True,1
kana,BB,True,BB|true,a,37,37,True,26,26,True,True,3
kapaletname,BF,True,BF|true,e,6,6,True,2,2,True,True,1
karta,BB,True,BB|true,a,22,22,True,32,32,True,True,1
karxana,BB,True,BB|true,a,76,24,True,36,16,True,True,1
kasa,BB,True,BB|true,a,1,1,True,2,2,True,True,2
kashila,BB,True,BB|true,a,29,29,True,4,4,True,True,3
kassa,BB,True,BB|true,a,11,11,True,2,2,True,True,3
katégoriye,BF,False,BF|false,e,77,77,True,4,4,True,True,3
kawa,BB,True,BB|true,a,2,2,True,2,2,True,True,2
kawapxana,BB,True,BB|true,a,1,1,True,1,1,True,True,0
kelime,FF,True,FF|true,e,2,2,True,13,13,True,True,2
kepe,FF,True,FF|true,e,14,14,True,1,1,True,True,1
kepterxana,BB,True,BB|true,a,1,0,False,0,0,False,False,2
kinaye,BF,True,BF|true,e,2,2,True,4,4,True,True,1
kinoxana,BB,False,BB|false,a,7,7,True,2,2,True,True,3
kitabche,BF,True,BF|true,e,5,5,True,9,9,True,True,2
kitabxana,BB,True,BB|true,a,17,17,True,7,7,True,True,3
kocha,BB,False,BB|false,a,888,888,True,78,78,True,True,2
komanda,BB,False,BB|false,a,44,44,True,25,25,True,True,2
kommuna,BB,False,BB|false,a,1,1,True,0,0,False,False,0
kompaniye,BF,False,BF|false,e,2,2,True,0,0,False,False,1
komédiye,BF,False,BF|false,e,1,1,True,0,0,False,False,1
konsulxana,BB,False,BB|false,a,46,42,True,6,5,True,True,1
kopiye,BF,False,BF|false,e,1,1,True,0,0,False,False,3
koza,BB,False,BB|false,a,5,5,True,1,1,True,True,3
kula,BB,False,BB|false,a,1,1,True,0,0,False,False,2
kutupxana,BB,False,BB|false,a,34,34,True,7,7,True,True,3
kélishimname,BF,True,BF|true,e,7,7,True,7,7,True,True,0
kömürxana,BB,False,BB|false,a,3,2,True,0,0,False,False,4
körgezme,FF,False,FF|false,e,465,465,True,188,188,True,True,3
körgezmixana,BB,False,BB|false,a,4,4,True,0,0,False,False,4
körsetme,FF,False,FF|false,e,23,23,True,7,7,True,True,0
kötüre,FF,False,FF|false,e,7,7,True,0,0,False,False,3
küshende,FF,False,FF|false,e,1,1,True,0,0,False,False,0
kütüpxana,BB,False,BB|false,a,10,10,True,3,3,True,True,4
laboratoriye,BF,False,BF|false,e,2,2,True,0,0,False,False,0
lale,BF,True,BF|true,e,1,1,True,0,0,False,False,1
lama,BB,True,BB|true,a,4,4,True,0,0,False,False,3
lata,BB,True,BB|true,a,11,11,True,0,0,False,False,3
lawa,BB,True,BB|true,a,3,3,True,0,0,False,False,3
layihe,BF,True,BF|true,e,206,206,True,288,288,True,True,3
laza,BB,True,BB|true,a,1,1,True,2,2,True,True,1
lehze,FF,True,FF|true,e,2,2,True,0,0,False,False,0
lerze,FF,True,FF|true,e,177,177,True,0,0,False,False,2
lexme,FF,True,FF|true,e,1,0,False,2,1,True,True,4
madda,BB,True,BB|true,a,72,72,True,65,65,True,True,2
maliye,BF,True,BF|true,e,11,11,True,10,10,True,True,1
manta,BB,True,BB|true,a,6,6,True,10,10,True,True,4
maqale,BF,True,BF|true,e,4,4,True,6,6,True,True,4
mashina,BB,True,BB|true,a,137,137,True,50,50,True,True,1
mashna,BB,True,BB|true,a,1,1,True,0,0,False,False,0
massa,BB,True,BB|true,a,4,4,True,3,3,True,True,1
maysa,BB,True,BB|true,a,3,3,True,0,0,False,False,4
medhiye,FF,True,FF|true,e,6,6,True,0,0,False,False,3
medrise,FF,True,FF|true,e,124,124,True,19,19,True,True,2
mehelle,FF,True,FF|true,e,321,321,True,48,48,True,True,1
mejlisxana,BB,True,BB|true,a,2,1,True,0,0,False,False,4
mejmu'e,BF,False,BF|false,e,16,16,True,8,8,True,True,4
menbe,FF,True,FF|true,e,80,80,True,28,28,True,True,0
mepkure,BF,False,BF|false,e,8,8,True,10,10,True,True,0
meqbere,FF,True,FF|true,e,3,3,True,12,12,True,True,4
mersiye,FF,True,FF|true,e,1,1,True,2,2,True,True,0
mertiwe,FF,True,FF|true,e,81,81,True,11,11,True,True,0
mese,FF,True,FF|true,e,1,1,True,3,3,True,True,2
mesle,FF,True,FF|true,e,18,18,True,12,12,True,True,1
mesxire,FF,True,FF|true,e,27,26,True,0,0,False,False,2
metbe'e,FF,True,FF|true,e,25,25,True,6,6,True,True,2
meyde,FF,True,FF|true,e,23,23,True,7,7,True,True,2
meyxana,BB,True,BB|true,a,4,4,True,0,0,False,False,4
miniatyura,BB,False,BB|false,a,2,2,True,2,2,True,True,3
molla,BB,False,BB|false,a,15,15,True,4,4,True,True,0
mora,BB,False,BB|false,a,2,2,True,2,2,True,True,1
mu'amile,BF,False,BF|false,e,397,397,True,30,30,True,True,2
mu'essese,FF,False,FF|false,e,6,6,True,8,8,True,True,1
mudaxile,BF,False,BF|false,e,6,6,True,0,0,False,False,1
muhasire,BF,False,BF|false,e,76,76,True,9,9,True,True,0
mulahize,BF,False,BF|false,e,104,104,True,4,4,True,True,1
muma,BB,False,BB|false,a,1,1,True,1,1,True,True,0
munazire,BF,False,BF|false,e,172,172,True,30,30,True,True,3
muncha,BB,False,BB|false,a,19,19,True,0,0,False,False,0
muqawa,BB,False,BB|false,a,7,7,True,0,0,False,False,3
muqeddime,FF,False,FF|false,e,8,8,True,1,1,True,True,2
murda,BB,False,BB|false,a,6,6,True,19,19,True,True,2
musape,BF,False,BF|false,e,85,85,True,178,178,True,True,2
musha'ire,BF,False,BF|false,e,1,1,True,0,0,False,False,2
méhmanxana,BB,True,BB|true,a,292,259,True,12,12,True,True,2
mélodiye,BF,False,BF|false,e,2,2,True,1,1,True,True,4
möjize,FF,False,FF|false,e,6,6,True,7,7,True,True,1
müre,FF,False,FF|false,e,33,33,True,29,29,True,True,2
nahiye,BF,True,BF|true,e,1041,1041,True,56,56,True,True,3
nale,BF,True,BF|true,e,2,2,True,2,2,True,True,0
namayende,FF,True,FF|true,e,1,1,True,3,3,True,True,4
nashta,BB,True,BB|true,a,14,14,True,1,1,True,True,2
natura,BB,False,BB|false,a,1,1,True,0,0,False,False,0
nawayxana,BB,True,BB|true,a,12,8,True,2,0,True,False,3
naxsha,BB,True,BB|true,a,39,39,True,100,100,True,True,4
nere,FF,True,FF|true,e,30,30,True,0,0,False,False,2
nerse,FF,True,FF|true,e,446,446,True,985,985,True,True,2
nesebname,BF,True,BF|true,e,3,3,True,0,0,False,False,0
neshe,FF,True,FF|true,e,2,2,True,0,0,False,False,4
netije,FF,True,FF|true,e,2552,2552,True,116,116,True,True,1
newre,FF,True,FF|true,e,6,6,True,4,4,True,True,3
neyze,FF,True,FF|true,e,2,2,True,4,4,True,True,2
nezeriye,FF,True,FF|true,e,24,24,True,29,29,True,True,2
nezme,FF,True,FF|true,e,10,10,True,2,2,True,True,3
nizamname,BF,True,BF|true,e,36,36,True,8,8,True,True,2
nota,BB,False,BB|false,a,26,26,True,11,11,True,True,0
noxta,BB,False,BB|false,a,1,1,True,1,1,True,True,0
olja,BB,False,BB|false,a,22,22,True,10,10,True,True,2
opéra,BB,False,BB|false,a,1,1,True,2,2,True,True,2
opératsiye,BF,False,BF|false,e,15,15,True,5,5,True,True,2
orbita,BB,False,BB|false,a,17,17,True,0,0,False,False,0
orda,BB,False,BB|false,a,107,107,True,21,21,True,True,1
orma,BB,False,BB|false,a,2,2,True,0,0,False,False,4
ottura,BB,False,BB|false,a,11531,11531,True,54,54,True,True,2
otunxana,BB,False,BB|false,a,2,1,True,0,0,False,False,1
oyma,BB,False,BB|false,a,1,1,True,0,0,False,False,0
oyunxana,BB,False,BB|false,a,7,7,True,0,0,False,False,2
pada,BB,True,BB|true,a,16,16,True,3,3,True,True,1
pahishe,BF,True,BF|true,e,2,2,True,1,1,True,True,2
pahishixana,BB,True,BB|true,a,2,2,True,0,0,False,False,4
palata,BB,True,BB|true,a,54,54,True,2,2,True,True,3
palla,BB,True,BB|true,a,9,9,True,0,0,False,False,0
palta,BB,True,BB|true,a,4,4,True,17,17,True,True,3
pana,BB,True,BB|true,a,7,7,True,0,0,False,False,1
parische,BF,True,BF|true,e,6,6,True,0,0,False,False,0
parsche,BF,True,BF|true,e,10,10,True,7,7,True,True,4
parta,BB,True,BB|true,a,47,47,True,1,1,True,True,0
partiye,BF,True,BF|true,e,263,263,True,100,100,True,True,1
pasha,BB,True,BB|true,a,3,3,True,1,1,True,True,3
pasxa,BB,True,BB|true,a,3,0,False,2,0,True,False,4
paxta,BB,True,BB|true,a,24,21,True,53,40,True,True,2
payda,BB,True,BB|true,a,115,115,True,82,82,True,True,0
pede,FF,True,FF|true,e,12,12,True,8,8,True,True,1
pelle,FF,True,FF|true,e,719,719,True,17,17,True,True,3
pelsepe,FF,True,FF|true,e,23,23,True,14,14,True,True,0
penje,FF,True,FF|true,e,1,1,True,0,0,False,False,4
perde,FF,True,FF|true,e,2,2,True,15,15,True,True,1
perishte,FF,True,FF|true,e,6,6,True,2,2,True,True,1
perwane,BF,True,BF|true,e,4,4,True,1,1,True,True,1
pete,FF,True,FF|true,e,5,5,True,1,1,True,True,3
petiwa,FB,True,FB|true,a,3,3,True,6,6,True,True,1
peyshenbe,FF,True,FF|true,e,1,1,True,1,1,True,True,3
piramida,BB,True,BB|true,a,1,1,True,1,1,True,True,2
pirogramma,BB,False,BB|false,a,5,5,True,6,6,True,True,2
piroza,BB,False,BB|false,a,1,1,True,0,0,False,False,1
piyale,BF,True,BF|true,e,15,15,True,7,7,True,True,2
pochta,BB,False,BB|false,a,30,30,True,0,0,False,False,0
pochtixana,BB,False,BB|false,a,6,5,True,0,0,False,False,3
pota,BB,False,BB|false,a,5,5,True,3,3,True,True,2
potla,BB,False,BB|false,a,1,1,True,0,0,False,False,4
pozitsiye,BF,False,BF|false,e,171,171,True,19,19,True,True,4
programma,BB,False,BB|false,a,460,460,True,243,243,True,True,3
proza,BB,False,BB|false,a,9,9,True,3,3,True,True,3
péshane,BF,True,BF|true,e,2,2,True,0,0,False,False,2
qa'ide,BF,True,BF|true,e,88,88,True,24,24,True,True,4
qacha,BB,True,BB|true,a,50,50,True,11,11,True,True,4
qamaqxana,BB,True,BB|true,a,188,188,True,0,0,False,False,1
qamcha,BB,True,BB|true,a,3,3,True,4,4,True,True,1
qapiye,BF,True,BF|true,e,6,6,True,1,1,True,True,0
qarawulxana,BB,False,BB|false,a,21,21,True,1,1,True,True,0
qasha,BB,True,BB|true,a,3,3,True,1,1,True,True,1
qassapxana,BB,True,BB|true,a,1,1,True,0,0,False,False,0
qawaqxana,BB,True,BB|true,a,8,6,True,0,0,False,False,0
qaycha,BB,True,BB|true,a,1,1,True,1,1,True,True,2
qaza,BB,True,BB|true,a,9,9,True,0,0,False,False,0
qazanxana,BB,True,BB|true,a,1,0,False,0,0,False,False,0
qebile,FF,True,FF|true,e,39,39,True,15,15,True,True,4
qebre,FF,True,FF|true,e,148,148,True,82,82,True,True,4
qehwexana,BB,True,BB|true,a,7,7,True,1,1,True,True,4
qeside,FF,True,FF|true,e,2,2,True,0,0,False,False,2
qetre,FF,True,FF|true,e,3,3,True,1,1,True,True,0
qimarxana,BB,True,BB|true,a,8,8,True,1,1,True,True,1
qobulxana,BB,False,BB|false,a,18,3,True,1,0,True,False,3
qomanda,BB,False,BB|false,a,1,1,True,0,0,False,False,4
qorma,BB,False,BB|false,a,1,1,True,0,0,False,False,1
qoyma,BB,False,BB|false,a,8,8,True,2,2,True,True,2
qoza,BB,False,BB|false,a,2,2,True,9,9,True,True,3
quda,BB,False,BB|false,a,1,1,True,1,1,True,True,3
qure,BF,False,BF|false,e,13,13,True,3,3,True,True,0
qurulma,BB,False,BB|false,a,50,50,True,36,36,True,True,0
qushxana,BB,False,BB|false,a,3,3,True,0,0,False,False,1
resetxana,BB,True,BB|true,a,2,2,True,0,0,False,False,2
reste,FF,True,FF|true,e,5,5,True,0,0,False,False,2
risale,BF,True,BF|true,e,9,9,True,5,5,True,True,3
rota,BB,False,BB|false,a,14,14,True,1,1,True,True,4
ruda,BB,False,BB|false,a,1,1,True,3,3,True,True,3
rémontxana,BB,False,BB|false,a,1,1,True,0,0,False,False,1
sada,BB,True,BB|true,a,14,14,True,13,13,True,True,1
sahabe,BF,True,BF|true,e,2,2,True,4,4,True,True,4
sahe,BF,True,BF|true,e,880,880,True,59,59,True,True,1
sahibxana,BB,True,BB|true,a,1,1,True,2,2,True,True,3
sala,BB,True,BB|true,a,1,1,True,2,2,True,True,2
samanxana,BB,True,BB|true,a,2,2,True,1,1,True,True,3
samsixana,BB,True,BB|true,a,1,1,True,0,0,False,False,1
sanatoriye,BF,False,BF|false,e,6,6,True,0,0,False,False,2
sapa,BB,True,BB|true,a,27,27,True,18,18,True,True,4
saqchixana,BB,True,BB|true,a,484,483,True,10,10,True,True,0
sarasime,BF,True,BF|true,e,96,96,True,1,1,True,True,4
satira,BB,True,BB|true,a,1,1,True,0,0,False,False,1
satirashxana,BB,True,BB|true,a,3,3,True,0,0,False,False,1
saye,BF,True,BF|true,e,14,14,True,0,0,False,False,0
saza,BB,True,BB|true,a,2,2,True,13,13,True,True,3
sazende,FF,True,FF|true,e,3,3,True,5,5,True,True,3
sehipe,FF,True,FF|true,e,37,37,True,30,30,True,True,4
sehiye,FF,True,FF|true,e,1,1,True,0,0,False,False,1
sehne,FF,True,FF|true,e,1103,1103,True,35,35,True,True,1
sehra,FB,True,FB|true,a,15,15,True,1,1,True,True,0
sejde,FF,True,FF|true,e,13,13,True,2,2,True,True,4
sepsete,FF,True,FF|true,e,6,6,True,27,27,True,True,3
serkerde,FF,True,FF|true,e,1,1,True,1,1,True,True,0
serlewhe,FF,True,FF|true,e,12,12,True,0,0,False,False,4
sewda,FB,True,FB|true,a,1,1,True,0,0,False,False,2
sewiye,FF,True,FF|true,e,565,565,True,30,30,True,True,1
sewze,FF,True,FF|true,e,2,2,True,5,5,True,True,1
seyle,FF,True,FF|true,e,42,42,True,0,0,False,False,1
seyshenbe,FF,True,FF|true,e,1,1,True,0,0,False,False,4
shala,BB,True,BB|true,a,6,6,True,7,7,True,True,4
sharche,BF,True,BF|true,e,1,1,True,0,0,False,False,0
sharqiratma,BB,True,BB|true,a,1,1,True,0,0,False,False,0
shemsiye,FF,True,FF|true,e,1,1,True,0,0,False,False,4
shenbe,FF,True,FF|true,e,2,2,True,1,1,True,True,1
shepe,FF,True,FF|true,e,3,3,True,3,3,True,True,1
shertname,BF,True,BF|true,e,28,28,True,15,15,True,True,4
shikayetname,BF,True,BF|true,e,7,7,True,1,1,True,True,1
shilepe,FF,True,FF|true,e,1,1,True,1,1,True,True,1
shipaxana,BB,True,BB|true,a,19,19,True,1,1,True,True,3
shiraza,BB,True,BB|true,a,1,1,True,0,0,False,False,1
shorpa,BB,False,BB|false,a,6,6,True,2,2,True,True,4
shota,BB,False,BB|false,a,2,2,True,2,2,True,True,0
shoyna,BB,False,BB|false,a,2,2,True,1,1,True,True,0
shöbe,FF,False,FF|false,e,2,2,True,0,0,False,False,3
shübhe,FF,False,FF|false,e,6,6,True,2,2,True,True,4
simfoniye,BF,False,BF|false,e,2,2,True,2,2,True,True,1
sofa,BB,False,BB|false,a,1,1,True,1,1,True,True,4
solaqxana,BB,False,BB|false,a,18,18,True,0,0,False,False,3
soraqxana,BB,False,BB|false,a,15,15,True,1,1,True,True,1
sotxana,BB,False,BB|false,a,3,3,True,0,0,False,False,2
studiye,BF,False,BF|false,e,1,1,True,0,0,False,False,4
sulale,BF,False,BF|false,e,10,10,True,11,11,True,True,4
supa,BB,False,BB|false,a,42,42,True,2,2,True,True,3
sélishturma,BB,False,BB|false,a,7,7,True,8,8,True,True,3
sénariye,BF,True,BF|true,e,4,4,True,2,2,True,True,2
sümbe,FF,False,FF|false,e,3,3,True,0,0,False,False,2
sürüshte,FF,False,FF|false,e,1,1,True,0,0,False,False,1
ta'ala,BB,True,BB|true,a,29,29,True,9,9,True,True,0
ta'ipe,BF,True,BF|true,e,1,1,True,1,1,True,True,3
tamaqxana,BB,True,BB|true,a,4,4,True,0,0,False,False,1
tamasha,BB,True,BB|true,a,6,6,True,2,2,True,True,2
tamozhna,BB,False,BB|false,a,12,12,True,3,3,True,True,1
tamuzhna,BB,False,BB|false,a,1,1,True,0,0,False,False,4
tana,BB,True,BB|true,a,1,1,True,3,3,True,True,0
tansa,BB,True,BB|true,a,5,5,True,1,1,True,True,2
tapa,BB,True,BB|true,a,1,1,True,0,0,False,False,3
taraza,BB,True,BB|true,a,59,59,True,6,6,True,True,3
tartma,BB,True,BB|true,a,3,3,True,0,0,False,False,3
tasma,BB,True,BB|true,a,1,1,True,0,0,False,False,4
tatarche,BF,True,BF|true,e,2,2,True,0,0,False,False,3
tawa,BB,True,BB|true,a,2,2,True,0,0,False,False,3
taxta,BB,True,BB|true,a,62,14,True,22,12,True,True,2
tebrikname,BF,True,BF|true,e,13,13,True,3,3,True,True,3
tejiribe,FF,True,FF|true,e,4,4,True,3,3,True,True,4
tejribe,FF,True,FF|true,e,214,214,True,78,78,True,True,4
tejribixana,BB,True,BB|true,a,28,28,True,3,3,True,True,1
teklipname,BF,True,BF|true,e,9,9,True,13,13,True,True,2
telepname,BF,True,BF|true,e,24,24,True,7,7,True,True,1
tene,FF,True,FF|true,e,1,1,True,2,2,True,True,3
tenglime,FF,True,FF|true,e,2,2,True,2,2,True,True,2
tengne,FF,True,FF|true,e,2,2,True,0,0,False,False,0
tentene,FF,True,FF|true,e,179,179,True,48,48,True,True,3
tenterbiye,FF,True,FF|true,e,5,5,True,22,22,True,True,3
teqdirname,BF,True,BF|true,e,2,2,True,3,3,True,True,2
terbiye,FF,True,FF|true,e,98,98,True,97,97,True,True,2
terjime,FF,True,FF|true,e,41,41,True,0,0,False,False,2
teslimname,BF,True,BF|true,e,4,4,True,0,0,False,False,2
tewbe,FF,True,FF|true,e,2,2,True,1,1,True,True,0
tewe,FF,True,FF|true,e,386,386,True,20,20,True,True,4
tewsiye,FF,True,FF|true,e,11,11,True,6,6,True,True,3
texse,FF,True,FF|true,e,6,3,True,0,0,False,False,0
tiyatirxana,BB,True,BB|true,a,13,13,True,0,0,False,False,0
tonna,BB,False,BB|false,a,97,97,True,14,14,True,True,0
toqulma,BB,False,BB|false,a,4,4,True,4,4,True,True,2
torxana,BB,False,BB|false,a,6,6,True,0,0,False,False,1
toxtamname,BF,False,BF|false,e,26,26,True,4,4,True,True,3
turuba,BB,False,BB|false,a,6,6,True,4,4,True,True,1
télégramma,BB,True,BB|true,a,59,59,True,8,8,True,True,4
témpératura,BB,False,BB|false,a,7,7,True,3,3,True,True,4
téritoriye,BF,False,BF|false,e,4,4,True,5,5,True,True,2
térritoriye,BF,False,BF|false,e,8,8,True,5,5,True,True,1
töhmetname,BF,False,BF|false,e,1,1,True,0,0,False,False,1
töhpe,FF,False,FF|false,e,4,4,True,3,3,True,True,3
törelme,FF,False,FF|false,e,3,3,True,6,6,True,True,4
türme,FF,False,FF|false,e,2352,2352,True,26,26,True,True,0
tüzülme,FF,False,FF|false,e,30,30,True,20,20,True,True,4
usta,BB,False,BB|false,a,91,91,True,7,7,True,True,1
ustira,BB,False,BB|false,a,1,1,True,1,1,True,True,2
ustixana,BB,False,BB|false,a,3,1,True,0,0,False,False,2
uwa,BB,False,BB|false,a,1,1,True,1,1,True,True,1
uyghurche,BF,False,BF|false,e,1,1,True,1,1,True,True,0
uyushma,BB,False,BB|false,a,13,13,True,1,1,True,True,4
wakaletxana,BB,True,BB|true,a,1,0,False,0,0,False,False,4
wanna,BB,True,BB|true,a,10,10,True,1,1,True,True,2
wasite,BF,True,BF|true,e,35,35,True,19,19,True,True,4
waste,BF,True,BF|true,e,14,14,True,4,4,True,True,1
waza,BB,True,BB|true,a,2,2,True,1,1,True,True,4
wede,FF,True,FF|true,e,45,45,True,28,28,True,True,4
weswese,FF,True,FF|true,e,10,10,True,0,0,False,False,0
wezipe,FF,True,FF|true,e,419,419,True,458,458,True,True,0
wizantiye,BF,True,BF|true,e,3,3,True,0,0,False,False,3
xala,BB,True,BB|true,a,49,49,True,0,0,False,False,2
xalta,BB,True,BB|true,a,43,26,True,16,11,True,True,4
xarabe,BF,True,BF|true,e,19,17,True,4,4,True,True,4
xelipe,FF,True,FF|true,e,16,16,True,18,18,True,True,4
xende,FF,True,FF|true,e,1,1,True,0,0,False,False,3
xensuche,BF,False,BF|false,e,3,3,True,1,1,True,True,3
xenzuche,BF,False,BF|false,e,33,31,True,12,10,True,True,0
xerite,FF,True,FF|true,e,86,62,True,36,30,True,True,1
xese,FF,True,FF|true,e,1,0,False,1,1,True,True,0
xetme,FF,True,FF|true,e,1,1,True,0,0,False,False,3
xetne,FF,True,FF|true,e,1,0,False,0,0,False,False,0
xezine,FF,True,FF|true,e,16,16,True,2,2,True,True,0
xitayche,BF,True,BF|true,e,83,82,True,69,68,True,True,1
xoncha,BB,False,BB|false,a,1,1,True,1,1,True,True,0
xorma,BB,False,BB|false,a,1,0,False,3,1,True,True,2
xromosoma,BB,False,BB|false,a,1,1,True,1,1,True,True,2
xuda,BB,False,BB|false,a,323,101,True,20,12,True,True,3
xulase,BF,False,BF|false,e,228,111,True,62,49,True,True,3
xutbe,BF,False,BF|false,e,10,10,True,10,10,True,True,4
yadname,BF,True,BF|true,e,1,1,True,10,10,True,True,3
yala,BB,True,BB|true,a,1,1,True,0,0,False,False,0
yara,BB,True,BB|true,a,17,17,True,0,0,False,False,1
yataqxana,BB,True,BB|true,a,46,4,True,4,0,True,False,3
yazma,BB,True,BB|true,a,85,85,True,64,64,True,True,4
yekshenbe,FF,True,FF|true,e,5,5,True,3,3,True,True,3
yilname,BF,True,BF|true,e,3,3,True,6,6,True,True,1
yollanma,BB,False,BB|false,a,9,9,True,11,11,True,True,1
yunanche,BF,False,BF|false,e,3,3,True,0,0,False,False,2
zona,BB,False,BB|false,a,32,32,True,20,20,True,True,0
énsiklopédiye,BF,False,BF|false,e,2,2,True,0,0,False,False,3
ölima,FB,False,FB|false,a,5,5,True,4,4,True,True,4
özre,FF,False,FF|false,e,1,1,True,1,1,True,True,1
üjme,FF,False,FF|false,e,2,2,True,1,1,True,True,4
üsküne,FF,False,FF|false,e,6,6,True,12,12,True,True,2
üstqurulma,BB,False,BB|false,a,1,1,True,2,2,True,True,3
