proof_goal_id	result_id	formalization_status	lean_declaration	note_en
CALC-F1.ADMISSION.01	CALC-F1	lean_closed	PhonologicalCalculus.FiniteRequest.RawFiniteContract.form_isSome_eq_complete;PhonologicalCalculus.FiniteRequest.RawFiniteContract.form_eq_none_iff_incomplete;PhonologicalCalculus.FiniteRequest.TypedFiniteContract.eligible_iff_explicit_admission	Formation is computed from every optional typed field and exact coverage/type proofs; post-formation admission is exactly the explicit scientific checklist plus a nonempty complete matched-row carrier.
CALC-F1.PROGRESS.02	CALC-F1	lean_closed	PhonologicalCalculus.FiniteRequest.calc_f1_progress_02;verdicts_pairwise_distinct	The three verdict constructors are exhaustive and pairwise distinct.
CALC-F1.WITNESS.03	CALC-F1	lean_closed	PhonologicalCalculus.FiniteRequest.calc_f1_witness_03;calc_f1_least_witness_03;mem_mismatchSet_iff	A nonconservative result returns the complete mismatch set and its least genuine mismatch under the declared row order.
CALC-F1.TERMINATION.04	CALC-F1	lean_closed	PhonologicalCalculus.FiniteRequest.calc_f1_termination_04;evaluate_total	The registered finite structural measure is exact and the executable decision function is total.
CALC-F1.REFUSALS.05	CALC-F1	lean_closed	PhonologicalCalculus.FiniteRequest.calc_f1_refusals_05	All seven singly malformed formation fixtures return the registered non-evaluated verdict and malformed-contract status.
CALC-F1.METAPROOF	CALC-F1	lean_closed	PhonologicalCalculus.FiniteRequest.RawFiniteContract.qualifiedFiniteContractDecision;PhonologicalCalculus.FiniteRequest.calc_f1_least_witness_03	The integrated theorem proves executable formation, explicit admission precedence, complete licensed-row derivation, all verdict equivalences, disjoint exhaustive progress, and the reusable kernel proves least complete-mismatch selection.
CALC-R01.PARTITION.01	CALC-R01	lean_closed	PhonologicalCalculus.Regression.CALC_R01_PARTITION_01	Exact finite model.
CALC-R01.SORTS.02	CALC-R01	lean_closed	PhonologicalCalculus.Regression.CALC_R01_SORTS_02	Exact finite model.
CALC-R01.PARTIAL.03	CALC-R01	lean_closed	PhonologicalCalculus.Regression.CALC_R01_PARTIAL_03	Exact finite model.
CALC-R02.COIMAGE.01	CALC-R02	lean_closed	PhonologicalCalculus.Regression.CALC_R02_COIMAGE_01	Exact finite model.
CALC-R02.PARTIAL.02	CALC-R02	lean_closed	PhonologicalCalculus.Regression.CALC_R02_PARTIAL_02	Exact finite model.
CALC-R03.REFUSAL.01	CALC-R03	lean_closed	PhonologicalCalculus.Regression.CALC_R03_REFUSAL_01	Exact typed decision record.
CALC-R04.SURJECTIVITY.01	CALC-R04	lean_closed	PhonologicalCalculus.Regression.CALC_R04_SURJECTIVITY_01	Exact finite set result.
CALC-R04.FRONTIER.02	CALC-R04	lean_closed	PhonologicalCalculus.Regression.CALC_R04_FRONTIER_02	Exact finite set result.
CALC-R05.ORBIT.01	CALC-R05	lean_closed	PhonologicalCalculus.Regression.CALC_R05_ORBIT_01	Exact finite orbit model.
CALC-R06.ORBITS.01	CALC-R06	lean_closed	PhonologicalCalculus.Regression.CALC_R06_ORBITS_01	Equivalent injectivity/collision proposition for the exact finite model.
CALC-R07.OUTBOUND.01	CALC-R07	lean_closed	PhonologicalCalculus.Regression.CALC_R07_OUTBOUND_01	Exact finite edge model.
CALC-R08.STATUS.01	CALC-R08	lean_closed	PhonologicalCalculus.Regression.CALC_R08_STATUS_01	Exact typed-status model.
CALC-R09.MASS.01	CALC-R09	lean_closed	PhonologicalCalculus.Regression.CALC_R09_MASS_01	Exact rational model.
CALC-R10.CYCLE.01	CALC-R10	lean_closed	PhonologicalCalculus.Regression.CALC_R10_CYCLE_01	Exact two-state relation model.
CALC-R11.FIBRE.01	CALC-R11	lean_closed	PhonologicalCalculus.Regression.CALC_R11_FIBRE_01	Exact rational pushforward.
CALC-R12.SERIES.01	CALC-R12	lean_closed	PhonologicalCalculus.Regression.CALC_R12_SERIES_01	Exact real geometric law under the registered open-unit-interval assumptions.
CALC-R13.MISMATCH.01	CALC-R13	lean_closed	PhonologicalCalculus.Regression.CALC_R13_MISMATCH_01	Exact finite model.
CALC-R14.BELL.01	CALC-R14	lean_closed	PhonologicalCalculus.Regression.CALC_R14_BELL_01	Exact Bell-number computation from mathlib's mathematical definition.
CALC-R15.EXTERNAL.01	CALC-R15	lean_closed	PhonologicalCalculus.Regression.CALC_R15_EXTERNAL_01	Exact typed decision record.
FIN-A1.INVERSE.01	FIN-A1	lean_closed	PhonologicalCalculus.finiteOrbitRecovery_equivalences;fin_a1_inverse_01	Collision freedom, injectivity, one-sided range recovery, and two-sided range recovery are equivalent, with an exact positive fixture.
FIN-A1.EMPTY.02	FIN-A1	lean_closed	PhonologicalCalculus.range_empty_of_isEmpty;fin_a1_empty_02	An empty licensed source has an exactly empty reachable image, so positive recovery on that image is vacuous.
FIN-A1.EQUIVARIANCE.03	FIN-A1	lean_closed	PhonologicalCalculus.Equivariant;equivariant_identity;fin_a1_equivariance_03	The exact identity-induced orbit fixture commutes with every declared action.
FIN-A1.NEGATIVE.04	FIN-A1	lean_closed	PhonologicalCalculus.fin_a1_negative_04	The explicit two-orbit collision fixture fails injectivity and both range-recovery predicates together.
FIN-A1.METAPROOF	FIN-A1	lean_closed	PhonologicalCalculus.fin_a1_semanticOrbitRecovery_from_weakening;inducedOrbitMap_mk;inverseOnRange_unique	Relation preservation constructs the induced map between source and target orbit quotients; collision freedom, nonvacuity, and unique image-inverse recovery then follow under the finite registered assumptions.
FIN-A2.PROOF.01	FIN-A2	lean_closed	PhonologicalCalculus.fin_a2_proof_01	The exact stable coherent identity proof is kernel-checked.
FIN-A2.OUTBOUND.02	FIN-A2	lean_closed	PhonologicalCalculus.fin_a2_outbound_02	An explicit complete target action sends an image point outside the raw image and therefore defeats representative recovery.
FIN-A2.COHERENCE.03	FIN-A2	lean_closed	PhonologicalCalculus.fin_a2_coherence_03	The declared complete Boolean action policy satisfies action-lift, identity, and composition coherence.
FIN-A2.METAPROOF	FIN-A2	lean_closed	PhonologicalCalculus.representativeRecovery_iff;fin_a2_representativeRecovery	The integrated equivalence proves that raw injectivity, complete target-image stability, and coherent action lifting are jointly necessary and sufficient for representative recovery.
FIN-A3.MARGINALS.01	FIN-A3	lean_closed	PhonologicalCalculus.fin_a3_marginals_01	Two exact joint laws have equal first and second binary marginals while remaining unequal.
FIN-A3.NONTERMINATION.02	FIN-A3	lean_closed	PhonologicalCalculus.fin_a3_nontermination_02;stoppedProbability_retains_nontermination	Conditioning identifies the exact unary stopped laws while their explicit infinity masses distinguish the underlying stopped-probability objects.
FIN-A3.EDGECASES.03	FIN-A3	lean_closed	PhonologicalCalculus.fin_a3_edgecases_03	The empty-word mass, summed path mass, deadlock label, structural-cycle flag, and zero infinity mass are stated as one exact typed ledger.
FIN-A3.TYPES.04	FIN-A3	lean_closed	PhonologicalCalculus.serialTags_pairwise_distinct;serialAnswer_constructors_disjoint;fin_a3_types_04	The four serial tags and their payload constructors are pairwise disjoint, and the registered tag list has length four without duplicates.
FIN-A3.METAPROOF	FIN-A3	lean_closed	PhonologicalCalculus.weightedSeries_admitsProbability_iff_normalized;prefixStoppedProjection_refused;fin_a3_typedSerialDecisions	The integrated theorem combines tag disjointness, the prospective cast guard, nontermination retention, the exact probability-normalization criterion, and prefix/stopped projection refusal.
FIN-A4.KERNEL.01	FIN-A4	lean_closed	PhonologicalCalculus.stronger_query_preservation_implies_weaker;adding_consumer_refines_kernel;product_query_kernel_exact	Factorization refines the query kernel, reduction preservation propagates to the weaker query, and the product kernel is exactly the intersection of its component kernels.
FIN-A4.CONVERSES.02	FIN-A4	lean_closed	PhonologicalCalculus.weak_preservation_does_not_imply_strong;added_consumer_can_strictly_refine;fin_a4_converse_boundary	Explicit two-point models kernel-check both forbidden converses.
FIN-A4.REACHABLE.03	FIN-A4	lean_closed	PhonologicalCalculus.finite_query_factorization_on_reachable_image	Factorization is proved exactly on the finite reachable image and nowhere else is claimed.
FIN-A4.METAPROOF	FIN-A4	lean_closed	PhonologicalCalculus.fin_a4_query_consumer_monotonicity	The integrated theorem checks factorized query refinement, propagation through a reduction, exact product-kernel intersection, and reachable-image factorization.
FIN-A5.CARRIER.01	FIN-A5	lean_closed	PhonologicalCalculus.productQuery_kernel_exact;kernelRefines_productQuery_iff;productQuery_minimum_carrier_cardinality	The dependent product query has exactly the intersection kernel, preserves exactly the component family, and supplies the finite minimum reachable-cardinality bound.
FIN-A5.PRICE.02	FIN-A5	lean_closed	PhonologicalCalculus.fin_a5_price_02;blockwiseAddedConsumerPrice_eq	The registered fixture has direct and blockwise added-consumer price exactly two.
FIN-A5.LOSS.03	FIN-A5	lean_closed	PhonologicalCalculus.firstLossIndex_specification;firstLossAt_supplies_irreversible_witness;fin_a5_loss_03	Every nonempty finite ordered loss set has a least loss stage with an irreversible witness, and the registered two-stage fixture has first loss at stage one.
FIN-A5.FACTORIZATION.04	FIN-A5	lean_closed	PhonologicalCalculus.factor_through_range_iff_kernel_refines;kernelRefines_productQuery_iff	Exact reachable-range factorization is equivalent to kernel refinement, including the complete dependent consumer family.
FIN-A5.REDUNDANCY.05	FIN-A5	lean_closed	PhonologicalCalculus.blockwiseAddedConsumerPrice_eq;addedConsumerPrice_eq_zero_iff_redundant	The fibre-sum formula equals the direct cardinality difference and vanishes exactly when the added consumer is constant on every old block.
FIN-A5.POSTPROCESS.06	FIN-A5	lean_closed	PhonologicalCalculus.irreversible_deterministic_loss;irreversible_markov_loss	Deterministic and complete-row Markov suffixes receiving only the reduced value cannot reconstruct a collapsed registered distinction.
FIN-A5.UNIVERSAL.07	FIN-A5	lean_closed	PhonologicalCalculus.injective_iff_all_consumers_preserved	Injectivity is equivalent to preservation of every typed consumer; a collision is separated by an explicit Boolean consumer.
FIN-A5.COLLISIONS.08	FIN-A5	lean_closed	PhonologicalCalculus.collisionSet_comp_decomposition;collisionSet_comp_decomposition_disjoint	A two-map composite decomposes exactly into disjoint inherited and newly introduced collisions, yielding the finite-chain result by iteration.
FIN-A5.METAPROOF	FIN-A5	lean_closed	PhonologicalCalculus.fin_a5_carrierAlgebra;productQuery_minimum_carrier_cardinality;blockwiseAddedConsumerPrice_eq;firstLossIndex_specification;collisionSet_comp_decomposition	The generic finite propositions jointly represent the registered product-carrier, price, earliest-loss, and irreversible-postprocessing derivation.
FIN-A6.LATTICE.01	FIN-A6	lean_closed	PhonologicalCalculus.fin_a6_lattice_01	The two Boolean coordinate carriers are incomparable, each has two reachable labels, and their product has all four labels.
FIN-A6.CLOSURE.02	FIN-A6	lean_closed	PhonologicalCalculus.redundancyClosure_extensive;redundancyClosure_monotone;redundancyClosure_idempotent;fin_a6_directInformationLattice	Redundancy closure on a fixed finite homogeneous consumer universe is extensive, monotone, and idempotent.
FIN-A6.DEFINEDNESS.03	FIN-A6	lean_closed	PhonologicalCalculus.different_definedness_refutes_strongness;fin_a6_definedness_03	The registered relation identifies two arguments with different operation definedness and therefore cannot be a strong partial congruence.
FIN-A6.LATTICEOPS.04	FIN-A6	lean_closed	PhonologicalCalculus.closedBattery_intersection;closedBattery_join;fin_a6_directInformationLattice	Closed direct consumer batteries have intersection as meet and closure of union as join.
FIN-A6.CONTEXT.05	FIN-A6	lean_closed	PhonologicalCalculus.strongPartialCongruence_intersection;fin_a6_contextualIntersectionAndDefinedness	A nonempty intersection of strong congruences for one fixed complete partial signature remains strong.
FIN-A6.METAPROOF	FIN-A6	lean_closed	PhonologicalCalculus.fin_a6_constructedArbitraryFinitaryManySortedContextual;completeManySortedContextRelation_isGreatest;fin_a6_finiteManySortedContextualRefinement_metaproof;different_definedness_refutes_manySortedStrongness	Finite one-hole contexts construct the greatest strong congruence below every heterogeneous observation kernel for an arbitrary-finitary many-sorted partial signature. Exact product-observation intersection follows, and every contracting complete splitter that preserves this target and whose fixed points lie below it reaches the target on finite tagged carriers within the initial graph cardinality.
FIN-A7.DIAGRAM.01	FIN-A7	lean_closed	PhonologicalCalculus.ResponseImport.reader_encode;PhonologicalCalculus.ResponseImport.query_square;PhonologicalCalculus.fin_a7_responseImport	The source-to-code reader square and descended semantic transformation square commute exactly on the complete reachable image.
FIN-A7.SECTION.02	FIN-A7	lean_closed	PhonologicalCalculus.ResponseImport.mismatch_has_source;PhonologicalCalculus.missing_section_preserves_carrier_decision	Every reachable mismatch denotes a source preimage, while absence of a registered effective section leaves carrier classification available and source-witness output refused.
FIN-A7.CODE.03	FIN-A7	lean_closed	PhonologicalCalculus.ResponseImport;ResponseImport.mem_mismatchCodes_iff;fin_a7_responseImport	The response-import contract carries an exact finite reachable code image, interpretation, semantic equality procedure with correctness proof, reader, descent, and both commuting squares.
FIN-A7.POSITIVESECTION.04	FIN-A7	lean_closed	PhonologicalCalculus.finiteLeastSection_is_section;finiteLeastSection_is_least;sectionOnRange_unique_of_injective	A finite linearly ordered source admits an effective least-preimage section on its complete reachable image, with leastness and injective-case uniqueness.
FIN-A7.REFUSALS.05	FIN-A7	lean_closed	PhonologicalCalculus.missing_section_preserves_carrier_decision;missing_core_field_refuses_carrier	Omitting only the source section preserves carrier readiness and refuses source lifting; omission of any core field refuses the carrier decision.
FIN-A7.METAPROOF	FIN-A7	lean_closed	PhonologicalCalculus.fin_a7_responseImport;section_lifts_every_code;finiteLeastSection_is_section	The integrated bridge, mismatch provenance, semantic-equality correctness, and section theorems jointly establish the registered finite import and witness-lifting boundary.
CHG-B1.RUNMIN.01	CHG-B1	lean_closed	PhonologicalCalculus.ContinuousHG.generalPowerPathHarmony_runningMinimum_le;generalPowerPathHarmony_runningMinimum_lt_of_changed	The running-minimum energy inequality and strict decrease after any changed coordinate hold for every registered real exponent greater than one.
CHG-B1.SIMPLEX.02	CHG-B1	lean_closed	PhonologicalCalculus.ContinuousHG.chg_b1_simplex_02	The exact registered fixture identity and its admissible solid-simplex coordinate correspondence are kernel-checked.
CHG-B1.CONVEX.03	CHG-B1	lean_closed	PhonologicalCalculus.ContinuousHG.rpow_strict_tangent;powerObjective_strict_supporting_hyperplane;generalPower_monotone_simplex_strict_package	The real-power reduced objective has an exact strict supporting-hyperplane proof on the nonnegative orthant for every p greater than one.
CHG-B1.METAPROOF	CHG-B1	lean_closed	PhonologicalCalculus.ContinuousHG.generalPower_monotone_simplex_strict_package	The registered running-minimum, solid-simplex, and real-power strict-convexity components are assembled in one universal theorem.
CHG-B2.ASSUMPTIONS.01	CHG-B2	lean_closed	PhonologicalCalculus.ContinuousHG.exists_generalPowerFirstZeroCell	Every positive h,m and real p greater than one admits a finite canonical threshold cell.
CHG-B2.KKT.02	CHG-B2	lean_closed	PhonologicalCalculus.ContinuousHG.power_unique_minimizer_of_simplex_kkt;powerKKTDecrease_unique_minimizer;generalPower_boundary_optimizer_exists	The general real-power shifted KKT candidate is proved to be the unique solid-simplex optimizer at the boundary horizon.
CHG-B2.EXTENSION.03	CHG-B2	lean_closed	PhonologicalCalculus.ContinuousHG.powerPathDecrease_extension_old;powerPathDecrease_extension_new_zero;generalPower_extension_stable_unique_optimizer;generalPower_profile_extension_stable	The affine multiplier shift preserves the complete old optimizer, appends exact zero decreases, preserves reconstructed profiles, and remains uniquely optimal at every longer horizon.
CHG-B2.BOUNDARY.04	CHG-B2	lean_closed	PhonologicalCalculus.ContinuousHG.chg_b2_boundary_04	The equality-side profile, complete zero tail, strict support boundary, and first zero are stated directly and kernel-checked.
CHG-B2.ANCHORS.05	CHG-B2	lean_closed	PhonologicalCalculus.ContinuousHG.chg_b2_anchors_05	All three registered rational support indices and profile lists are stated directly and kernel-checked.
CHG-B2.METAPROOF	CHG-B2	lean_closed	PhonologicalCalculus.ContinuousHG.generalPower_unconditional_all_horizon_finite_persistence	The unique threshold, KKT optimizer, exact first-zero profile, and extension-stable all-horizon theorem are composed without a preselected K.
CHG-B3.UNSATURATED.01	CHG-B3	lean_closed	PhonologicalCalculus.ContinuousHG.chg_b3_unsaturated_01	The exact unsaturated decrease vector, reconstructed profile, and strict budget slack are kernel-checked.
CHG-B3.SATURATED.02	CHG-B3	lean_closed	PhonologicalCalculus.ContinuousHG.chg_b3_saturated_02	The exact saturated decrease vector, unit mass, and reconstructed profile are kernel-checked.
CHG-B3.SUPPORT.03	CHG-B3	lean_closed	PhonologicalCalculus.ContinuousHG.chg_b3_support_03;quadraticPositiveFollowerCount_support_iff	All six registered strict support cells and the generic support interpretation of each count are kernel-checked.
CHG-B3.PROJECTION.04	CHG-B3	lean_closed	PhonologicalCalculus.ContinuousHG.quadratic_unconstrained_ratio_distance;chg_b3_projection_04	The generic exact squared distance between two ratio-scaled finite weight vectors is proved, and the registered three-coordinate projection-bound fixture holds by equality before projection.
CHG-B3.METAPROOF	CHG-B3	lean_closed	PhonologicalCalculus.ContinuousHG.chg_b3_complete_quadratic_active_set;quadratic_minimizer_is_metric_projection;solidSimplex_euclidean_convex;quadratic_ratio_minimizers_nonexpansive	The universal quadratic active-set theorem is composed with the exact Euclidean projection bridge and nonexpansiveness theorem for the actual constrained optimizers.
CHG-B4.LITTLEO.01	CHG-B4	lean_closed	PhonologicalCalculus.ContinuousHG.endpointPerturbation_eventually_negative	A positive linear markedness term dominates any edge response that is little-o of the endpoint perturbation, producing a strictly improving nearby candidate.
CHG-B4.QUADRATIC.02	CHG-B4	lean_closed	PhonologicalCalculus.ContinuousHG.clippedQuadraticOptimizer_mem_unit;clippedQuadraticOptimizer_unique_minimizer	The clipped value belongs to the unit interval and is the unique minimizer of the registered one-follower quadratic objective there.
CHG-B4.METAPROOF	CHG-B4	lean_closed	PhonologicalCalculus.ContinuousHG.chg_b4_endpoint_obstruction	The integrated proposition combines the little-o obstruction with the exact quadratic optimizer under the declared hypotheses.
CHG-B5.ENDPOINTS.01	CHG-B5	lean_closed	PhonologicalCalculus.ContinuousHG.sublinear_exponentFace_minimizer_iff_endpoint;linear_exponentFace_all_minimizers;chg_b5_endpoints_01	On the equality face, only the two endpoints minimize for every positive sublinear exponent, whereas every point minimizes at exponent one; the registered grids follow exactly.
CHG-B5.REPAIR.02	CHG-B5	lean_closed	PhonologicalCalculus.ContinuousHG.sublinear_concentrated_repair_le_split;linear_repair_distribution_indifferent;superlinear_split_repair_le_concentrated;chg_b5_repair_02	For a fixed nonnegative two-edge repair, concentration, indifference, and distribution obey the registered weak orders below, at, and above exponent one, with exact finite witnesses.
CHG-B5.METAPROOF	CHG-B5	lean_closed	PhonologicalCalculus.ContinuousHG.chg_b5_full_path_exponent_boundary;sublinear_powerPath_minimizer_above_iff;sublinear_powerPath_minimizer_equal_iff;sublinear_powerPath_minimizer_below_iff;linear_powerPath_minimizer_above_iff;linear_powerPath_minimizer_equal_iff;linear_powerPath_minimizer_below_iff;superlinear_finite_equal_distribution_lowerBound;chg_b5_complete_exponent_boundary	The integrated finite-path proposition assembles exact sublinear and linear optimizer classifications above, at, and below `h = mN`, plus the finite superlinear equal-distribution lower bound. A second integrated proposition retains the exact equality-face and fixed two-edge repair laws. All assumptions, including nonempty horizons and positive weights where used, remain explicit.
CHG-B6.CLASSIFY.01	CHG-B6	lean_closed	PhonologicalCalculus.ContinuousHG.chg_b6_allBack_weak_iff;chg_b6_allBack_unique_iff;chg_b6_superlinear_boundary_ties;chg_b6_linear_boundary_ties	The weak and unique all-back boundaries and both superlinear and linear equality tie sets are classified on the complete admitted integer lattice.
CHG-B6.ONESTEP.02	CHG-B6	lean_closed	PhonologicalCalculus.ContinuousHG.chg_b6_oneStep_difference	The first-edge one-step competitor has exactly the registered harmony difference and therefore supplies boundary necessity.
CHG-B6.METAPROOF	CHG-B6	lean_closed	PhonologicalCalculus.ContinuousHG.uniformLattice_allBack_weak_iff;uniformLattice_allBack_unique_iff;uniformLattice_superlinear_boundary_ties;uniformLattice_linear_boundary_ties	The abstract finite-lattice inequalities, strictness proof, and equality cases specialize to the complete directional path theorem.
CHG-B7.GAUGE.01	CHG-B7	lean_closed	PhonologicalCalculus.ContinuousHG.pathHarmony_common_scale;chg_b7_common_scale_preorder	Common positive scaling multiplies every complete harmony by the same factor and preserves the deterministic preorder exactly.
CHG-B7.PHASE.02	CHG-B7	lean_closed	PhonologicalCalculus.ContinuousHG.quadraticRatioPhaseCell_iff;chg_b7_phase_02	The exact ratio-cell equivalence and all first five registered half-open quadratic phase cells are kernel-checked.
CHG-B7.ASYMPTOTIC.03	CHG-B7	lean_closed	PhonologicalCalculus.ContinuousHG.quadratic_phase_index_div_sqrt_tendsto_two	Every integer phase selector satisfying the triangular inequalities has K(rho)/sqrt(rho) tending to two, without assuming a rounding convention.
CHG-B7.METAPROOF	CHG-B7	lean_closed	PhonologicalCalculus.ContinuousHG.chg_b7_complete_general_power_persistence;generalPowerReachCoefficient_eq_canonical	The integrated all-p theorem supplies gauge invariance, exact phase/first-zero equivalence, unique monotone staircase, and the selection-rule-independent sharp reach asymptotic in the canonical closed form.
CHG-B8.RATIO.01	CHG-B8	lean_closed	PhonologicalCalculus.ContinuousHG.chg_b8_weak_ratio_iff;chg_b8_strict_ratio_iff	The weak and strict lattice boundaries are equivalent to the corresponding dimensionless support-resolution ratio inequalities.
CHG-B8.HORIZON.02	CHG-B8	lean_closed	PhonologicalCalculus.ContinuousHG.chg_b8_weak_horizon_iff;chg_b8_strict_horizon_iff	The weak maximum horizon is the natural floor of the capacity and the strict maximum horizon is one less than its natural ceiling.
CHG-B8.METAPROOF	CHG-B8	lean_closed	PhonologicalCalculus.ContinuousHG.chg_b8_weak_critical_mesh_iff;chg_b8_below_critical_mesh_iff	The critical support mesh gives exact weak-boundary and below-boundary equivalences under the registered positive parameters and superlinear exponent.
CHG-B9.NORMALIZE.01	CHG-B9	lean_closed	PhonologicalCalculus.ContinuousHG.chg_b9_normalize_01;normalizedPhaseDecrease_sum	The registered shifted-power decrease vector has exact unit mass.
CHG-B9.GAPS.02	CHG-B9	lean_closed	PhonologicalCalculus.ContinuousHG.chg_b9_gaps_02;normalizedProfileLoss_powered_gap	The registered gap sequence and the generic powered-gap identity under the declared phase equation are kernel-checked.
CHG-B9.PROFILE.03	CHG-B9	lean_closed	PhonologicalCalculus.ContinuousHG.chg_b9_profile_03;normalizedPhaseProfile_sub_succ	The registered normalized profile and its generic remaining-mass recurrence are kernel-checked.
CHG-B9.METAPROOF	CHG-B9	lean_closed	PhonologicalCalculus.ContinuousHG.chg_b9_complete_optimizer_phase_profile;exists_unique_phaseOffset_of_firstZeroCell;powerPathMass_one_iff_phaseEquation;powerProfileFromDecreases_eq_normalizedPhaseProfile;normalizedPhaseProfile_strict_secondDifference_pos	The exact KKT optimizer proof supplies the unique normalized phase, exact mass equation, full profile identity, powered-gap law, and strict active discrete convexity under the registered first-zero-cell assumptions.
CHG-B10.MONOTONE.01	CHG-B10	lean_closed	PhonologicalCalculus.ContinuousHG.normalizedPhaseProfile_global_mono_ratio;generalPower_boundary_optimizer_profile_global_mono_ratio;chg_b10_monotone_01	Coordinatewise monotonicity is proved for every real p>1 for the actual unique boundary optimizers, including comparisons that cross arbitrarily many support phases; the registered row is an exact instance.
CHG-B10.EXTENSION.02	CHG-B10	lean_closed	PhonologicalCalculus.ContinuousHG.chg_b10_extension_02	The registered quadratic horizon is the first threshold and its unique optimizer remains stable under every finite extension.
CHG-B10.BOUNDARY.03	CHG-B10	lean_closed	PhonologicalCalculus.ContinuousHG.normalizedPhaseProfile_phase_boundary;normalizedPhaseProfile_phase_paste_tendsto;chg_b10_boundary_03;chg_b10_boundary_03_tendsto	For every q>0, adjacent normalized phase formulae paste exactly coordinatewise and the entering profile converges one-sidedly to that boundary; the registered six-coordinate instance is also checked.
CHG-B10.METAPROOF	CHG-B10	lean_closed	PhonologicalCalculus.ContinuousHG.chg_b10_complete_global_comparative_statics;normalizedPhaseProfile_global_mono_ratio;generalPower_boundary_optimizer_profile_global_mono_ratio;generalPowerFirstZeroCell_least_stablePositive;generalPowerFirstZeroCell_all_later_stablePositive;powerPathMinimumValue_concave_all_phases;normalizedPhaseProfile_phase_paste_tendsto	The universal package is exact: global all-p optimizer monotonicity across support changes, explicit least-and-all-later profile-extension stability, all-phase minimum-value concavity, and one-sided continuous phase pasting are assembled in one kernel-checked theorem.
CHG-B11.PHASE.01	CHG-B11	lean_closed	PhonologicalCalculus.ContinuousHG.quadratic_phase_four_iff_ratio_cell;chg_b11_phase_01	Four positive quadratic decreases identify exactly the registered strict/weak ratio cell, including its exact fixture.
CHG-B11.RATIO.02	CHG-B11	lean_closed	PhonologicalCalculus.ContinuousHG.powered_gap_recovers_ratio;powered_gap_pair_consistency;chg_b11_ratio_02	Any admitted nonzero powered gap recovers the common weight ratio and two pairs must agree; the registered pair recovers five exactly.
CHG-B11.TRIPLE.03	CHG-B11	lean_closed	PhonologicalCalculus.ContinuousHG.logConcaveTriple_existsUnique_positive_root;logConcaveTriple_existsUnique_exponentAboveOne;chg_b11_triple_03	For every positive strictly decreasing triple with strict log-concavity, the exponential equation has exactly one positive root and therefore identifies exactly one exponent greater than one; the registered fixture is retained as a direct exact instance.
CHG-B11.SCALE.04	CHG-B11	lean_closed	PhonologicalCalculus.ContinuousHG.common_positive_scale_ratio;chg_b11_scale_04	Common positive scaling preserves the ratio generically and the registered sevenfold scaling preserves the complete deterministic harmony preorder.
CHG-B11.METAPROOF	CHG-B11	lean_closed	PhonologicalCalculus.ContinuousHG.chg_b11_complete_query_relative_identifiability;poweredGapFamilyAdmission_consecutive_triple_identifies	The global admission predicate supplies both consecutive powered-gap equations; the admitted `(p,rho)` satisfies the local system and is the unique admissible pair, while common scaling remains a gauge.
CHG-B12.SEQUENCE.01	CHG-B12	lean_closed	PhonologicalCalculus.ContinuousHG.chg_b12_decimal_sequence;chg_b12_decimal_targets_are_nearest;nearest_rationalGridPoint_of_midpoints	The six registered rational targets, error and nonidentity facts, and global nearest-point property on each stated decimal lattice are kernel-checked.
CHG-B12.DENOMINATOR.02	CHG-B12	lean_closed	PhonologicalCalculus.ContinuousHG.fortyOne_over_fortyTwo_not_terminating_decimal	No natural denominator of the form ten to a power represents 41/42; the proof reduces a hypothetical equality modulo three.
CHG-B12.METAPROOF	CHG-B12	lean_closed	PhonologicalCalculus.ContinuousHG.compact_lattice_minimizers_converge;absent_optimizer_ne_lattice_minimizer;locally_constant_query_eventually_preserved;UniformSimplexLattice.finite;UniformSimplexLattice.nonempty;exists_uniformSimplexLattice_minimizer;exactUniformSimplexLatticeMinimizer_spec;isClosed_solidSimplex;isCompact_solidSimplex;uniformSimplexFloorApprox_mem;uniformSimplexFloorApprox_coordinate_tendsto;uniformSimplexFloorApprox_tendsto;uniformSimplexLattice_minimizers_converge;exactUniformSimplexLatticeMinimizer_tendsto;chg_b12_uniformSimplexLattice_convergence_without_identity;chg_b12_exactUniformSimplexLattice_selectedMinimizers;chg_b12_lattice_convergence_without_identity	Lean now discharges the complete uniform-simplex lattice foundation internally: finite/nonempty grids, exact argmin existence and canonical choice, compact carrier, explicit coordinatewise floor approximation with membership and convergence, and convergence of both arbitrary exact grid minimizers and the canonical selected minimizers. Under lattice absence, exact identity fails at every stage, while every locally constant query is eventually preserved. The older abstract compact-subset theorem remains as a reusable generic layer.
CHG-B13.PARABOLA.01	CHG-B13	lean_closed	PhonologicalCalculus.ContinuousHG.chg_b13_parabola_01	The registered quadratic normalized-profile anchor converges exactly to 4/9.
CHG-B13.DENSITY.02	CHG-B13	lean_closed	PhonologicalCalculus.ContinuousHG.chg_b13_density_02;scalingDensity_intervalIntegral	The generic decrement density has unit mass, and its registered quadratic first moment is exactly 1/3.
CHG-B13.QUANTILE.03	CHG-B13	lean_closed	PhonologicalCalculus.ContinuousHG.chg_b13_quantile_03;scalingProfile_at_repairQuantile;scalingRepairFraction_at_quantile	The registered quadratic median repair quantile is exactly one half, and the general-p closed-form quantile inverts the analytic accumulated-repair profile for every admitted fraction in the unit interval.
CHG-B13.METAPROOF	CHG-B13	lean_closed	PhonologicalCalculus.ContinuousHG.chg_b13_uniform_long_support_scaling;normalizedPhaseProfile_uniform_scaling;normalizedPhaseDecrease_uniform_scaling;shiftedPowerSum_uniform_integral_scaling;chg_b13_exact_moment_package;chg_b7_complete_general_power_persistence	The complete fixed-p theorem is kernel-checked: uniform finite-profile and finite-decrement convergence holds simultaneously over all active coordinates and bounded phase offsets; the exact reach asymptotic and the limiting shape, density, unit-mass, moment, and quantile calculus are linked by the registered modules.
CHG-B14.REGIMES.01	CHG-B14	lean_closed	PhonologicalCalculus.ContinuousHG.chg_b14_regimes_01;supportOnsetOrder_subquadratic;supportOnsetOrder_quadratic_or_harder	The onset orders at the three registered branch representatives and the abstract branch classifier are exact.
CHG-B14.COEFFICIENT.02	CHG-B14	lean_closed	PhonologicalCalculus.ContinuousHG.chg_b14_coefficient_02	The registered quadratic leading coefficient is exactly 1/25.
CHG-B14.CONTINUITY.03	CHG-B14	lean_closed	PhonologicalCalculus.ContinuousHG.chg_b14_continuity_03;positivePower_ratio_tendsto_zero	The entering quadratic coordinate and the generic positive-power ratio with positive limiting denominator tend to zero from the active side.
CHG-B14.METAPROOF	CHG-B14	lean_closed	PhonologicalCalculus.ContinuousHG.chg_b14_complete_ratio_onset_and_optimizer;chg_b14_phaseParameter_asymptotic_package;supportBirthRatio_excess_div_mass_excess_tendsto;supportBirthEntering_actualCoordinateProof;chg_b14_actualOptimizer_supportBirth_package	The complete three-regime ratio-scale asymptotic is kernel-checked with exact positive coefficients. The phase mass is transported to h/m by an exact change of variables, and an explicit eta=1-t KKT proof identifies the asymptotic newborn coordinate with coordinate k of the actual unique optimizer before assembling continuous support birth without a tie.
CHG-B15.EQUALITY.01	CHG-B15	lean_closed	PhonologicalCalculus.ContinuousHG.equalityBoundaryDecrease_tendsto;equalityBoundaryProfile_tendsto;chg_b15_equality_01	The fixed equality path converges exactly to the activity value one minus exp(-1).
CHG-B15.VARIATIONAL.02	CHG-B15	lean_closed	PhonologicalCalculus.ContinuousHG.exp_neg_one_minimizes_linearBoundaryCorrection;linearBoundaryCorrection_minimizer_iff;chg_b15_variational_02	The first-order correction t log t has the unique global nonnegative minimizer exp(-1).
CHG-B15.PATH.03	CHG-B15	lean_closed	PhonologicalCalculus.ContinuousHG.jointBoundaryDecrease_tendsto;jointBoundaryProfile_tendsto;jointBoundaryLimit_mem_Ioo;exists_jointBoundaryParameter;chg_b15_path_03	Every fixed first-order joint path has its exact exponential limit; parameters greater than minus one select, and collectively cover, the complete strict interior linear tie segment. The registered zero-perturbation row is recovered as a special case.
CHG-B15.UPCAST.04	CHG-B15	lean_closed	PhonologicalCalculus.ContinuousHG.singular_selected_set_ne_linear_tie_face;chg_b15_upcast_04	The midpoint supplies an exact counterwitness showing that the limiting selected set is not the complete linear tie face.
CHG-B15.METAPROOF	CHG-B15	lean_closed	PhonologicalCalculus.ContinuousHG.chg_b15_full_vector_optimizer_boundary_law	The integrated fixed-N package proves actual unique vector optimizers, the first-coordinate selector, vanishing of every later decrease, and every reconstructed activity limit in all registered fixed-ratio and first-order joint-path regimes.
CHG-B16.LAMBDA.01	CHG-B16	lean_closed	PhonologicalCalculus.ContinuousHG.hardExponentScale_tendsto_zero	The logarithmic hard-exponent scale tends exactly to zero for every fixed positive ratio.
CHG-B16.ONEFOLLOWER.02	CHG-B16	lean_closed	PhonologicalCalculus.ContinuousHG.hardExponentFollower_exp_identity;chg_b16_oneFollower_positivity_02_03	The one-follower activity has the exact registered exponential form.
CHG-B16.POSITIVITY.03	CHG-B16	lean_closed	PhonologicalCalculus.ContinuousHG.hardExponentFollower_pos_iff;chg_b16_positivity_not_full_phase	Finite-exponent positivity is equivalent to the strict lower boundary and does not imply the full phase-two condition.
CHG-B16.SUPPORT.04	CHG-B16	lean_closed	PhonologicalCalculus.ContinuousHG.chg_b16_support_04;hardExponentPhaseTwo_iff_generalPowerFirstZeroCell_two;hardExponentGeneralPower_supportTwo_eventually	All three registered anchors are exact, and the complete phase-two/first-zero equivalence plus eventual K_p=2 support theorem holds for every fixed positive ratio.
CHG-B16.NONCOMMUTE.05	CHG-B16	lean_closed	PhonologicalCalculus.ContinuousHG.chg_b16_noncommute_05;hardExponentFollower_tendsto_zero;phaseTwo_actualFollower_tendsto_zero;chg_b16_actual_support_metric_noncommutation	The actual unique phase-two optimizer keeps its sole follower strictly positive at every admitted finite exponent while that same follower converges metrically to zero; this is no longer represented only by a one-horizon envelope anchor.
CHG-B16.METAPROOF	CHG-B16	lean_closed	PhonologicalCalculus.ContinuousHG.chg_b16_unconditional_actual_hard_exponent_law;chg_b16_actualFollower_complete_asymptotic;phaseTwo_actualFollower_div_scale_tendsto_one;phaseTwoNormalizedFollower_sharp_bounds;hardExponentActualOffset_spec	The unconditional fixed-ratio theorem selects the actual eventual phase-two optimizer, proves exact support and all-horizon uniqueness, transfers the sharp logarithmic first-order law from the envelope to the actual follower, and combines it with the zero metric limit.
CTX-C1.PHASE.01	CTX-C1	lean_closed	PhonologicalCalculus.Context.ctx_c1_phase_01	The two registered phase-coordinate ratios are evaluated exactly as 7/2 and 9/2.
CTX-C1.CENTER.02	CTX-C1	lean_closed	PhonologicalCalculus.Context.ctx_c1_center_02	The two exact eight-edge center-support values are 0 and 1/9.
CTX-C1.CARRIER.03	CTX-C1	lean_closed	PhonologicalCalculus.Context.ctx_c1_carrier_03	The registered pair has the same first-zero index and different half-phase bits, proving the two-bit carrier witness.
CTX-C1.GENERAL.04	CTX-C1	lean_closed	PhonologicalCalculus.Context.ctx_c1_general_04_analytic;ctx_c1_actual_carrier_witness	The unique phase and unique boxed optimizer are derived at every span; the exact 2K-1, 2K, and 2K+1 support regimes, phase-bit sufficiency, and an objective-level necessity witness close the registered two-component carrier.
CTX-C2.ORDER.01	CTX-C2	lean_closed	PhonologicalCalculus.Context.ctx_c2_order_01	The exact two-candidate directional/absolute complete-order reversal is kernel-checked.
CTX-C2.SHORTEST.02	CTX-C2	lean_closed	PhonologicalCalculus.Context.ctx_c2_shortest_02	The exact K=2, u=1/4 shortest opposite-trigger separator has the registered directional and absolute center values.
CTX-C2.GENERAL.03	CTX-C2	lean_closed	PhonologicalCalculus.Context.ctx_c2_general_03_analytic	The one-trigger equality and both unique-optimizer maximum-gap laws are connected at objective level, and the shortest opposite-trigger separator at K+1 follows for every admitted K at least two.
FLUX-D1.SHIFT.01	FLUX-D1	lean_closed	PhonologicalCalculus.Flux.periodicFluxGauge_shift;periodicFluxGauge_shiftEquivariant;periodicFluxGauge_strictMono	The explicit sinusoidal recoding has the registered shift law and is strictly increasing when the amplitude has absolute value below one.
FLUX-D1.POTENTIAL.02	FLUX-D1	lean_closed	PhonologicalCalculus.Flux.periodicFluxPotential_hasDerivAt;periodicFluxPotential_zero	The displayed potential has exactly the registered flux derivative and zero normalization.
FLUX-D1.REVERSAL.03	FLUX-D1	lean_closed	PhonologicalCalculus.Flux.flux_d1_reversal_03	The registered transformed-minus-baseline candidate difference has the exact closed form and is strictly negative.
FLUX-D1.NECESSITY.04	FLUX-D1	lean_closed	PhonologicalCalculus.Flux.flux_d1_completePathWinnerBridge;shiftEquivariant_of_completeFreeProbeWinnerEquivalence	Complete free two-edge winner-predicate equality forces the shift law only in the necessity branch; the sufficiency branch covers arbitrary free/lower/upper box paths. Both directions are relative to separate baseline and transformed exact KKT-to-winner contracts.
FLUX-D2.PERIOD.01	FLUX-D2	lean_closed	PhonologicalCalculus.Flux.flux_d2_period_01	The two registered loads are exactly 21 and 5 multiples of the common rational period.
FLUX-D2.STAR.02	FLUX-D2	lean_closed	PhonologicalCalculus.Flux.flux_d2_star_02	The registered period-one star context has exact nonzero defect -1/(2 pi).
FLUX-D2.RIGIDITY.03	FLUX-D2	lean_closed	PhonologicalCalculus.Flux.flux_d2_rigidity_03;incommensurate_shift_rigidity;complete_star_rigidity	The two-path branch uses complete winner probes at both loads, separate exact path-KKT contracts, continuity, F(0)=0 and irrational load ratio. The star branch uses complete star-winner equality, separate exact star-KKT contracts, continuity, oddness and nonzero load.
FLUX-D3.NULL.01	FLUX-D3	lean_closed	PhonologicalCalculus.Flux.flux_d3_null_01	Both registered exact ledger rows annihilate the declared nonzero three-mode coefficient vector.
FLUX-D3.MONOTONE.02	FLUX-D3	lean_closed	PhonologicalCalculus.Flux.flux_d3_monotone_02	The registered scaling has exact derivative lower bound 9/10, which is strictly positive.
FLUX-D3.UNREGISTERED.03	FLUX-D3	lean_closed	PhonologicalCalculus.Flux.flux_d3_unregistered_03	The held-out two-edge score is exactly 1/(280 pi^2) and nonzero.
FLUX-D3.GENERAL.04	FLUX-D3	lean_closed	PhonologicalCalculus.Flux.flux_d3_general_04;flux_d3_general_04_arbitrarily_close;finiteLedger_all_consumers_preserved;finiteLedgerGauge_completeWinnerPredicates_eq;finiteLedger_nullity_lowerBound	The K-J nullity lower bound, analytic periodic synthesis, explicit derivative-budget monotonicity, arbitrary finite-seminorm closeness, nonidentity held-out witness, exact score and deterministic-consumer preservation, and fixed-load path-winner transport are all kernel-checked at the registered ledger-relative scope.
FLUX-D4.SCALES.01	FLUX-D4	lean_closed	PhonologicalCalculus.Flux.flux_d4_scales_01	The drop scale is exactly p times the response scale under the registered nonzero-denominator hypotheses.
FLUX-D4.COEFFICIENTS.02	FLUX-D4	lean_closed	PhonologicalCalculus.Flux.flux_d4_coefficients_02	The regular- and cubic-contact coefficients are evaluated exactly as 25/2 and 8125 pi^2/12.
FLUX-D4.NORMALFORM.03	FLUX-D4	lean_closed	PhonologicalCalculus.Flux.lambert_normal_form_identity;lambert_normal_form_coefficient;lambert_log_slope_atTop	The Lambert defining equation yields the exact normal-form identity, exact coefficient recovery, and logarithmic-slope limit.
FLUX-D4.PERTURBATION.04	FLUX-D4	lean_closed	PhonologicalCalculus.Flux.flux_d4_complete_with_canonical_lambert	The response-exponent branches, all positive odd raised-cosine contacts, unique positive Lambert branch, corrected quotient balance, coefficient recovery, logarithmic slope, and ratio-one representative are checked from the registered normalized remainder. The withdrawn KKT/contact-germ-to-remainder derivation is not asserted by this proof goal.
FLUX-D5.FINITE.01	FLUX-D5	lean_closed	PhonologicalCalculus.Flux.flux_d5_finite_01;finiteAuditPerturbation_preserves_ledger;finiteAuditPerturbation_injective	The explicit analytic periodic primitive preserves the registered points and marginal jet while an injectively parameterized real family remains distinguishable at a held-out point.
FLUX-D5.RECURRENCE.02	FLUX-D5	lean_closed	PhonologicalCalculus.Flux.flux_d5_recurrence_02	The declared first-difference recurrence with terminal zero telescopes exactly to the registered powered-drop sum; no KKT derivation is claimed here.
FLUX-D5.IDENTITY.03	FLUX-D5	lean_closed	PhonologicalCalculus.Flux.terminalKKT_accumulatingResponse_identifies;accumulatingExactResponses_identify;flux_d5_identity_03	A shared exact terminal-recurrence response on an interior accumulating sample identifies both analytic laws throughout their common preconnected domain; every recurrence, sampling, analyticity, connectedness, and accumulation premise is explicit.
SUP-E1.DERIVATIVE.01	SUP-E1	lean_closed	PhonologicalCalculus.Support.zeroLiftingRightDerivative_eq;zeroLiftingRightDerivative_zero_slopes;zeroLiftingRightDerivative_negative;sup_e1_derivative_01	The generic zero-lift right derivative, its zero-slope reduction, strict negativity, and registered exact instance are kernel-checked.
SUP-E1.BOUND.02	SUP-E1	lean_closed	PhonologicalCalculus.Support.strictPositivePrefix_le_ceil_sub_one;strictPositivePrefix_registered_bound;sup_e1_bound_02	The generic strict flux inequality implies the registered ceiling bound, including its exact integer boundary instance.
SUP-E1.GENERAL.03	SUP-E1	lean_closed	PhonologicalCalculus.Support.sup_e1_completeEndpointWinnerBridge;endpointWinner_supportClassification	The local lift, free/lower endpoint proof, flux recurrence, terminal and initial bounds, and exact winner predicate are composed into the complete support classification relative to the explicitly named inherited smooth-convex KKT-to-winner contract.
SUP-E2.CONTRADICTION.01	SUP-E2	lean_closed	PhonologicalCalculus.Support.sup_e2_contradiction_01	The old-terminal, new-interior, and positive new-terminal stationarity equations yield the registered contradiction.
SUP-E2.QUADRATIC.02	SUP-E2	lean_closed	PhonologicalCalculus.Support.matchedSquareOne_uniqueMinimum;matchedSquareTwo_uniqueMinimum;sup_e2_quadratic_02	Completed-square proofs establish unique profiles [1, 1/2] and [1, 2/5, 1/5] and their prefix difference.
SUP-E2.ZEROEXTEND.03	SUP-E2	lean_closed	PhonologicalCalculus.Support.stableQuadraticCoordinate_zeroTail;sup_e2_zeroextend_03	The registered prefix is preserved exactly after extension beyond the first zero, with a universal zero-tail lemma.
SUP-E3.ROOT.01	SUP-E3	lean_closed	PhonologicalCalculus.Support.sup_e3_root_01;quadraticDecayRoot_mem_unitInterval;sup_e3_root_01_complete	The golden-ratio-conjugate decay root satisfies the residual equation and is the unique root of the registered minimal polynomial on [0,1/2].
SUP-E3.ENERGY.02	SUP-E3	lean_closed	PhonologicalCalculus.Support.sup_e3_energy_02	The general matched-power continuation quotient reduces exactly under the declared decay equation and denominator guard.
SUP-E3.EXISTENCE.03	SUP-E3	lean_closed	PhonologicalCalculus.Support.existsUnique_matchedPowerDecayRatio;matchedPower_bellman_lower_bound;matchedPower_bellman_equality_iff;matchedPower_geometric_cost_hasSum;matchedPower_global_lower_bound;matchedPower_global_equality_forces_recurrence;matchedPower_unique_global_minimizer;sup_e3_general_real_exponent	For arbitrary real p greater than one, the decay ratio exists uniquely; the sharp Bellman inequality, equality case, geometric summability, global lower bound, and equality recurrence prove existence and uniqueness of the geometric infinite minimizer on the declared finite-energy admissible class.
SUP-E4.COEFFICIENT.01	SUP-E4	lean_closed	PhonologicalCalculus.Support.sup_e4_coefficient_01;sup_e4_coefficient_01_unique	The continuation coefficient is exactly identified and unique within the declared terminal-monomial equation.
SUP-E4.REPAIR.02	SUP-E4	lean_closed	PhonologicalCalculus.Support.kazakhMatchedPower_parameters;sup_e4_repair_02	The repaired parameters satisfy the decay equation, coefficient 3/2, and exact five-follower geometric profile.
SUP-E4.TRILEMMA.03	SUP-E4	lean_closed	PhonologicalCalculus.Support.sup_e4_trilemma_03	The linear-site exact-zero profile and matched-power positive geometric profile are both evaluated exactly.
SUP-E4.METAPROOF	SUP-E4	lean_closed	PhonologicalCalculus.Support.sup_e4_general_real_exponent;matchedPower_finite_continuation_lower_bound;matchedPower_finite_equality_profile;matchedPower_continuationCoefficient_unique	Under the registered matched-decay hypotheses, every finite geometric prefix attains the horizon-independent optimum, equality forces the exact retained recurrence and profile, and the continuation coefficient is uniquely identified; SUP-E3 supplies the exact upstream real-exponent existence and global-optimality theorem.
SEL-F1.RAYS.01	SEL-F1	lean_closed	PhonologicalCalculus.Selection.sel_f1_rays_01	The exact finite positive-ray predicate evaluates to the registered true/false/false result.
SEL-F1.SPHERE.02	SEL-F1	lean_closed	PhonologicalCalculus.Selection.integral_sphereExcludedIntegrand_exact;pairwise_probability_of_fixture_coordinate_transport;selected_probability_of_fixture_coordinate_transport;selected_probability_strictly_below_pairwise_of_fixture_coordinate_transport;sel_f1_sphere_02_of_fixture_coordinate_transport	Relative to the project-specific `RadiusTwoSphereFixtureCoordinateTransport` premise, Lean checks the antiderivative, endpoint identities, exact excluded-region integral, pairwise probability 1/4, registered selected-output arccotangent formula, and strict pairwise overcount. The premise directly supplies the two event-to-integral identities and does not identify the measure as canonical uniform/Haar.
SEL-F1.WITNESS.03	SEL-F1	lean_closed	PhonologicalCalculus.Selection.sel_f1_witness_03	The radius-two witness lies in the named pairwise event but not in the complete selected-output event.
SEL-F1.MEASURE.04	SEL-F1	lean_closed	PhonologicalCalculus.Selection.selectedEvent_eq_pairwise_iff_positiveRays;measure_selectedEvent_eq_pairwise_of_positiveRays;exists_open_spherical_gap_of_not_positiveRayFamily;haarSphereProbability_selected_lt_pairwise_of_not_positiveRayFamily;sel_f1_open_patch_measure_proof	Event identity holds exactly when every rival normal is a positive ray; that identity gives equal probability under every measure. Conversely, failure of the positive-ray condition for a finite family with nonzero target constructively produces a nonempty relatively open pairwise-only spherical patch and strict inequality under every admitted normalized Haar-induced full-support spherical law. No converse from equality under one arbitrary measure is asserted. The registered fixture separately records exact slacks, distinct rational angular and chordal radius fields linked by a proved metric bridge, containment, and an exact positive normalized-Haar mass object; no rational closed form for that mass is claimed.
SEL-F2.SCORES.01	SEL-F2	lean_closed	PhonologicalCalculus.Selection.sel_f2_scores_01	Direct bilinear multiplication yields the registered raw intact score rows [0,20,-17,1] and [0,3,17,18] with their unique winners; no unregistered score transformation is inferred.
SEL-F2.EUCLIDEAN.02	SEL-F2	lean_closed	PhonologicalCalculus.Selection.sel_f2_euclidean_02	Exact feasible projections and global quadratic lower bounds give squared onsets 361/5 and 1010/9 and positive reversed gap 1801/45.
SEL-F2.FROBENIUS.03	SEL-F2	lean_closed	PhonologicalCalculus.Selection.sel_f2_frobenius_03	The induced Frobenius metric gives exact squared onsets 361/3 and 618/5 and positive reversed gap 49/15.
SEL-F2.COMMONLAW.04	SEL-F2	lean_closed	PhonologicalCalculus.Selection.sel_f2_commonlaw_04;sel_f2_commonlaw_euclidean;sel_f2_commonlaw_frobenius;haarSphereProbability_open_pos;exists_positive_twoShell_reversal;sel_f2_common_twoShell_positive_reversal_euclidean;sel_f2_common_twoShell_positive_reversal_frobenius;sel_f2_common_twoShell_positive_reversal	For both registered coordinate metrics, an exact intermediate shell separates the event onsets, an exact far shell contains strict open patches for both events, and the proved two-atom mixture gives both named errors positive probability with the registered strict reversal under one common law for the compared inputs.
MAX-G1.CARRIER.01	MAX-G1	lean_closed	PhonologicalCalculus.MaxEnt.max_g1_completeRationalLedgerCarrier;rationalNamedCrossCarrier;sparseRelativeCarrier_apply;evaluateRationalNamedCrossCarrier_eq_margin	The canonical sparse cross carrier records exact labelled-row multiplicity for both complete ledgers, evaluates to the normalized probability cross-product margin, and carries named-candidate probability order exactly for positive rational base masses and positive activities.
MAX-G1.CLEAR.02	MAX-G1	lean_closed	PhonologicalCalculus.MaxEnt.max_g1_completeRationalSparsePolynomialCarrier;rationalClearedIntegerPolynomial_sign_iff;rationalMinimalClearingShift_le;rationalDenominatorLCM_dvd_of_common	The support-determined exponent shift is componentwise least, the coefficient denominator LCM is least in the divisibility order, and the resulting integer multivariate polynomial has exactly the Laurent carrier's negative, zero, and positive regions on the positive activity domain.
MAX-G1.CLOSURE.03	MAX-G1	lean_closed	PhonologicalCalculus.MaxEnt.max_g1_closure_03;closure_openActivityCube;continuous_nonneg_on_closure	Continuity carries nonnegativity from the open activity cube to its closure exactly.
MAX-G2.ANCHOR.01	MAX-G2	lean_closed	PhonologicalCalculus.MaxEnt.compiledRelativePartitionPolynomial_eq;count_positiveAlternativeRows;count_negativeAlternativeRows;compiledRowMultiplicity_eq_natAbs_coefficient;compiledCandidateCount_eq;compiledLedgerPair_wellFormed	The coefficient-sign compiler yields finite nonempty ledgers with named zero-row candidates, positive unit base masses, exact relative-partition polynomial identity, per-exponent absolute-coefficient multiplicity, and candidate count two plus the coefficient l1 norm.
MAX-G2.ORDER.02	MAX-G2	lean_closed	PhonologicalCalculus.MaxEnt.evaluateAlternativeRows_compiler_difference;compiledNamedProbability_order_iff;compiledNamedProbability_universal_order_iff	For every nonnegative activity vector, the compiled left named probability is no greater than the right named probability exactly when the source integer polynomial is nonnegative; universal quantification over any declared nonnegative domain preserves the equivalence.
MAX-G3.RESIDUAL.01	MAX-G3	lean_closed	PhonologicalCalculus.MaxEnt.boundedETRINV_satisfiable_iff_residual_zero;eval_sourceResidualPolynomial;sourceResidualPolynomial_totalDegree_le_four;sourceResidualPolynomial_coefficientL1_le	The exact affine substitution maps every bounded ETR-INV source equation to an integer residual. The canonical post-collection sum-of-squares polynomial is nonnegative, has a cube zero exactly when the source is satisfiable, evaluates to the analytic residual sum, has degree at most four, and coefficient L1 mass at most 400 times the source equation count.
MAX-G3.CHAIN.02	MAX-G3	lean_closed	PhonologicalCalculus.MaxEnt.max_g3_chain_02;contraction_terminal_square_bound;contractionStrictifier_exists_negative_iff_source_zero	The exact dyadic orbit, finite perturbation bound, terminal-square inequality, strict negative witness, and converse positive-gap argument give the registered strictifier equivalence relative to the explicit inherited compact-cube minimum-gap hypothesis; no complexity classification is asserted here.
MAX-G3.REDUCTION.03	MAX-G3	lean_closed	PhonologicalCalculus.MaxEnt.max_g3_strictifierPolynomial_complete;compileExplicitBoundedETRINVOneHot_correct;compileExplicitBoundedETRINVOneHot_row_count_le;compileExplicitBoundedETRINVOneHot_size_polynomial;ExecutableQuarticCode.unitTarget_row_count;ExecutableQuarticCode.unitTagDimension_eq_coefficientL1;ExecutableQuarticCode.executableOneHotOrderCode_size_eq;ExecutableQuarticCode.unitTarget_row_bounds;ExecutableQuarticCode.unitTagLiftValue_allOne;ExecutableQuarticCode.unitCommon_mul_sourceValue_le_tagLift;ExecutableQuarticCode.executableOneHot_universalOrder_iff	Relative to the explicit compact-minimum foundation, the deterministic coefficient-unit compiler uses injective one-hot tags to produce globally duplicate-free unit-mass zero-named ledgers with violations in {1,...,5}. Lean proves exact equivalence between source unsatisfiability and universal target order together with the registered row-count and target-object-size bounds. No standard-machine runtime or universal-real class conclusion is part of this proof goal.
MAX-G4.REVERSAL.01	MAX-G4	lean_closed	PhonologicalCalculus.MaxEnt.allWeightSameInputProbabilityEqual_iff_row_eq;allWeightSameInputProbabilityOrder_iff_row_domination;max_g4_reversal_01_registered	For complete finite ledgers with equal named masses, all-weight same-input equality is exact row identity and all-weight order is coordinatewise row domination; the registered cross-input probabilities reverse exactly between activities 3/4 and 1/4 and tie at 1/2.
MAX-G4.TIE.02	MAX-G4	lean_closed	PhonologicalCalculus.MaxEnt.max_g4_tie_02	Exact ordered-field theorem on the physical activity interval.
MAX-G4.MULTISET.03	MAX-G4	lean_closed	PhonologicalCalculus.MaxEnt.allWeightCrossInputProbabilityEqual_iff_relativeMeasure_eq;max_g4_multiset_03_registered	Across complete finite positive-rational ledgers, all-weight cross-input equality is exactly equality of the multiplicity- and mass-sensitive relative-row atomic measures; the registered repeated-row counterexample evaluates exactly.
MAX-G4.COMPLEXITY.04	MAX-G4	lean_closed	PhonologicalCalculus.MaxEnt.compileExecutableProperCNFSelectorCode_correct;compileDuplicateFreeExecutableProperCNFSelector_correct;compileExecutableProperCNFSelector_rowCount_le;compileExecutableProperCNFSelector_size_le;executableSelectorCompilerCost_le;compileDuplicateFreeExecutableProperCNFSelector_size_le;compiledExecutableCNFNegativeVerifier_steps_le;executableProperCNFSelectorReduction;executableCNFComplementProofWitness;ExecutableCNFConventionalBoundary;max_g4_executableCNF_conditionalCompleteness;executableSelectorNormalizationCharge_le;compileDuplicateFreeExecutableProperCNFSelectorWithCharge_le	Lean checks the concrete proper-CNF/list-table selector, exact unsatisfiability-to-order bridge, globally distinct {1,2} rows, row and object bounds, value-coupled complement verifier, and local construction, verification, normalization, and total charges. The conventional coNP consequence is itself kernel-checked as a conditional theorem whose explicit `ExecutableCNFConventionalBoundary` parameter supplies the external source-completeness and class-membership bridges; no unconditional class result is registered.
MAX-G5.TYPES.01	MAX-G5	lean_closed	PhonologicalCalculus.MaxEnt.max_g5_types_01	Exact typed finite-event statement with categorical vacuity, distinct answer-sort tags, and numerical antisymmetry.
MAX-G5.GORDAN.02	MAX-G5	lean_closed	PhonologicalCalculus.MaxEnt.max_g5_gordan_02;rawNonnegativeKernel_iff_normalized;normalizedKernel_disjoint_positiveRowSpace	The inherited rational Gordan--Stiemke exhaustiveness theorem is an explicit theorem parameter rather than a project axiom; Lean proves the sum-one normalization, reverse conversion, bilinear exclusivity, and the registered exclusive alternative.
MAX-G5.METAPROOF	MAX-G5	lean_closed	PhonologicalCalculus.MaxEnt.max_g5_completeTypedVacuityCollapse;allCategoricalEventsEmpty_implies_allMutualImplications;allMutualProbabilityOrders_iff_differenceKernel;mutualTransportWeightRegion_eq_nonnegativeKernel;max_g5_collapse_iff_positiveRowSpace	The complete typed composition is kernel-checked: empty categorical events make every material implication true in its own sort, while attempted mutual finite-MaxEnt probability transport has exactly the nonnegative difference-kernel region and zero-only collapse exactly under the positive-row-space proof.
MAX-G6.ENUM.01	MAX-G6	lean_closed	PhonologicalCalculus.MaxEnt.max_g6_enum_01	All seven registered finite-enumeration components are kernel-checked.
MAX-G6.CONE.02	MAX-G6	lean_closed	PhonologicalCalculus.MaxEnt.max_g6_cone_02	The full ordered sixteen-margin ledger is nonnegative exactly on the registered two-facet cone over the positive unit cube.
MAX-G6.PROVENANCE.03	MAX-G6	lean_closed	PhonologicalCalculus.MaxEnt.max_g6_provenance_03	The exact finite inventories are extensionally distinguished: 121 nonreflexive categorical implications split into 105 empty-antecedent and 16 live implications, and the complete list is not the live list. Historical interpretation of the convention difference remains source-facing rather than a kernel claim.
MAX-G6.METAPROOF	MAX-G6	lean_closed	PhonologicalCalculus.MaxEnt.max_g6_completeBasicSyllableDecomposition;basicSyllableCollapseMultiplier_exact;basicSyllableMixedCone_iff_zero	The exact enumeration, live two-facet cone, strict interior witness, typed inventory distinction, explicit integer collapse multiplier, and zero-only mixed-transport cone are composed in one kernel-checked theorem.
MAX-G7.RANK.01	MAX-G7	lean_closed	PhonologicalCalculus.MaxEnt.max_g7_rank_01;mixedRadixCode_separates_finite_support;vandermonde_moments_identify;leastInterpolationDegree_spec;exists_canonicalCollectedResponseEnumeration	Every nonempty bounded duplicate-free nonnegative-integer support receives an injective mixed-radix projection, a Vandermonde coefficient audit, and a least sufficient interpolation degree bounded by support cardinality minus one; the canonical collector separately aggregates aliases, removes zero cancellations, and enumerates the retained support injectively without changing the response.
MAX-G7.CONTACT.02	MAX-G7	lean_closed	PhonologicalCalculus.MaxEnt.max_g7_contact_02_mixedGerm;mixedResponseJetZeroThrough_mul_iff_right	On a globally nonvanishing smooth denominator, Lean proves exact equivalence between the complete finite mixed jet of the normalized-law difference and the mixed jet of its cross numerator; complete positive-mass MaxEnt ledgers supply that denominator premise.
MAX-G7.RAY.03	MAX-G7	lean_closed	PhonologicalCalculus.MaxEnt.max_g7_ray_03;nonseparating_projection_hides_all_moments	A generic separating-node cardinality theorem and explicit all-orders nonseparating witness establish the registered ray boundary.
MAX-G7.FACTORIZATION.04	MAX-G7	lean_closed	PhonologicalCalculus.MaxEnt.max_g7_factorization_04_mixedLawJet;leastMixedInterpolationDegree_spec;nonempty_collectedCrossPresentation	For each consequence answer, the canonical collector aggregates equal exponent rows and removes zero coefficients; a complete mixed normalized-law jet through that collected support's least separating degree forces every cross numerator to vanish globally, hence all-weight law equality and pointwise positive projective fibre equivalence.
MAX-G8.SHARP.01	MAX-G8	lean_closed	PhonologicalCalculus.MaxEnt.max_g8_sharp_01_polynomial;sharpContactPolynomial_exact;polynomialContactPhase_sharpMinimum;max_g8_registered_sharp_factorization	Every finite positive contact/reversal packet has the exact sharp polynomial-activity construction, full multiplicity ledger, alternating sign-variation count, minimum slice count, and the registered probability-sign factorization.
MAX-G8.CAPACITY.02	MAX-G8	lean_closed	PhonologicalCalculus.MaxEnt.max_g8_capacity_02_general;exponentialResponse_zeroMultiplicity_bound	For every collected nonzero response with q distinct real exponents, exact contact multiplicities plus disjoint additional strict reversals consume at most q-1 slices, relative to the explicit inherited analytic Rolle multiplicity theorem parameter.
MAX-G8.BOUNDARY.03	MAX-G8	lean_closed	PhonologicalCalculus.MaxEnt.max_g8_boundary_03_balancedInterior;balancedInterior_probability_translation	The balanced strict-interior constructor has exactly c+r+2 slices, contact multiplicity c, one balance root, r distinct simple reversals, equal zero-weight alternative mass, an exact interior audit activity, positive nonnamed projected rows, and the exact normalized probability orientation.
MAX-G8.CHEBYSHEV.04	MAX-G8	lean_closed	PhonologicalCalculus.MaxEnt.max_g8_chebyshev_04_general;exponentialResponse_zeroMultiplicity_bound	Project code normalizes away the lowest rate, differentiates to remove one slice, and inducts to the q-minus-one zero-multiplicity bound; only the standard analytic Rolle multiplicity step is supplied as the explicit theorem parameter `FoundAnalyticRolleMultiplicity001`.
MAX-G9.LAWTOENV.01	MAX-G9	lean_closed	PhonologicalCalculus.MaxEnt.max_g9_lawtoenv_01	Exact law-equality and distinct-envelope witness.
MAX-G9.ENVTOLAW.02	MAX-G9	lean_closed	PhonologicalCalculus.MaxEnt.max_g9_envtolaw_02	Exact equal-envelope and distinct-law witness with positive numerator and denominator.
MAX-G9.CONVEX.03	MAX-G9	lean_closed	PhonologicalCalculus.MaxEnt.max_g9_convex_03_relativeInterior;max_g9_convex_03_response_relativeInterior;max_g9_positiveMassResponseSet_eq_iff_envelope_eq;max_g9_robustSignDirections_eq_nonnegativePolar_envelope	Strictly positive finite barycentric masses fill exactly the intrinsic interior, the two-fibre difference construction preserves exact attainment, closure recovers the convex-hull envelope, response-set equality is equivalent to envelope equality, and continuous robust-sign directions equal the nonnegative polar of that envelope.
APP-BASIC.REUSE.01	APP-BASIC	lean_closed	PhonologicalCalculus.Application.app_basic_reuse	Exact reuse of the 121/105/16 Basic Syllable inventory.
APP-MCC-COMP.COUNTS.01	APP-MCC-COMP	lean_closed	PhonologicalCalculus.Application.app_mcc_comp_allHorizon;app_mcc_comp_counts	For every positive real quadratic weight pair, the K+1-element phase carrier decodes the exact zero-extended profile and carries optimizer/profile proofs at every natural horizon; the separate registered coordinate-label inventories have exact counts 16, 11, and 46.
APP-MCC-COMP.PARAMETER.02	APP-MCC-COMP	lean_closed	PhonologicalCalculus.Application.app_mcc_comp_parameter	Exact parameter-change values 9/10, 11/12, and 1/60.
APP-MCC-COMP.TYPE.03	APP-MCC-COMP	lean_closed	PhonologicalCalculus.Application.app_mcc_comp_carrierGuard	Exact eleven-element lattice cardinality and distinct finite/interval carrier tags.
APP-MCC-GRID.CONTINUUM.01	APP-MCC-GRID	lean_closed	PhonologicalCalculus.Application.app_mcc_grid	Exact global and unique continuum winner 41/42.
APP-MCC-GRID.LATTICE.02	APP-MCC-GRID	lean_closed	PhonologicalCalculus.Application.app_mcc_grid	Exhaustive exact proof that the unique winner on all eleven tenths candidates is 1.
APP-MCC-GRID.VERDICT.03	APP-MCC-GRID	lean_closed	PhonologicalCalculus.Application.app_mcc_grid	Exact continuum and lattice winners are unequal.
APP-MCC-LENGTH.ANCHORS.01	APP-MCC-LENGTH	lean_closed	PhonologicalCalculus.Application.app_mcc_length_registeredProfiles;PhonologicalCalculus.ContinuousHG.quadratic_all_horizon_registered_anchors;quadraticProfile_exact_first_zero;quadraticExtension_stable_unique_minimizer	All three registered saturated profile lists are reconstructed exactly, their first-zero indices are exact, and every longer horizon has the same unique positive prefix followed by zeros.
APP-MCC-LENGTH.ONEFOLLOWER.02	APP-MCC-LENGTH	lean_closed	PhonologicalCalculus.Application.app_mcc_length_registeredProfiles;PhonologicalCalculus.ContinuousHG.quadraticExtension_stable_unique_minimizer	The registered one-follower profile is exactly [1, 41/42], while the source's saturated fixed-weight phase has the separately checked extension-stable unique optimizer at and beyond its first-zero horizon.
DATA-EN-R1.REPLAY.01	DATA-EN-R1	lean_closed	PhonologicalCalculus.Demonstration.data_en_r1_replay	Exact finite replay of the embedded English decision-ledger sufficient statistics; no acoustic or provenance claim is formalized.
DATA-PT-R1.REPLAY.01	DATA-PT-R1	lean_closed	PhonologicalCalculus.Demonstration.data_pt_r1_replay	Exact finite replay of the embedded Portuguese decision-ledger sufficient statistics; no acoustic or provenance claim is formalized.
DATA-ZH-R1.REPLAY.01	DATA-ZH-R1	lean_closed	PhonologicalCalculus.Demonstration.data_zh_r1_replay	Exact finite replay of the embedded Mandarin decision-ledger sufficient statistics; no acoustic or provenance claim is formalized.
