setting	analysis_variant	information_protocol	approximation	model	regularization_view	roots	incidences	root_balanced_joint	incidence_weighted_joint	root_balanced_raising	root_balanced_harmony_old_vs_opposite
uniform20	all_agreeing_offsets	side_informed	gh80	HU_plus_surface	selected	515	58577	-0.2779154486283833	-0.10241708905035994	-0.10694353602380831	-0.17462381315855
uniform20	all_agreeing_offsets	side_informed	gh80	retention_bounded_plus_HU	selected	515	58577	-0.2874984527599696	-0.09165264934927904	-0.1035866975826826	-0.18718345455182864
uniform20	all_agreeing_offsets	side_informed	laplace	HU_plus_surface	selected	515	58577	-0.2766853223783231	-0.10384414517388531	-0.10660883585771488	-0.17373224370199536
uniform20	all_agreeing_offsets	side_informed	laplace	retention_bounded_plus_HU	selected	515	58577	-0.28107438532621803	-0.09114730920075786	-0.10331278724789719	-0.18080435111491214
uniform20	all_agreeing_offsets	side_informed	not_applicable	current_only	selected	515	58577	-0.5589978850043572	-0.3177344871495347	-0.1268793936513476	-0.458584540572789
uniform20	all_agreeing_offsets	side_informed	not_applicable	input_plus_surface	selected	515	58577	-0.29323087501437617	-0.10151332974536895	-0.10799028864768644	-0.1903021353131838
uniform20	all_agreeing_offsets	side_informed	not_applicable	retention_bounded	selected	515	58577	-0.29666052770732004	-0.09789740108587631	-0.10289307087179039	-0.19873656776953455
uniform20	all_agreeing_offsets	side_informed	not_applicable	retention_nonnegative	selected	515	58577	-0.319045218169052	-0.09495540743670658	-0.10462365657081421	-0.22032747757638527
uniform20	all_agreeing_offsets	wholly_unseen	gh80	HU_plus_surface	selected	515	58577	-0.5608117494154419	-0.7715075602817983	-0.38350877104095954	-0.18608391802730603
uniform20	all_agreeing_offsets	wholly_unseen	gh80	retention_bounded_plus_HU	selected	515	58577	-0.5515824112877286	-0.7526450276616811	-0.37278259306879175	-0.18649916989263152
uniform20	all_agreeing_offsets	wholly_unseen	laplace	HU_plus_surface	selected	515	58577	-0.5584090435854553	-0.7771272413872329	-0.38383978532620944	-0.18542424712956132
uniform20	all_agreeing_offsets	wholly_unseen	laplace	retention_bounded_plus_HU	selected	515	58577	-0.5489224350369822	-0.7556785022314112	-0.3743747761892409	-0.18198894797999446
uniform20	all_agreeing_offsets	wholly_unseen	not_applicable	current_only	selected	515	58577	-0.8750419652773269	-1.0197660663096848	-0.4429234739243172	-0.5095344609808036
uniform20	all_agreeing_offsets	wholly_unseen	not_applicable	input_plus_surface	selected	515	58577	-0.5738611951264169	-0.7758914928220422	-0.38862060875972715	-0.19693022588866274
uniform20	all_agreeing_offsets	wholly_unseen	not_applicable	retention_bounded	selected	515	58577	-0.5676233244263192	-0.7612152615406075	-0.3738558675907896	-0.2051349262514793
uniform20	all_agreeing_offsets	wholly_unseen	not_applicable	retention_nonnegative	selected	515	58577	-0.5892186666908248	-0.7537126386154108	-0.37627599888322055	-0.22563923442779554
uniform20	all_strict	side_informed	gh80	HU_plus_surface	selected	515	58577	-0.2798856189359795	-0.10515532028033528	-0.10830805368801846	-0.17505006945565327
uniform20	all_strict	side_informed	gh80	retention_bounded_plus_HU	selected	515	58577	-0.2978253283112094	-0.09630715305475833	-0.11105531710899558	-0.19140275708487764
uniform20	all_strict	side_informed	laplace	HU_plus_surface	selected	515	58577	-0.27822970469489244	-0.10658970134004844	-0.1077721303652861	-0.17345436838627082
uniform20	all_strict	side_informed	laplace	retention_bounded_plus_HU	selected	515	58577	-0.2909882405752949	-0.09576869786243494	-0.11071477313181226	-0.18453676651830977
uniform20	all_strict	side_informed	not_applicable	current_only	selected	515	58577	-0.5491335697623135	-0.31317036451924724	-0.11701507840930385	-0.43998390832956363
uniform20	all_strict	side_informed	not_applicable	input_plus_surface	selected	515	58577	-0.29706457048687807	-0.10446324129749479	-0.11072226391293005	-0.19239210917593325
uniform20	all_strict	side_informed	not_applicable	retention_bounded	selected	515	58577	-0.3105493685678178	-0.10396828123657943	-0.11429864773982752	-0.20325117719651764
uniform20	all_strict	side_informed	not_applicable	retention_nonnegative	selected	515	58577	-0.32972994930688415	-0.11624284342772455	-0.11207444039685949	-0.21958624940317797
uniform20	all_strict	wholly_unseen	gh80	HU_plus_surface	selected	515	58577	-0.5482082187184524	-0.6729062519079775	-0.38001408408901205	-0.17578153835299
uniform20	all_strict	wholly_unseen	gh80	retention_bounded_plus_HU	selected	515	58577	-0.5723770748109865	-0.6646710450750984	-0.38840723417853523	-0.19538810629760525
uniform20	all_strict	wholly_unseen	laplace	HU_plus_surface	selected	515	58577	-0.5478870919509039	-0.6747795665253947	-0.38013508696903076	-0.17575122497682666
uniform20	all_strict	wholly_unseen	laplace	retention_bounded_plus_HU	selected	515	58577	-0.5648360809837072	-0.664096483820122	-0.3879503387733427	-0.1877992708505477
uniform20	all_strict	wholly_unseen	not_applicable	current_only	selected	515	58577	-0.8333327543957454	-0.8955315705768756	-0.40121426304273566	-0.4438489931509182
uniform20	all_strict	wholly_unseen	not_applicable	input_plus_surface	selected	515	58577	-0.5717749954260399	-0.6738902455349769	-0.38543268885209186	-0.19895552265777391
uniform20	all_strict	wholly_unseen	not_applicable	retention_bounded	selected	515	58577	-0.597021807302995	-0.6762209696132601	-0.4007710864750047	-0.21286768546089874
uniform20	all_strict	wholly_unseen	not_applicable	retention_nonnegative	selected	515	58577	-0.6056984757702318	-0.6894976071203316	-0.3880429668602072	-0.22209595320529338
uniform20	unrounded_strict	side_informed	gh80	HU_plus_surface	selected	338	29104	-0.2934209843207917	-0.1515657651650851	-0.1155120369881711	-0.1808068388317118
uniform20	unrounded_strict	side_informed	gh80	retention_bounded_plus_HU	selected	338	29104	-0.31712629437428574	-0.1499948971451078	-0.12151877904834432	-0.20071241951048946
uniform20	unrounded_strict	side_informed	laplace	HU_plus_surface	selected	338	29104	-0.29816974651595884	-0.15334631983882238	-0.11530443414087435	-0.1855057500262321
uniform20	unrounded_strict	side_informed	laplace	retention_bounded_plus_HU	selected	338	29104	-0.3126749036971102	-0.14922316386735288	-0.12116377710162399	-0.19623096247839786
uniform20	unrounded_strict	side_informed	not_applicable	current_only	selected	338	29104	-0.5831709686896686	-0.4378037252860008	-0.11442573597690335	-0.46715221669557716
uniform20	unrounded_strict	side_informed	not_applicable	input_plus_surface	selected	338	29104	-0.312856309041026	-0.15819323310107977	-0.11829564877210577	-0.20004561897669126
uniform20	unrounded_strict	side_informed	not_applicable	retention_bounded	selected	338	29104	-0.3310410122213707	-0.15939898315327333	-0.12644921956786195	-0.2117990838793994
uniform20	unrounded_strict	side_informed	not_applicable	retention_nonnegative	selected	338	29104	-0.3383412908643424	-0.17017277512316437	-0.11585054067715791	-0.22521079488614162
uniform20	unrounded_strict	wholly_unseen	gh80	HU_plus_surface	selected	338	29104	-0.5718085028190586	-0.5126255670679871	-0.3935390520966265	-0.1864949686225182
uniform20	unrounded_strict	wholly_unseen	gh80	retention_bounded_plus_HU	selected	338	29104	-0.6071815732207283	-0.5525582862682141	-0.4008010522946584	-0.215813513890613
uniform20	unrounded_strict	wholly_unseen	laplace	HU_plus_surface	selected	338	29104	-0.5764529981807004	-0.5136665469011628	-0.39332989431308524	-0.19116262803568662
uniform20	unrounded_strict	wholly_unseen	laplace	retention_bounded_plus_HU	selected	338	29104	-0.6015916047972841	-0.536986190654497	-0.40383096431533877	-0.2078455430032357
uniform20	unrounded_strict	wholly_unseen	not_applicable	current_only	selected	338	29104	-0.868305589884355	-0.8300246624765222	-0.3995603571715899	-0.4756794838601015
uniform20	unrounded_strict	wholly_unseen	not_applicable	input_plus_surface	selected	338	29104	-0.5936122571381781	-0.5192810590716442	-0.3990515968692578	-0.20764979754766552
uniform20	unrounded_strict	wholly_unseen	not_applicable	retention_bounded	selected	338	29104	-0.6237971321585601	-0.5145387483541045	-0.4192053395050514	-0.22058391161995056
uniform20	unrounded_strict	wholly_unseen	not_applicable	retention_nonnegative	selected	338	29104	-0.6170523301153328	-0.5351347160059717	-0.3945615799281483	-0.2286792454374531
uniform20	all_agreeing_offsets	side_informed	gh80	HU_plus_surface	alpha_zero_numeric_candidate_pending_separability	515	58577	-0.3015296680673689	-0.09259770059748373	-0.10075697510867623	-0.20271943749353583
uniform20	all_agreeing_offsets	side_informed	gh80	retention_bounded_plus_HU	alpha_zero_numeric_candidate_pending_separability	515	58577	-0.2957414835113027	-0.09094999919747032	-0.10293943888851582	-0.19800351892274393
uniform20	all_agreeing_offsets	side_informed	laplace	HU_plus_surface	alpha_zero_numeric_candidate_pending_separability	515	58577	-0.29466124197433174	-0.09217372064626496	-0.1001375863543958	-0.19628397895847205
uniform20	all_agreeing_offsets	side_informed	laplace	retention_bounded_plus_HU	alpha_zero_numeric_candidate_pending_separability	515	58577	-0.28777979324950603	-0.09052882088516133	-0.10227031199637428	-0.19000882910666847
uniform20	all_agreeing_offsets	side_informed	not_applicable	current_only	alpha_zero_numeric_candidate_pending_separability	515	58577	-0.5851952746170285	-0.3325028973017737	-0.12687939365134765	-0.48691613415394286
uniform20	all_agreeing_offsets	side_informed	not_applicable	input_plus_surface	alpha_zero_numeric_candidate_pending_separability	515	58577	-0.32084259142768534	-0.08959461746935318	-0.10293990893504075	-0.22265902696325132
uniform20	all_agreeing_offsets	side_informed	not_applicable	retention_bounded	alpha_zero_numeric_candidate_pending_separability	515	58577	-0.3274305795490201	-0.09483002634923822	-0.10660881104688481	-0.22930847268286977
uniform20	all_agreeing_offsets	side_informed	not_applicable	retention_nonnegative	alpha_zero_numeric_candidate_pending_separability	515	58577	-0.32743058001378034	-0.09483002714943803	-0.10660881125308337	-0.22930847302910384
uniform20	all_agreeing_offsets	wholly_unseen	gh80	HU_plus_surface	alpha_zero_numeric_candidate_pending_separability	515	58577	-0.5641065525772907	-0.7488354491243752	-0.36848083430525647	-0.20125904190591737
uniform20	all_agreeing_offsets	wholly_unseen	gh80	retention_bounded_plus_HU	alpha_zero_numeric_candidate_pending_separability	515	58577	-0.5687510120026947	-0.7515662145507426	-0.3796590582017486	-0.20090800407078255
uniform20	all_agreeing_offsets	wholly_unseen	laplace	HU_plus_surface	alpha_zero_numeric_candidate_pending_separability	515	58577	-0.5602810479084793	-0.7501150927219524	-0.36976070576795655	-0.19889451143447534
uniform20	all_agreeing_offsets	wholly_unseen	laplace	retention_bounded_plus_HU	alpha_zero_numeric_candidate_pending_separability	515	58577	-0.5607951727513153	-0.751589563024221	-0.38005508241207003	-0.19259230484402723
uniform20	all_agreeing_offsets	wholly_unseen	not_applicable	current_only	alpha_zero_numeric_candidate_pending_separability	515	58577	-0.9012393548899981	-1.0345344764619235	-0.4429234739243172	-0.5286121969182529
uniform20	all_agreeing_offsets	wholly_unseen	not_applicable	input_plus_surface	alpha_zero_numeric_candidate_pending_separability	515	58577	-0.5912516830951927	-0.7488339685190751	-0.37334900060254805	-0.22834102146325344
uniform20	all_agreeing_offsets	wholly_unseen	not_applicable	retention_bounded	alpha_zero_numeric_candidate_pending_separability	515	58577	-0.6109695905430003	-0.7597313377318053	-0.39014782204086496	-0.23951262054827438
uniform20	all_agreeing_offsets	wholly_unseen	not_applicable	retention_nonnegative	alpha_zero_numeric_candidate_pending_separability	515	58577	-0.6109695916053294	-0.7597313391912623	-0.39014782284463234	-0.23951262075747237
uniform20	all_strict	side_informed	gh80	HU_plus_surface	alpha_zero_numeric_candidate_pending_separability	515	58577	-0.3084854330257459	-0.09639653751103484	-0.1092338689451817	-0.20312155182053987
uniform20	all_strict	side_informed	gh80	retention_bounded_plus_HU	alpha_zero_numeric_candidate_pending_separability	515	58577	-0.31475504118694225	-0.09787926799678062	-0.11506188471010335	-0.20582068722244834
uniform20	all_strict	side_informed	laplace	HU_plus_surface	alpha_zero_numeric_candidate_pending_separability	515	58577	-0.29948765451900566	-0.09549225266435574	-0.10860477643919733	-0.1940282691484162
uniform20	all_strict	side_informed	laplace	retention_bounded_plus_HU	alpha_zero_numeric_candidate_pending_separability	515	58577	-0.3062008255427719	-0.09741137634610442	-0.11447380908876444	-0.19705293540214552
uniform20	all_strict	side_informed	not_applicable	current_only	alpha_zero_numeric_candidate_pending_separability	515	58577	-0.5753309593749849	-0.32793877467148624	-0.11701507840930392	-0.45951489959746855
uniform20	all_strict	side_informed	not_applicable	input_plus_surface	alpha_zero_numeric_candidate_pending_separability	515	58577	-0.3301650060231755	-0.0934241361888078	-0.11342002879544598	-0.22498510864785845
uniform20	all_strict	side_informed	not_applicable	retention_bounded	alpha_zero_numeric_candidate_pending_separability	515	58577	-0.3516881419769225	-0.1023734309329062	-0.1207967434994462	-0.24132377991637916
uniform20	all_strict	side_informed	not_applicable	retention_nonnegative	alpha_zero_numeric_candidate_pending_separability	515	58577	-0.3516881398827823	-0.10237343028487604	-0.12079674577553118	-0.2413237770289874
uniform20	all_strict	wholly_unseen	gh80	HU_plus_surface	alpha_zero_numeric_candidate_pending_separability	515	58577	-0.5810846793944389	-0.6625044081406625	-0.38662875725985807	-0.20391390745761814
uniform20	all_strict	wholly_unseen	gh80	retention_bounded_plus_HU	alpha_zero_numeric_candidate_pending_separability	515	58577	-0.6027849946446013	-0.6741817975419825	-0.40720507072156553	-0.2100625138939628
uniform20	all_strict	wholly_unseen	laplace	HU_plus_surface	alpha_zero_numeric_candidate_pending_separability	515	58577	-0.5755169170992929	-0.6634023280800821	-0.3883817411336419	-0.19770977302219891
uniform20	all_strict	wholly_unseen	laplace	retention_bounded_plus_HU	alpha_zero_numeric_candidate_pending_separability	515	58577	-0.5947317711029068	-0.6745559802599052	-0.4079248053039146	-0.20101203909635684
uniform20	all_strict	wholly_unseen	not_applicable	current_only	alpha_zero_numeric_candidate_pending_separability	515	58577	-0.8595301440084168	-0.9102999807291144	-0.4012142630427357	-0.4315029693084874
uniform20	all_strict	wholly_unseen	not_applicable	input_plus_surface	alpha_zero_numeric_candidate_pending_separability	515	58577	-0.613738127684253	-0.6638758529580451	-0.3969931504565234	-0.23490647003152926
uniform20	all_strict	wholly_unseen	not_applicable	retention_bounded	alpha_zero_numeric_candidate_pending_separability	515	58577	-0.6538233109300761	-0.6849505021283747	-0.4229319124525998	-0.25407200930727836
uniform20	all_strict	wholly_unseen	not_applicable	retention_nonnegative	alpha_zero_numeric_candidate_pending_separability	515	58577	-0.6538233138326848	-0.6849505053915025	-0.4229319197254338	-0.25407200774978783
uniform20	unrounded_strict	side_informed	gh80	HU_plus_surface	alpha_zero_numeric_candidate_pending_separability	338	29104	-0.31976577708242687	-0.14513876135353482	-0.11964772481527075	-0.2047055187754947
uniform20	unrounded_strict	side_informed	gh80	retention_bounded_plus_HU	alpha_zero_numeric_candidate_pending_separability	338	29104	-0.3335928647449313	-0.15668825937313735	-0.1265875784833466	-0.21357660574500864
uniform20	unrounded_strict	side_informed	laplace	HU_plus_surface	alpha_zero_numeric_candidate_pending_separability	338	29104	-0.3320658918700238	-0.15015677506322686	-0.1195631612973318	-0.21682864810882094
uniform20	unrounded_strict	side_informed	laplace	retention_bounded_plus_HU	alpha_zero_numeric_candidate_pending_separability	338	29104	-0.3380190751053069	-0.16042286925945948	-0.12630241919701762	-0.21750133059535437
uniform20	unrounded_strict	side_informed	not_applicable	current_only	alpha_zero_numeric_candidate_pending_separability	338	29104	-0.6033794806630256	-0.4759010419054663	-0.11442573597690339	-0.478044018178139
uniform20	unrounded_strict	side_informed	not_applicable	input_plus_surface	alpha_zero_numeric_candidate_pending_separability	338	29104	-0.3441009120625221	-0.15136756440642496	-0.12499706605305753	-0.22822264707785378
uniform20	unrounded_strict	side_informed	not_applicable	retention_bounded	alpha_zero_numeric_candidate_pending_separability	338	29104	-0.3676256429520778	-0.16534400247950104	-0.13329134386532615	-0.2452372010440086
uniform20	unrounded_strict	side_informed	not_applicable	retention_nonnegative	alpha_zero_numeric_candidate_pending_separability	338	29104	-0.36762564294188893	-0.16534400244855696	-0.13329134390594882	-0.24523720101725005
uniform20	unrounded_strict	wholly_unseen	gh80	HU_plus_surface	alpha_zero_numeric_candidate_pending_separability	338	29104	-0.6057105801741773	-0.4989197738870857	-0.4032448492319671	-0.21418589808727562
uniform20	unrounded_strict	wholly_unseen	gh80	retention_bounded_plus_HU	alpha_zero_numeric_candidate_pending_separability	338	29104	-0.62798190066941	-0.5111805928799793	-0.4197123559687831	-0.2217616408944733
uniform20	unrounded_strict	wholly_unseen	laplace	HU_plus_surface	alpha_zero_numeric_candidate_pending_separability	338	29104	-0.6166186570436444	-0.5022371729817035	-0.40298434060507504	-0.22489670310490054
uniform20	unrounded_strict	wholly_unseen	laplace	retention_bounded_plus_HU	alpha_zero_numeric_candidate_pending_separability	338	29104	-0.6320949775705759	-0.515255293985465	-0.42008865341221013	-0.22461026141868864
uniform20	unrounded_strict	wholly_unseen	not_applicable	current_only	alpha_zero_numeric_candidate_pending_separability	338	29104	-0.8885141018577121	-0.8681219790959878	-0.39956035717158994	-0.46044346190827057
uniform20	unrounded_strict	wholly_unseen	not_applicable	input_plus_surface	alpha_zero_numeric_candidate_pending_separability	338	29104	-0.6330755682336145	-0.5060431568921095	-0.41397172222415	-0.2387508416574121
uniform20	unrounded_strict	wholly_unseen	not_applicable	retention_bounded	alpha_zero_numeric_candidate_pending_separability	338	29104	-0.6680246609818913	-0.5252665904071613	-0.4336903618951396	-0.2546434175482302
uniform20	unrounded_strict	wholly_unseen	not_applicable	retention_nonnegative	alpha_zero_numeric_candidate_pending_separability	338	29104	-0.6680246609768292	-0.5252665903894227	-0.4336903619408892	-0.25464341752795583
uniform50	all_agreeing_offsets	side_informed	gh80	HU_plus_surface	selected	515	58577	-0.27821770783373145	-0.10257896032556973	-0.10694927821034694	-0.1749276270615933
uniform50	all_agreeing_offsets	side_informed	gh80	retention_bounded_plus_HU	selected	515	58577	-0.2873208722942588	-0.09159701304374009	-0.10359088491831038	-0.18699469725482734
uniform50	all_agreeing_offsets	side_informed	laplace	HU_plus_surface	selected	515	58577	-0.27728681373410635	-0.10402483032310288	-0.10654506703748107	-0.17433020562504406
uniform50	all_agreeing_offsets	side_informed	laplace	retention_bounded_plus_HU	selected	515	58577	-0.2793152318197437	-0.0907939940793482	-0.10323283505579349	-0.17901804216937203
uniform50	all_agreeing_offsets	side_informed	not_applicable	current_only	selected	515	58577	-0.5589978850043572	-0.3177344871495347	-0.1268793936513476	-0.458584540572789
uniform50	all_agreeing_offsets	side_informed	not_applicable	input_plus_surface	selected	515	58577	-0.29323087501437617	-0.10151332974536895	-0.10799028864768644	-0.1903021353131838
uniform50	all_agreeing_offsets	side_informed	not_applicable	retention_bounded	selected	515	58577	-0.29666052770732004	-0.09789740108587631	-0.10289307087179039	-0.19873656776953455
uniform50	all_agreeing_offsets	side_informed	not_applicable	retention_nonnegative	selected	515	58577	-0.319045218169052	-0.09495540743670658	-0.10462365657081421	-0.22032747757638527
uniform50	all_agreeing_offsets	wholly_unseen	gh80	HU_plus_surface	selected	515	58577	-0.5609015329417314	-0.7715753013804016	-0.38347278505420745	-0.18623159279649298
uniform50	all_agreeing_offsets	wholly_unseen	gh80	retention_bounded_plus_HU	selected	515	58577	-0.5516820455757389	-0.75263863607711	-0.3727785247905473	-0.18658732104163417
uniform50	all_agreeing_offsets	wholly_unseen	laplace	HU_plus_surface	selected	515	58577	-0.5585684630890864	-0.7774052096273477	-0.3843119344897536	-0.1854976619643297
uniform50	all_agreeing_offsets	wholly_unseen	laplace	retention_bounded_plus_HU	selected	515	58577	-0.5470990428251112	-0.7554416245881441	-0.37436565902142216	-0.1801220224875206
uniform50	all_agreeing_offsets	wholly_unseen	not_applicable	current_only	selected	515	58577	-0.8750419652773269	-1.0197660663096848	-0.4429234739243172	-0.5095344609808036
uniform50	all_agreeing_offsets	wholly_unseen	not_applicable	input_plus_surface	selected	515	58577	-0.5738611951264169	-0.7758914928220422	-0.38862060875972715	-0.19693022588866274
uniform50	all_agreeing_offsets	wholly_unseen	not_applicable	retention_bounded	selected	515	58577	-0.5676233244263192	-0.7612152615406075	-0.3738558675907896	-0.2051349262514793
uniform50	all_agreeing_offsets	wholly_unseen	not_applicable	retention_nonnegative	selected	515	58577	-0.5892186666908248	-0.7537126386154108	-0.37627599888322055	-0.22563923442779554
uniform50	all_strict	side_informed	gh80	HU_plus_surface	selected	515	58577	-0.280181030550233	-0.10531415604184471	-0.1083169365793473	-0.175344413831737
uniform50	all_strict	side_informed	gh80	retention_bounded_plus_HU	selected	515	58577	-0.2976256715367406	-0.09624460237232246	-0.11104615633173996	-0.1912022122402304
uniform50	all_strict	side_informed	laplace	HU_plus_surface	selected	515	58577	-0.27871486547848034	-0.10675485855362614	-0.10765891640650024	-0.17394828915836896
uniform50	all_strict	side_informed	laplace	retention_bounded_plus_HU	selected	515	58577	-0.28903705568555743	-0.09537792477822338	-0.11054699236265422	-0.18259397246144618
uniform50	all_strict	side_informed	not_applicable	current_only	selected	515	58577	-0.5491335697623135	-0.31317036451924724	-0.11701507840930385	-0.43998390832956363
uniform50	all_strict	side_informed	not_applicable	input_plus_surface	selected	515	58577	-0.29706457048687807	-0.10446324129749479	-0.11072226391293005	-0.19239210917593325
uniform50	all_strict	side_informed	not_applicable	retention_bounded	selected	515	58577	-0.3105493685678178	-0.10396828123657943	-0.11429864773982752	-0.20325117719651764
uniform50	all_strict	side_informed	not_applicable	retention_nonnegative	selected	515	58577	-0.32972994930688415	-0.11624284342772455	-0.11207444039685949	-0.21958624940317797
uniform50	all_strict	wholly_unseen	gh80	HU_plus_surface	selected	515	58577	-0.5483905792890987	-0.6729796506762648	-0.3800142201905223	-0.1759824434260024
uniform50	all_strict	wholly_unseen	gh80	retention_bounded_plus_HU	selected	515	58577	-0.5724343459283081	-0.66463568655848	-0.38836846798577584	-0.19546475290682375
uniform50	all_strict	wholly_unseen	laplace	HU_plus_surface	selected	515	58577	-0.5478235881025388	-0.6749641329787281	-0.380317477356666	-0.17571837624764414
uniform50	all_strict	wholly_unseen	laplace	retention_bounded_plus_HU	selected	515	58577	-0.5626744786476385	-0.6637646705820825	-0.38767139772075515	-0.18572158123748578
uniform50	all_strict	wholly_unseen	not_applicable	current_only	selected	515	58577	-0.8333327543957454	-0.8955315705768756	-0.40121426304273566	-0.4438489931509182
uniform50	all_strict	wholly_unseen	not_applicable	input_plus_surface	selected	515	58577	-0.5717749954260399	-0.6738902455349769	-0.38543268885209186	-0.19895552265777391
uniform50	all_strict	wholly_unseen	not_applicable	retention_bounded	selected	515	58577	-0.597021807302995	-0.6762209696132601	-0.4007710864750047	-0.21286768546089874
uniform50	all_strict	wholly_unseen	not_applicable	retention_nonnegative	selected	515	58577	-0.6056984757702318	-0.6894976071203316	-0.3880429668602072	-0.22209595320529338
uniform50	unrounded_strict	side_informed	gh80	HU_plus_surface	selected	338	29104	-0.2938129157555217	-0.15172288525710745	-0.11548521987871134	-0.18121594299182217
uniform50	unrounded_strict	side_informed	gh80	retention_bounded_plus_HU	selected	338	29104	-0.31670679202016067	-0.14981377472339377	-0.12147256292738835	-0.20031676047704763
uniform50	unrounded_strict	side_informed	laplace	HU_plus_surface	selected	338	29104	-0.2985721423369478	-0.1535375875471086	-0.11517262430397557	-0.18599135047079982
uniform50	unrounded_strict	side_informed	laplace	retention_bounded_plus_HU	selected	338	29104	-0.31108073604009395	-0.14893989891752116	-0.12084492389394993	-0.1947504167980344
uniform50	unrounded_strict	side_informed	not_applicable	current_only	selected	338	29104	-0.5831709686896686	-0.4378037252860008	-0.11442573597690335	-0.46715221669557716
uniform50	unrounded_strict	side_informed	not_applicable	input_plus_surface	selected	338	29104	-0.312856309041026	-0.15819323310107977	-0.11829564877210577	-0.20004561897669126
uniform50	unrounded_strict	side_informed	not_applicable	retention_bounded	selected	338	29104	-0.3310410122213707	-0.15939898315327333	-0.12644921956786195	-0.2117990838793994
uniform50	unrounded_strict	side_informed	not_applicable	retention_nonnegative	selected	338	29104	-0.3383412908643424	-0.17017277512316437	-0.11585054067715791	-0.22521079488614162
uniform50	unrounded_strict	wholly_unseen	gh80	HU_plus_surface	selected	338	29104	-0.571907669682697	-0.5127141798071393	-0.3935135366633814	-0.1866218875073722
uniform50	unrounded_strict	wholly_unseen	gh80	retention_bounded_plus_HU	selected	338	29104	-0.6070425989477722	-0.5524844635773583	-0.4007305942420342	-0.21571284109387623
uniform50	unrounded_strict	wholly_unseen	laplace	HU_plus_surface	selected	338	29104	-0.5766605141674389	-0.5138423578170808	-0.3931451993931325	-0.1914900299351016
uniform50	unrounded_strict	wholly_unseen	laplace	retention_bounded_plus_HU	selected	338	29104	-0.6004307308589888	-0.5366334557890409	-0.40333217841022206	-0.20691779461663481
uniform50	unrounded_strict	wholly_unseen	not_applicable	current_only	selected	338	29104	-0.868305589884355	-0.8300246624765222	-0.3995603571715899	-0.4756794838601015
uniform50	unrounded_strict	wholly_unseen	not_applicable	input_plus_surface	selected	338	29104	-0.5936122571381781	-0.5192810590716442	-0.3990515968692578	-0.20764979754766552
uniform50	unrounded_strict	wholly_unseen	not_applicable	retention_bounded	selected	338	29104	-0.6237971321585601	-0.5145387483541045	-0.4192053395050514	-0.22058391161995056
uniform50	unrounded_strict	wholly_unseen	not_applicable	retention_nonnegative	selected	338	29104	-0.6170523301153328	-0.5351347160059717	-0.3945615799281483	-0.2286792454374531
uniform50	all_agreeing_offsets	side_informed	gh80	HU_plus_surface	alpha_zero_numeric_candidate_pending_separability	515	58577	-0.30176714496438484	-0.09273558919468029	-0.10077170806505654	-0.20295660247892147
uniform50	all_agreeing_offsets	side_informed	gh80	retention_bounded_plus_HU	alpha_zero_numeric_candidate_pending_separability	515	58577	-0.2956976322897808	-0.09080719967327006	-0.10295429332665107	-0.1979707538215996
uniform50	all_agreeing_offsets	side_informed	laplace	HU_plus_surface	alpha_zero_numeric_candidate_pending_separability	515	58577	-0.29607619580035655	-0.0923651874031112	-0.10010737563478046	-0.19767223688500704
uniform50	all_agreeing_offsets	side_informed	laplace	retention_bounded_plus_HU	alpha_zero_numeric_candidate_pending_separability	515	58577	-0.2880295122703355	-0.09026341213441443	-0.10202373134091954	-0.1902890896945987
uniform50	all_agreeing_offsets	side_informed	not_applicable	current_only	alpha_zero_numeric_candidate_pending_separability	515	58577	-0.5851952746170285	-0.3325028973017737	-0.12687939365134765	-0.48691613415394286
uniform50	all_agreeing_offsets	side_informed	not_applicable	input_plus_surface	alpha_zero_numeric_candidate_pending_separability	515	58577	-0.32084259142768534	-0.08959461746935318	-0.10293990893504075	-0.22265902696325132
uniform50	all_agreeing_offsets	side_informed	not_applicable	retention_bounded	alpha_zero_numeric_candidate_pending_separability	515	58577	-0.3274305795490201	-0.09483002634923822	-0.10660881104688481	-0.22930847268286977
uniform50	all_agreeing_offsets	side_informed	not_applicable	retention_nonnegative	alpha_zero_numeric_candidate_pending_separability	515	58577	-0.32743058001378034	-0.09483002714943803	-0.10660881125308337	-0.22930847302910384
uniform50	all_agreeing_offsets	wholly_unseen	gh80	HU_plus_surface	alpha_zero_numeric_candidate_pending_separability	515	58577	-0.5639667704670136	-0.7488593964562282	-0.3684336859627135	-0.20118388357740258
uniform50	all_agreeing_offsets	wholly_unseen	gh80	retention_bounded_plus_HU	alpha_zero_numeric_candidate_pending_separability	515	58577	-0.5686970346471156	-0.751403682037047	-0.3796699355762346	-0.20092013393592453
uniform50	all_agreeing_offsets	wholly_unseen	laplace	HU_plus_surface	alpha_zero_numeric_candidate_pending_separability	515	58577	-0.5606632941654168	-0.7505405083581468	-0.3703847929316915	-0.19926477124251055
uniform50	all_agreeing_offsets	wholly_unseen	laplace	retention_bounded_plus_HU	alpha_zero_numeric_candidate_pending_separability	515	58577	-0.5605798991438332	-0.7512771901182766	-0.37996452856437624	-0.19263915983291863
uniform50	all_agreeing_offsets	wholly_unseen	not_applicable	current_only	alpha_zero_numeric_candidate_pending_separability	515	58577	-0.9012393548899981	-1.0345344764619235	-0.4429234739243172	-0.5286121969182529
uniform50	all_agreeing_offsets	wholly_unseen	not_applicable	input_plus_surface	alpha_zero_numeric_candidate_pending_separability	515	58577	-0.5912516830951927	-0.7488339685190751	-0.37334900060254805	-0.22834102146325344
uniform50	all_agreeing_offsets	wholly_unseen	not_applicable	retention_bounded	alpha_zero_numeric_candidate_pending_separability	515	58577	-0.6109695905430003	-0.7597313377318053	-0.39014782204086496	-0.23951262054827438
uniform50	all_agreeing_offsets	wholly_unseen	not_applicable	retention_nonnegative	alpha_zero_numeric_candidate_pending_separability	515	58577	-0.6109695916053294	-0.7597313391912623	-0.39014782284463234	-0.23951262075747237
uniform50	all_strict	side_informed	gh80	HU_plus_surface	alpha_zero_numeric_candidate_pending_separability	515	58577	-0.30862818777721446	-0.09649367633619396	-0.1092313570327146	-0.20327467396039536
uniform50	all_strict	side_informed	gh80	retention_bounded_plus_HU	alpha_zero_numeric_candidate_pending_separability	515	58577	-0.3146925311823996	-0.0976999680746308	-0.11508018105038405	-0.20578394382915077
uniform50	all_strict	side_informed	laplace	HU_plus_surface	alpha_zero_numeric_candidate_pending_separability	515	58577	-0.30085220895464426	-0.09573282123821276	-0.10842375038616192	-0.19546866282693734
uniform50	all_strict	side_informed	laplace	retention_bounded_plus_HU	alpha_zero_numeric_candidate_pending_separability	515	58577	-0.3069871356075307	-0.09711233446845204	-0.11424010922623198	-0.197928902978874
uniform50	all_strict	side_informed	not_applicable	current_only	alpha_zero_numeric_candidate_pending_separability	515	58577	-0.5753309593749849	-0.32793877467148624	-0.11701507840930392	-0.45951489959746855
uniform50	all_strict	side_informed	not_applicable	input_plus_surface	alpha_zero_numeric_candidate_pending_separability	515	58577	-0.3301650060231755	-0.0934241361888078	-0.11342002879544598	-0.22498510864785845
uniform50	all_strict	side_informed	not_applicable	retention_bounded	alpha_zero_numeric_candidate_pending_separability	515	58577	-0.3516881419769225	-0.1023734309329062	-0.1207967434994462	-0.24132377991637916
uniform50	all_strict	side_informed	not_applicable	retention_nonnegative	alpha_zero_numeric_candidate_pending_separability	515	58577	-0.3516881398827823	-0.10237343028487604	-0.12079674577553118	-0.2413237770289874
uniform50	all_strict	wholly_unseen	gh80	HU_plus_surface	alpha_zero_numeric_candidate_pending_separability	515	58577	-0.5808614585150873	-0.6624091441573022	-0.3865467613601418	-0.203804024317437
uniform50	all_strict	wholly_unseen	gh80	retention_bounded_plus_HU	alpha_zero_numeric_candidate_pending_separability	515	58577	-0.6027209277200467	-0.6739695516236323	-0.4072149283454528	-0.2100938791130033
uniform50	all_strict	wholly_unseen	laplace	HU_plus_surface	alpha_zero_numeric_candidate_pending_separability	515	58577	-0.5755434245078442	-0.6635040623463007	-0.3882502033914799	-0.1981525019661274
uniform50	all_strict	wholly_unseen	laplace	retention_bounded_plus_HU	alpha_zero_numeric_candidate_pending_separability	515	58577	-0.5948747975968387	-0.674118396477826	-0.4074746174248477	-0.20155557760832
uniform50	all_strict	wholly_unseen	not_applicable	current_only	alpha_zero_numeric_candidate_pending_separability	515	58577	-0.8595301440084168	-0.9102999807291144	-0.4012142630427357	-0.4315029693084874
uniform50	all_strict	wholly_unseen	not_applicable	input_plus_surface	alpha_zero_numeric_candidate_pending_separability	515	58577	-0.613738127684253	-0.6638758529580451	-0.3969931504565234	-0.23490647003152926
uniform50	all_strict	wholly_unseen	not_applicable	retention_bounded	alpha_zero_numeric_candidate_pending_separability	515	58577	-0.6538233109300761	-0.6849505021283747	-0.4229319124525998	-0.25407200930727836
uniform50	all_strict	wholly_unseen	not_applicable	retention_nonnegative	alpha_zero_numeric_candidate_pending_separability	515	58577	-0.6538233138326848	-0.6849505053915025	-0.4229319197254338	-0.25407200774978783
uniform50	unrounded_strict	side_informed	gh80	HU_plus_surface	alpha_zero_numeric_candidate_pending_separability	338	29104	-0.3206814298136884	-0.14557962469576213	-0.11953227543998488	-0.20570334258164102
uniform50	unrounded_strict	side_informed	gh80	retention_bounded_plus_HU	alpha_zero_numeric_candidate_pending_separability	338	29104	-0.33400771240040666	-0.15707000268676016	-0.1265820708546589	-0.2139886405645975
uniform50	unrounded_strict	side_informed	laplace	HU_plus_surface	alpha_zero_numeric_candidate_pending_separability	338	29104	-0.333849516697388	-0.15104020326685344	-0.11907489440822161	-0.21900108781413205
uniform50	unrounded_strict	side_informed	laplace	retention_bounded_plus_HU	alpha_zero_numeric_candidate_pending_separability	338	29104	-0.3369940281005086	-0.15997537880795837	-0.1259278111986658	-0.21671732685183223
uniform50	unrounded_strict	side_informed	not_applicable	current_only	alpha_zero_numeric_candidate_pending_separability	338	29104	-0.6033794806630256	-0.4759010419054663	-0.11442573597690339	-0.478044018178139
uniform50	unrounded_strict	side_informed	not_applicable	input_plus_surface	alpha_zero_numeric_candidate_pending_separability	338	29104	-0.3441009120625221	-0.15136756440642496	-0.12499706605305753	-0.22822264707785378
uniform50	unrounded_strict	side_informed	not_applicable	retention_bounded	alpha_zero_numeric_candidate_pending_separability	338	29104	-0.3676256429520778	-0.16534400247950104	-0.13329134386532615	-0.2452372010440086
uniform50	unrounded_strict	side_informed	not_applicable	retention_nonnegative	alpha_zero_numeric_candidate_pending_separability	338	29104	-0.36762564294188893	-0.16534400244855696	-0.13329134390594882	-0.24523720101725005
uniform50	unrounded_strict	wholly_unseen	gh80	HU_plus_surface	alpha_zero_numeric_candidate_pending_separability	338	29104	-0.6058677879240332	-0.49911508510305264	-0.4029546759471857	-0.21455944855942413
uniform50	unrounded_strict	wholly_unseen	gh80	retention_bounded_plus_HU	alpha_zero_numeric_candidate_pending_separability	338	29104	-0.6282931855415236	-0.5116100726597734	-0.4197546393292311	-0.2220260159703
uniform50	unrounded_strict	wholly_unseen	laplace	HU_plus_surface	alpha_zero_numeric_candidate_pending_separability	338	29104	-0.6170602119790257	-0.5026758926156504	-0.401746646633748	-0.226298944873871
uniform50	unrounded_strict	wholly_unseen	laplace	retention_bounded_plus_HU	alpha_zero_numeric_candidate_pending_separability	338	29104	-0.6302890190069111	-0.5141695763117569	-0.4191316567595613	-0.22354911814915923
uniform50	unrounded_strict	wholly_unseen	not_applicable	current_only	alpha_zero_numeric_candidate_pending_separability	338	29104	-0.8885141018577121	-0.8681219790959878	-0.39956035717158994	-0.46044346190827057
uniform50	unrounded_strict	wholly_unseen	not_applicable	input_plus_surface	alpha_zero_numeric_candidate_pending_separability	338	29104	-0.6330755682336145	-0.5060431568921095	-0.41397172222415	-0.2387508416574121
uniform50	unrounded_strict	wholly_unseen	not_applicable	retention_bounded	alpha_zero_numeric_candidate_pending_separability	338	29104	-0.6680246609818913	-0.5252665904071613	-0.4336903618951396	-0.2546434175482302
uniform50	unrounded_strict	wholly_unseen	not_applicable	retention_nonnegative	alpha_zero_numeric_candidate_pending_separability	338	29104	-0.6680246609768292	-0.5252665903894227	-0.4336903619408892	-0.25464341752795583
half20	all_agreeing_offsets	side_informed	gh80	HU_plus_surface	selected	515	58577	-0.27813839159046677	-0.10253806764340827	-0.10717573412156772	-0.17464450083702582
half20	all_agreeing_offsets	side_informed	gh80	retention_bounded_plus_HU	selected	515	58577	-0.2876596665646194	-0.09175857994143911	-0.10378807622762919	-0.1871511865389901
half20	all_agreeing_offsets	side_informed	laplace	HU_plus_surface	selected	515	58577	-0.27691788297680237	-0.10396350218857277	-0.10683706493079072	-0.1737625538979097
half20	all_agreeing_offsets	side_informed	laplace	retention_bounded_plus_HU	selected	515	58577	-0.2812453077394868	-0.09125383452037454	-0.10351365625242472	-0.18078188243179233
half20	all_agreeing_offsets	side_informed	not_applicable	current_only	selected	515	58577	-0.5592051085653056	-0.31790913164186313	-0.12708661721229586	-0.458642957637657
half20	all_agreeing_offsets	side_informed	not_applicable	input_plus_surface	selected	515	58577	-0.29344596299356385	-0.10162797222073787	-0.10822023753227082	-0.19031478227655646
half20	all_agreeing_offsets	side_informed	not_applicable	retention_bounded	selected	515	58577	-0.2968194070486041	-0.09798299157975206	-0.103088235456438	-0.19870804341151072
half20	all_agreeing_offsets	side_informed	not_applicable	retention_nonnegative	selected	515	58577	-0.3160396397664419	-0.09278664417500244	-0.10320882872114201	-0.2185962836280058
half20	all_agreeing_offsets	wholly_unseen	gh80	HU_plus_surface	selected	515	58577	-0.5612880904805855	-0.7715579719253175	-0.38399624088613815	-0.18609904658792512
half20	all_agreeing_offsets	wholly_unseen	gh80	retention_bounded_plus_HU	selected	515	58577	-0.5518775329588883	-0.7525486785505097	-0.37311246090097466	-0.18647492162379264
half20	all_agreeing_offsets	wholly_unseen	laplace	HU_plus_surface	selected	515	58577	-0.5588859926557421	-0.7771728529960876	-0.3843243754290285	-0.1854424828911295
half20	all_agreeing_offsets	wholly_unseen	laplace	retention_bounded_plus_HU	selected	515	58577	-0.5492155281119712	-0.7555760060144358	-0.3747021213859207	-0.1819593478028224
half20	all_agreeing_offsets	wholly_unseen	not_applicable	current_only	selected	515	58577	-0.8756981260368129	-1.019947560769963	-0.4435796346838032	-0.5098105746927538
half20	all_agreeing_offsets	wholly_unseen	not_applicable	input_plus_surface	selected	515	58577	-0.5743284469668627	-0.7759311411477845	-0.38910272150556985	-0.19693153699927682
half20	all_agreeing_offsets	wholly_unseen	not_applicable	retention_bounded	selected	515	58577	-0.5679227832239246	-0.7611200907027661	-0.37419161163175846	-0.20510192170035707
half20	all_agreeing_offsets	wholly_unseen	not_applicable	retention_nonnegative	selected	515	58577	-0.5893870676958808	-0.7534660039505507	-0.37655625665058085	-0.22555788680350247
half20	all_strict	side_informed	gh80	HU_plus_surface	selected	515	58577	-0.2799675752280605	-0.10520066462003014	-0.10838682859988022	-0.17506479977214584
half20	all_strict	side_informed	gh80	retention_bounded_plus_HU	selected	515	58577	-0.2979104363847814	-0.09634359362824621	-0.11114824754687243	-0.1914023203831663
half20	all_strict	side_informed	laplace	HU_plus_surface	selected	515	58577	-0.27831901507738516	-0.10663362501940972	-0.10784661310183602	-0.17347570812402066
half20	all_strict	side_informed	laplace	retention_bounded_plus_HU	selected	515	58577	-0.2910804409305414	-0.09580507918830578	-0.11080620872988592	-0.18454330512419748
half20	all_strict	side_informed	not_applicable	current_only	selected	515	58577	-0.549155209013925	-0.31322268930556163	-0.11703671766091532	-0.4399666897993784
half20	all_strict	side_informed	not_applicable	input_plus_surface	selected	515	58577	-0.29714479736784166	-0.10450649935770932	-0.1108051662291751	-0.19240508766425532
half20	all_strict	side_informed	not_applicable	retention_bounded	selected	515	58577	-0.31063259241253516	-0.10399237947550896	-0.11439523921083507	-0.20324580914304857
half20	all_strict	side_informed	not_applicable	retention_nonnegative	selected	515	58577	-0.3297858149720953	-0.11629270298752693	-0.11213399395758109	-0.21958567720466923
half20	all_strict	wholly_unseen	gh80	HU_plus_surface	selected	515	58577	-0.548521086073921	-0.6721808280014324	-0.38032485506953567	-0.17577997258651926
half20	all_strict	wholly_unseen	gh80	retention_bounded_plus_HU	selected	515	58577	-0.5728188328175061	-0.6640015224156404	-0.3888510327256708	-0.19543481086034517
half20	all_strict	wholly_unseen	laplace	HU_plus_surface	selected	515	58577	-0.5481992428592298	-0.6740576625555791	-0.3804473005652412	-0.17573818010759554
half20	all_strict	wholly_unseen	laplace	retention_bounded_plus_HU	selected	515	58577	-0.5652764882172823	-0.6634287253672593	-0.3883951524460981	-0.18784065501618352
half20	all_strict	wholly_unseen	not_applicable	current_only	selected	515	58577	-0.8334124104190453	-0.8946805876137015	-0.4012939190660357	-0.4434130355436518
half20	all_strict	wholly_unseen	not_applicable	input_plus_surface	selected	515	58577	-0.5721111925865402	-0.6731714375283384	-0.38577156144787367	-0.1989723017936085
half20	all_strict	wholly_unseen	not_applicable	retention_bounded	selected	515	58577	-0.5975839409720675	-0.6756106012412088	-0.40134658777036747	-0.21291511661433304
half20	all_strict	wholly_unseen	not_applicable	retention_nonnegative	selected	515	58577	-0.6058885342670433	-0.6887068500243904	-0.38823671325252906	-0.2221071164706322
half20	unrounded_strict	side_informed	gh80	HU_plus_surface	selected	338	29104	-0.29358415217021133	-0.1516569300742383	-0.11567314078416917	-0.18081533026233731
half20	unrounded_strict	side_informed	gh80	retention_bounded_plus_HU	selected	338	29104	-0.31730399274932564	-0.15006877435063268	-0.12170573860136248	-0.2007187834937289
half20	unrounded_strict	side_informed	laplace	HU_plus_surface	selected	338	29104	-0.2983250083523159	-0.15343678369211658	-0.11546262736148565	-0.18550621904518444
half20	unrounded_strict	side_informed	laplace	retention_bounded_plus_HU	selected	338	29104	-0.3128431169007882	-0.1492976181660706	-0.12134787143175194	-0.19622766975533001
half20	unrounded_strict	side_informed	not_applicable	current_only	selected	338	29104	-0.5832808016675368	-0.4379082472968592	-0.11453556895477147	-0.467122494759395
half20	unrounded_strict	side_informed	not_applicable	input_plus_surface	selected	338	29104	-0.31302543726050647	-0.15828245040296604	-0.1184709346374615	-0.20005976721391122
half20	unrounded_strict	side_informed	not_applicable	retention_bounded	selected	338	29104	-0.3312130193111235	-0.15945620830211724	-0.12664435286802764	-0.21180069652318417
half20	unrounded_strict	side_informed	not_applicable	retention_nonnegative	selected	338	29104	-0.33849680962985745	-0.17026729395792276	-0.11601295328556904	-0.2252115034957502
half20	unrounded_strict	wholly_unseen	gh80	HU_plus_surface	selected	338	29104	-0.5723118672943602	-0.5125915008891548	-0.39405320368730884	-0.186493370932484
half20	unrounded_strict	wholly_unseen	gh80	retention_bounded_plus_HU	selected	338	29104	-0.6077621696998937	-0.5525125447907064	-0.40138698061184375	-0.21585233873621898
half20	unrounded_strict	wholly_unseen	laplace	HU_plus_surface	selected	338	29104	-0.5769603436649542	-0.5136332568591603	-0.3938430217098651	-0.19116234296953527
half20	unrounded_strict	wholly_unseen	laplace	retention_bounded_plus_HU	selected	338	29104	-0.6022340626744861	-0.5370596684259716	-0.4044822101181865	-0.20788723154336852
half20	unrounded_strict	wholly_unseen	not_applicable	current_only	selected	338	29104	-0.868513275731165	-0.8297276119432493	-0.39976804301839963	-0.47522890729618306
half20	unrounded_strict	wholly_unseen	not_applicable	input_plus_surface	selected	338	29104	-0.5941622729386782	-0.5192634459763198	-0.39960777031563316	-0.20767866072282296
half20	unrounded_strict	wholly_unseen	not_applicable	retention_bounded	selected	338	29104	-0.6246560956042759	-0.5147416705104895	-0.42008742916117997	-0.22064769396922151
half20	unrounded_strict	wholly_unseen	not_applicable	retention_nonnegative	selected	338	29104	-0.6174742193261786	-0.5350242546188416	-0.3949903629818902	-0.22870019869939776
half20	all_agreeing_offsets	side_informed	gh80	HU_plus_surface	alpha_zero_numeric_candidate_pending_separability	515	58577	-0.3018216806502438	-0.0928140661991593	-0.10094359197904086	-0.20285781771076422
half20	all_agreeing_offsets	side_informed	gh80	retention_bounded_plus_HU	alpha_zero_numeric_candidate_pending_separability	515	58577	-0.2958794660435526	-0.09107537691759729	-0.10313604379622696	-0.1979620558311051
half20	all_agreeing_offsets	side_informed	laplace	HU_plus_surface	alpha_zero_numeric_candidate_pending_separability	515	58577	-0.2949790239659593	-0.09237882534735001	-0.1003190276831949	-0.19644939700638936
half20	all_agreeing_offsets	side_informed	laplace	retention_bounded_plus_HU	alpha_zero_numeric_candidate_pending_separability	515	58577	-0.2879345886957528	-0.0906543175744038	-0.10246316197136726	-0.1899836046016034
half20	all_agreeing_offsets	side_informed	not_applicable	current_only	alpha_zero_numeric_candidate_pending_separability	515	58577	-0.5854024981779767	-0.332677541794102	-0.1270866172122958	-0.4870370882880608
half20	all_agreeing_offsets	side_informed	not_applicable	input_plus_surface	alpha_zero_numeric_candidate_pending_separability	515	58577	-0.32111891313720364	-0.08979453611933567	-0.10312428813221022	-0.2227840043749165
half20	all_agreeing_offsets	side_informed	not_applicable	retention_bounded	alpha_zero_numeric_candidate_pending_separability	515	58577	-0.32753319729476593	-0.09494521551103842	-0.10680562360404228	-0.22923309358339297
half20	all_agreeing_offsets	side_informed	not_applicable	retention_nonnegative	alpha_zero_numeric_candidate_pending_separability	515	58577	-0.3275331974838192	-0.09494521587898484	-0.10680562371037952	-0.22923309375303313
half20	all_agreeing_offsets	wholly_unseen	gh80	HU_plus_surface	alpha_zero_numeric_candidate_pending_separability	515	58577	-0.5644341693390797	-0.7486095067175202	-0.3687077008430816	-0.20134816206025682
half20	all_agreeing_offsets	wholly_unseen	gh80	retention_bounded_plus_HU	alpha_zero_numeric_candidate_pending_separability	515	58577	-0.5691121835842936	-0.7513342951172065	-0.38006647391480713	-0.200901718783949
half20	all_agreeing_offsets	wholly_unseen	laplace	HU_plus_surface	alpha_zero_numeric_candidate_pending_separability	515	58577	-0.5606320744830601	-0.7499152004982346	-0.3700036854246799	-0.1989934560226377
half20	all_agreeing_offsets	wholly_unseen	laplace	retention_bounded_plus_HU	alpha_zero_numeric_candidate_pending_separability	515	58577	-0.5611562641605554	-0.7513631451544794	-0.38046728026835375	-0.19257450333963874
half20	all_agreeing_offsets	wholly_unseen	not_applicable	current_only	alpha_zero_numeric_candidate_pending_separability	515	58577	-0.9018955156494841	-1.0347159709222018	-0.4435796346838031	-0.5289273746150593
half20	all_agreeing_offsets	wholly_unseen	not_applicable	input_plus_surface	alpha_zero_numeric_candidate_pending_separability	515	58577	-0.5915883220421116	-0.7486126123376655	-0.3735936970371182	-0.22843744193131665
half20	all_agreeing_offsets	wholly_unseen	not_applicable	retention_bounded	alpha_zero_numeric_candidate_pending_separability	515	58577	-0.611359830010584	-0.7595431142654777	-0.3906322563198603	-0.23948918403374284
half20	all_agreeing_offsets	wholly_unseen	not_applicable	retention_nonnegative	alpha_zero_numeric_candidate_pending_separability	515	58577	-0.6113598308231895	-0.7595431153040424	-0.3906322570497498	-0.2394891844938192
half20	all_strict	side_informed	gh80	HU_plus_surface	alpha_zero_numeric_candidate_pending_separability	515	58577	-0.3085782212357407	-0.09643675623253074	-0.10932262113212242	-0.2031460151370695
half20	all_strict	side_informed	gh80	retention_bounded_plus_HU	alpha_zero_numeric_candidate_pending_separability	515	58577	-0.3148445937902595	-0.09791395543712846	-0.1151952460452593	-0.2058032431195109
half20	all_strict	side_informed	laplace	HU_plus_surface	alpha_zero_numeric_candidate_pending_separability	515	58577	-0.2996000737508062	-0.09552932276534021	-0.10868764421957518	-0.19407144768418455
half20	all_strict	side_informed	laplace	retention_bounded_plus_HU	alpha_zero_numeric_candidate_pending_separability	515	58577	-0.30630323177040064	-0.09744705022127091	-0.1146032040019155	-0.19704586469817179
half20	all_strict	side_informed	not_applicable	current_only	alpha_zero_numeric_candidate_pending_separability	515	58577	-0.5753525986265963	-0.32799109945780025	-0.11703671766091532	-0.45956896187702584
half20	all_strict	side_informed	not_applicable	input_plus_surface	alpha_zero_numeric_candidate_pending_separability	515	58577	-0.33025552151875137	-0.09345841033421963	-0.1135177275027523	-0.2250079914689829
half20	all_strict	side_informed	not_applicable	retention_bounded	alpha_zero_numeric_candidate_pending_separability	515	58577	-0.3517582959447461	-0.10241157741135822	-0.12094915989137658	-0.24127981663952897
half20	all_strict	side_informed	not_applicable	retention_nonnegative	alpha_zero_numeric_candidate_pending_separability	515	58577	-0.35175829530103503	-0.10241157749574975	-0.1209491617992116	-0.24127981535757997
half20	all_strict	wholly_unseen	gh80	HU_plus_surface	alpha_zero_numeric_candidate_pending_separability	515	58577	-0.5815611048932148	-0.661859186805138	-0.3871044223560172	-0.20396145086184903
half20	all_strict	wholly_unseen	gh80	retention_bounded_plus_HU	alpha_zero_numeric_candidate_pending_separability	515	58577	-0.603530348349832	-0.6737204583819736	-0.4079842308018935	-0.2101379251517969
half20	all_strict	wholly_unseen	laplace	HU_plus_surface	alpha_zero_numeric_candidate_pending_separability	515	58577	-0.5760214584739209	-0.6627745570810146	-0.38888211681099505	-0.1977486458486201
half20	all_strict	wholly_unseen	laplace	retention_bounded_plus_HU	alpha_zero_numeric_candidate_pending_separability	515	58577	-0.5954819563284914	-0.674108997663845	-0.40871925801754816	-0.20106827860513218
half20	all_strict	wholly_unseen	not_applicable	current_only	alpha_zero_numeric_candidate_pending_separability	515	58577	-0.8596098000317165	-0.9094489977659403	-0.40129391906603573	-0.4308951399772897
half20	all_strict	wholly_unseen	not_applicable	input_plus_surface	alpha_zero_numeric_candidate_pending_separability	515	58577	-0.6142670613118676	-0.6632524320833768	-0.3975292672958685	-0.23498938106647202
half20	all_strict	wholly_unseen	not_applicable	retention_bounded	alpha_zero_numeric_candidate_pending_separability	515	58577	-0.6546819899438787	-0.6845777795297241	-0.4238728538905092	-0.25415471979934284
half20	all_strict	wholly_unseen	not_applicable	retention_nonnegative	alpha_zero_numeric_candidate_pending_separability	515	58577	-0.6546819930450866	-0.6845777828191271	-0.42387285954326315	-0.2541547191783308
half20	unrounded_strict	side_informed	gh80	HU_plus_surface	alpha_zero_numeric_candidate_pending_separability	338	29104	-0.3199427821836853	-0.14521457170382182	-0.11982400695614813	-0.20472135936335523
half20	unrounded_strict	side_informed	gh80	retention_bounded_plus_HU	alpha_zero_numeric_candidate_pending_separability	338	29104	-0.33378409718440366	-0.15675803926921655	-0.1268211279262505	-0.21357313465526914
half20	unrounded_strict	side_informed	laplace	HU_plus_surface	alpha_zero_numeric_candidate_pending_separability	338	29104	-0.3322331650893567	-0.15022939390087775	-0.1197370824852921	-0.21683465477700936
half20	unrounded_strict	side_informed	laplace	retention_bounded_plus_HU	alpha_zero_numeric_candidate_pending_separability	338	29104	-0.33819489443176015	-0.1604931351136071	-0.12652870515506492	-0.21747889791186809
half20	unrounded_strict	side_informed	not_applicable	current_only	alpha_zero_numeric_candidate_pending_separability	338	29104	-0.6034893136408938	-0.47600556391632504	-0.11453556895477152	-0.47806343567905424
half20	unrounded_strict	side_informed	not_applicable	input_plus_surface	alpha_zero_numeric_candidate_pending_separability	338	29104	-0.34429039126439404	-0.15143487413341683	-0.12520022540315093	-0.2282522502706755
half20	unrounded_strict	side_informed	not_applicable	retention_bounded	alpha_zero_numeric_candidate_pending_separability	338	29104	-0.36782876447319907	-0.16541223226890917	-0.13356461297449462	-0.2452363002042073
half20	unrounded_strict	side_informed	not_applicable	retention_nonnegative	alpha_zero_numeric_candidate_pending_separability	338	29104	-0.3678287643275188	-0.16541223227899912	-0.13356461302485786	-0.24523630002624378
half20	unrounded_strict	wholly_unseen	gh80	HU_plus_surface	alpha_zero_numeric_candidate_pending_separability	338	29104	-0.6064358789578188	-0.4990519893215056	-0.40398663419458153	-0.2142400384328261
half20	unrounded_strict	wholly_unseen	gh80	retention_bounded_plus_HU	alpha_zero_numeric_candidate_pending_separability	338	29104	-0.628966544634987	-0.5115405653232918	-0.4207386633944163	-0.22183945922812462
half20	unrounded_strict	wholly_unseen	laplace	HU_plus_surface	alpha_zero_numeric_candidate_pending_separability	338	29104	-0.6173500935475866	-0.5023693497227202	-0.4037267135478003	-0.22495119179174577
half20	unrounded_strict	wholly_unseen	laplace	retention_bounded_plus_HU	alpha_zero_numeric_candidate_pending_separability	338	29104	-0.6330838611473499	-0.515642188381371	-0.421130209833447	-0.2246645455461787
half20	unrounded_strict	wholly_unseen	not_applicable	current_only	alpha_zero_numeric_candidate_pending_separability	338	29104	-0.8887217877045219	-0.8678249285627153	-0.39976804301839963	-0.4597253787901918
half20	unrounded_strict	wholly_unseen	not_applicable	input_plus_surface	alpha_zero_numeric_candidate_pending_separability	338	29104	-0.6338928453240134	-0.5062152487610667	-0.4148026794627702	-0.2388585407814878
half20	unrounded_strict	wholly_unseen	not_applicable	retention_bounded	alpha_zero_numeric_candidate_pending_separability	338	29104	-0.6691495710174455	-0.5257600906890013	-0.4348854195187411	-0.25474306872289054
half20	unrounded_strict	wholly_unseen	not_applicable	retention_nonnegative	alpha_zero_numeric_candidate_pending_separability	338	29104	-0.6691495709054073	-0.5257600906095572	-0.43488541960274624	-0.25474306856441464
half50	all_agreeing_offsets	side_informed	gh80	HU_plus_surface	selected	515	58577	-0.27844013804107554	-0.10269982400498519	-0.10718164070291425	-0.17494777782121834
half50	all_agreeing_offsets	side_informed	gh80	retention_bounded_plus_HU	selected	515	58577	-0.2874825897720997	-0.09170308639595473	-0.1037923062652117	-0.18696293476902678
half50	all_agreeing_offsets	side_informed	laplace	HU_plus_surface	selected	515	58577	-0.27751762724937257	-0.104144221927017	-0.1067749848913774	-0.1743585146312494
half50	all_agreeing_offsets	side_informed	laplace	retention_bounded_plus_HU	selected	515	58577	-0.2794849245416493	-0.09090090509845139	-0.10343381245630717	-0.17899427995193531
half50	all_agreeing_offsets	side_informed	not_applicable	current_only	selected	515	58577	-0.5592051085653056	-0.31790913164186313	-0.12708661721229586	-0.458642957637657
half50	all_agreeing_offsets	side_informed	not_applicable	input_plus_surface	selected	515	58577	-0.29344596299356385	-0.10162797222073787	-0.10822023753227082	-0.19031478227655646
half50	all_agreeing_offsets	side_informed	not_applicable	retention_bounded	selected	515	58577	-0.2968194070486041	-0.09798299157975206	-0.103088235456438	-0.19870804341151072
half50	all_agreeing_offsets	side_informed	not_applicable	retention_nonnegative	selected	515	58577	-0.3160396397664419	-0.09278664417500244	-0.10320882872114201	-0.2185962836280058
half50	all_agreeing_offsets	wholly_unseen	gh80	HU_plus_surface	selected	515	58577	-0.5613786506642118	-0.7716257970094931	-0.383960334099497	-0.18624737683628007
half50	all_agreeing_offsets	wholly_unseen	gh80	retention_bounded_plus_HU	selected	515	58577	-0.5519779434331926	-0.7525423840580594	-0.3731084755773062	-0.1865637067813611
half50	all_agreeing_offsets	wholly_unseen	laplace	HU_plus_surface	selected	515	58577	-0.5590449176264051	-0.777450811148521	-0.38479744570543106	-0.18551508412466755
half50	all_agreeing_offsets	wholly_unseen	laplace	retention_bounded_plus_HU	selected	515	58577	-0.5473913554275691	-0.7553389609530295	-0.3746928312303461	-0.18009170582980413
half50	all_agreeing_offsets	wholly_unseen	not_applicable	current_only	selected	515	58577	-0.8756981260368129	-1.019947560769963	-0.4435796346838032	-0.5098105746927538
half50	all_agreeing_offsets	wholly_unseen	not_applicable	input_plus_surface	selected	515	58577	-0.5743284469668627	-0.7759311411477845	-0.38910272150556985	-0.19693153699927682
half50	all_agreeing_offsets	wholly_unseen	not_applicable	retention_bounded	selected	515	58577	-0.5679227832239246	-0.7611200907027661	-0.37419161163175846	-0.20510192170035707
half50	all_agreeing_offsets	wholly_unseen	not_applicable	retention_nonnegative	selected	515	58577	-0.5893870676958808	-0.7534660039505507	-0.37655625665058085	-0.22555788680350247
half50	all_strict	side_informed	gh80	HU_plus_surface	selected	515	58577	-0.28026238239655504	-0.10535939951568878	-0.10839590037608364	-0.17535851619993525
half50	all_strict	side_informed	gh80	retention_bounded_plus_HU	selected	515	58577	-0.2977111981349749	-0.0962811082470333	-0.11113910333849901	-0.19120222436499332
half50	all_strict	side_informed	laplace	HU_plus_surface	selected	515	58577	-0.2788011264399294	-0.10679883714326545	-0.10773375314398558	-0.17396645027511878
half50	all_strict	side_informed	laplace	retention_bounded_plus_HU	selected	515	58577	-0.2891272546487799	-0.09541452917685116	-0.11063802157006225	-0.18259855261374228
half50	all_strict	side_informed	not_applicable	current_only	selected	515	58577	-0.549155209013925	-0.31322268930556163	-0.11703671766091532	-0.4399666897993784
half50	all_strict	side_informed	not_applicable	input_plus_surface	selected	515	58577	-0.29714479736784166	-0.10450649935770932	-0.1108051662291751	-0.19240508766425532
half50	all_strict	side_informed	not_applicable	retention_bounded	selected	515	58577	-0.31063259241253516	-0.10399237947550896	-0.11439523921083507	-0.20324580914304857
half50	all_strict	side_informed	not_applicable	retention_nonnegative	selected	515	58577	-0.3297858149720953	-0.11629270298752693	-0.11213399395758109	-0.21958567720466923
half50	all_strict	wholly_unseen	gh80	HU_plus_surface	selected	515	58577	-0.5487042895103775	-0.6722542012076116	-0.3803251773951702	-0.17598154582617637
half50	all_strict	wholly_unseen	gh80	retention_bounded_plus_HU	selected	515	58577	-0.5728765445914045	-0.6639660115529318	-0.38881187640665793	-0.19551227625476472
half50	all_strict	wholly_unseen	laplace	HU_plus_surface	selected	515	58577	-0.5481338266452932	-0.6742417889888458	-0.3806285532651122	-0.17570360131304305
half50	all_strict	wholly_unseen	laplace	retention_bounded_plus_HU	selected	515	58577	-0.5631116565107288	-0.6630960566776704	-0.38811371766990777	-0.18576093071680785
half50	all_strict	wholly_unseen	not_applicable	current_only	selected	515	58577	-0.8334124104190453	-0.8946805876137015	-0.4012939190660357	-0.4434130355436518
half50	all_strict	wholly_unseen	not_applicable	input_plus_surface	selected	515	58577	-0.5721111925865402	-0.6731714375283384	-0.38577156144787367	-0.1989723017936085
half50	all_strict	wholly_unseen	not_applicable	retention_bounded	selected	515	58577	-0.5975839409720675	-0.6756106012412088	-0.40134658777036747	-0.21291511661433304
half50	all_strict	wholly_unseen	not_applicable	retention_nonnegative	selected	515	58577	-0.6058885342670433	-0.6887068500243904	-0.38823671325252906	-0.2221071164706322
half50	unrounded_strict	side_informed	gh80	HU_plus_surface	selected	338	29104	-0.293974051943914	-0.15181310298976428	-0.11564644591941767	-0.18122244153207545
half50	unrounded_strict	side_informed	gh80	retention_bounded_plus_HU	selected	338	29104	-0.31688780096542546	-0.14988804871505157	-0.12165953328148175	-0.20032651915134658
half50	unrounded_strict	side_informed	laplace	HU_plus_surface	selected	338	29104	-0.29872478009072223	-0.15362791061356804	-0.11533031668519081	-0.18598932309818936
half50	unrounded_strict	side_informed	laplace	retention_bounded_plus_HU	selected	338	29104	-0.3112483247504156	-0.14901488423476156	-0.12102752216764363	-0.19474689239066761
half50	unrounded_strict	side_informed	not_applicable	current_only	selected	338	29104	-0.5832808016675368	-0.4379082472968592	-0.11453556895477147	-0.467122494759395
half50	unrounded_strict	side_informed	not_applicable	input_plus_surface	selected	338	29104	-0.31302543726050647	-0.15828245040296604	-0.1184709346374615	-0.20005976721391122
half50	unrounded_strict	side_informed	not_applicable	retention_bounded	selected	338	29104	-0.3312130193111235	-0.15945620830211724	-0.12664435286802764	-0.21180069652318417
half50	unrounded_strict	side_informed	not_applicable	retention_nonnegative	selected	338	29104	-0.33849680962985745	-0.17026729395792276	-0.11601295328556904	-0.2252115034957502
half50	unrounded_strict	wholly_unseen	gh80	HU_plus_surface	selected	338	29104	-0.572410039088386	-0.512680062275424	-0.3940267855482928	-0.18662028882233866
half50	unrounded_strict	wholly_unseen	gh80	retention_bounded_plus_HU	selected	338	29104	-0.6076224014338276	-0.5524384066123089	-0.4013154270229556	-0.21575178020634236
half50	unrounded_strict	wholly_unseen	laplace	HU_plus_surface	selected	338	29104	-0.5771638561592636	-0.5138064973055441	-0.3936539874688999	-0.19149023940461207
half50	unrounded_strict	wholly_unseen	laplace	retention_bounded_plus_HU	selected	338	29104	-0.6010677916673179	-0.5367036472349507	-0.4039771356060717	-0.20695897907715372
half50	unrounded_strict	wholly_unseen	not_applicable	current_only	selected	338	29104	-0.868513275731165	-0.8297276119432493	-0.39976804301839963	-0.47522890729618306
half50	unrounded_strict	wholly_unseen	not_applicable	input_plus_surface	selected	338	29104	-0.5941622729386782	-0.5192634459763198	-0.39960777031563316	-0.20767866072282296
half50	unrounded_strict	wholly_unseen	not_applicable	retention_bounded	selected	338	29104	-0.6246560956042759	-0.5147416705104895	-0.42008742916117997	-0.22064769396922151
half50	unrounded_strict	wholly_unseen	not_applicable	retention_nonnegative	selected	338	29104	-0.6174742193261786	-0.5350242546188416	-0.3949903629818902	-0.22870019869939776
half50	all_agreeing_offsets	side_informed	gh80	HU_plus_surface	alpha_zero_numeric_candidate_pending_separability	515	58577	-0.30205767247924137	-0.0929511483530369	-0.1009584793586061	-0.20309342147771905
half50	all_agreeing_offsets	side_informed	gh80	retention_bounded_plus_HU	alpha_zero_numeric_candidate_pending_separability	515	58577	-0.29583605926137524	-0.09093303604352293	-0.10315107715547435	-0.19792967536535114
half50	all_agreeing_offsets	side_informed	laplace	HU_plus_surface	alpha_zero_numeric_candidate_pending_separability	515	58577	-0.2963852793911349	-0.09256690470007332	-0.10029111000876521	-0.19782857042112187
half50	all_agreeing_offsets	side_informed	laplace	retention_bounded_plus_HU	alpha_zero_numeric_candidate_pending_separability	515	58577	-0.28817806823710096	-0.09038930243616675	-0.10221582522118884	-0.1902574996900966
half50	all_agreeing_offsets	side_informed	not_applicable	current_only	alpha_zero_numeric_candidate_pending_separability	515	58577	-0.5854024981779767	-0.332677541794102	-0.1270866172122958	-0.4870370882880608
half50	all_agreeing_offsets	side_informed	not_applicable	input_plus_surface	alpha_zero_numeric_candidate_pending_separability	515	58577	-0.32111891313720364	-0.08979453611933567	-0.10312428813221022	-0.2227840043749165
half50	all_agreeing_offsets	side_informed	not_applicable	retention_bounded	alpha_zero_numeric_candidate_pending_separability	515	58577	-0.32753319729476593	-0.09494521551103842	-0.10680562360404228	-0.22923309358339297
half50	all_agreeing_offsets	side_informed	not_applicable	retention_nonnegative	alpha_zero_numeric_candidate_pending_separability	515	58577	-0.3275331974838192	-0.09494521587898484	-0.10680562371037952	-0.22923309375303313
half50	all_agreeing_offsets	wholly_unseen	gh80	HU_plus_surface	alpha_zero_numeric_candidate_pending_separability	515	58577	-0.564294566335306	-0.7486342813964847	-0.3686603319347955	-0.20127319173459285
half50	all_agreeing_offsets	wholly_unseen	gh80	retention_bounded_plus_HU	alpha_zero_numeric_candidate_pending_separability	515	58577	-0.5690593858840772	-0.7511714719369164	-0.3800769076216457	-0.20091623556333155
half50	all_agreeing_offsets	wholly_unseen	laplace	HU_plus_surface	alpha_zero_numeric_candidate_pending_separability	515	58577	-0.5610076275290397	-0.7503435063071959	-0.37062911993360786	-0.19935826139034785
half50	all_agreeing_offsets	wholly_unseen	laplace	retention_bounded_plus_HU	alpha_zero_numeric_candidate_pending_separability	515	58577	-0.5609305500474216	-0.751045821736595	-0.38037156851340265	-0.19261552202879637
half50	all_agreeing_offsets	wholly_unseen	not_applicable	current_only	alpha_zero_numeric_candidate_pending_separability	515	58577	-0.9018955156494841	-1.0347159709222018	-0.4435796346838031	-0.5289273746150593
half50	all_agreeing_offsets	wholly_unseen	not_applicable	input_plus_surface	alpha_zero_numeric_candidate_pending_separability	515	58577	-0.5915883220421116	-0.7486126123376655	-0.3735936970371182	-0.22843744193131665
half50	all_agreeing_offsets	wholly_unseen	not_applicable	retention_bounded	alpha_zero_numeric_candidate_pending_separability	515	58577	-0.611359830010584	-0.7595431142654777	-0.3906322563198603	-0.23948918403374284
half50	all_agreeing_offsets	wholly_unseen	not_applicable	retention_nonnegative	alpha_zero_numeric_candidate_pending_separability	515	58577	-0.6113598308231895	-0.7595431153040424	-0.3906322570497498	-0.2394891844938192
half50	all_strict	side_informed	gh80	HU_plus_surface	alpha_zero_numeric_candidate_pending_separability	515	58577	-0.308719795231297	-0.09653366405589829	-0.10932035271220775	-0.20329789719026226
half50	all_strict	side_informed	gh80	retention_bounded_plus_HU	alpha_zero_numeric_candidate_pending_separability	515	58577	-0.314782695433984	-0.09773491393162059	-0.1152138460595134	-0.2057671320499205
half50	all_strict	side_informed	laplace	HU_plus_surface	alpha_zero_numeric_candidate_pending_separability	515	58577	-0.30095936384889543	-0.09576998340617185	-0.10850735701501482	-0.19550612623283617
half50	all_strict	side_informed	laplace	retention_bounded_plus_HU	alpha_zero_numeric_candidate_pending_separability	515	58577	-0.30707799975486766	-0.0971467309060086	-0.11436769166054757	-0.1979105768996383
half50	all_strict	side_informed	not_applicable	current_only	alpha_zero_numeric_candidate_pending_separability	515	58577	-0.5753525986265963	-0.32799109945780025	-0.11703671766091532	-0.45956896187702584
half50	all_strict	side_informed	not_applicable	input_plus_surface	alpha_zero_numeric_candidate_pending_separability	515	58577	-0.33025552151875137	-0.09345841033421963	-0.1135177275027523	-0.2250079914689829
half50	all_strict	side_informed	not_applicable	retention_bounded	alpha_zero_numeric_candidate_pending_separability	515	58577	-0.3517582959447461	-0.10241157741135822	-0.12094915989137658	-0.24127981663952897
half50	all_strict	side_informed	not_applicable	retention_nonnegative	alpha_zero_numeric_candidate_pending_separability	515	58577	-0.35175829530103503	-0.10241157749574975	-0.1209491617992116	-0.24127981535757997
half50	all_strict	wholly_unseen	gh80	HU_plus_surface	alpha_zero_numeric_candidate_pending_separability	515	58577	-0.5813388106704425	-0.6617636464336637	-0.3870224266758451	-0.20385254731130337
half50	all_strict	wholly_unseen	gh80	retention_bounded_plus_HU	alpha_zero_numeric_candidate_pending_separability	515	58577	-0.6034676446325874	-0.6735071074382284	-0.40799320039603537	-0.21017239918511788
half50	all_strict	wholly_unseen	laplace	HU_plus_surface	alpha_zero_numeric_candidate_pending_separability	515	58577	-0.5760392279136372	-0.6628722912662627	-0.3887441510610713	-0.19818817259941135
half50	all_strict	wholly_unseen	laplace	retention_bounded_plus_HU	alpha_zero_numeric_candidate_pending_separability	515	58577	-0.5956096718483634	-0.6736634263942628	-0.4082602452000456	-0.20160314673351012
half50	all_strict	wholly_unseen	not_applicable	current_only	alpha_zero_numeric_candidate_pending_separability	515	58577	-0.8596098000317165	-0.9094489977659403	-0.40129391906603573	-0.4308951399772897
half50	all_strict	wholly_unseen	not_applicable	input_plus_surface	alpha_zero_numeric_candidate_pending_separability	515	58577	-0.6142670613118676	-0.6632524320833768	-0.3975292672958685	-0.23498938106647202
half50	all_strict	wholly_unseen	not_applicable	retention_bounded	alpha_zero_numeric_candidate_pending_separability	515	58577	-0.6546819899438787	-0.6845777795297241	-0.4238728538905092	-0.25415471979934284
half50	all_strict	wholly_unseen	not_applicable	retention_nonnegative	alpha_zero_numeric_candidate_pending_separability	515	58577	-0.6546819930450866	-0.6845777828191271	-0.42387285954326315	-0.2541547191783308
half50	unrounded_strict	side_informed	gh80	HU_plus_surface	alpha_zero_numeric_candidate_pending_separability	338	29104	-0.3208555544434435	-0.14565561843144784	-0.11970850383244055	-0.20571647496248496
half50	unrounded_strict	side_informed	gh80	retention_bounded_plus_HU	alpha_zero_numeric_candidate_pending_separability	338	29104	-0.3341984059812822	-0.15713936913499696	-0.1268158340451793	-0.21398507196396305
half50	unrounded_strict	side_informed	laplace	HU_plus_surface	alpha_zero_numeric_candidate_pending_separability	338	29104	-0.33401074893798943	-0.15111334212095678	-0.11924797032047296	-0.2190014095509855
half50	unrounded_strict	side_informed	laplace	retention_bounded_plus_HU	alpha_zero_numeric_candidate_pending_separability	338	29104	-0.33716363615118505	-0.16004486751103084	-0.12615148159232928	-0.21668992834920645
half50	unrounded_strict	side_informed	not_applicable	current_only	alpha_zero_numeric_candidate_pending_separability	338	29104	-0.6034893136408938	-0.47600556391632504	-0.11453556895477152	-0.47806343567905424
half50	unrounded_strict	side_informed	not_applicable	input_plus_surface	alpha_zero_numeric_candidate_pending_separability	338	29104	-0.34429039126439404	-0.15143487413341683	-0.12520022540315093	-0.2282522502706755
half50	unrounded_strict	side_informed	not_applicable	retention_bounded	alpha_zero_numeric_candidate_pending_separability	338	29104	-0.36782876447319907	-0.16541223226890917	-0.13356461297449462	-0.2452363002042073
half50	unrounded_strict	side_informed	not_applicable	retention_nonnegative	alpha_zero_numeric_candidate_pending_separability	338	29104	-0.3678287643275188	-0.16541223227899912	-0.13356461302485786	-0.24523630002624378
half50	unrounded_strict	wholly_unseen	gh80	HU_plus_surface	alpha_zero_numeric_candidate_pending_separability	338	29104	-0.6065898371856321	-0.4992463126023722	-0.40369113860781786	-0.21461494642984397
half50	unrounded_strict	wholly_unseen	gh80	retention_bounded_plus_HU	alpha_zero_numeric_candidate_pending_separability	338	29104	-0.6292811385258051	-0.5119734473376067	-0.4207794986640265	-0.22210896505053654
half50	unrounded_strict	wholly_unseen	laplace	HU_plus_surface	alpha_zero_numeric_candidate_pending_separability	338	29104	-0.6177694426965166	-0.502794536265453	-0.40246805209401865	-0.22635018147440955
half50	unrounded_strict	wholly_unseen	laplace	retention_bounded_plus_HU	alpha_zero_numeric_candidate_pending_separability	338	29104	-0.6312605591051745	-0.5145420075461976	-0.4201566976927692	-0.22360066963347208
half50	unrounded_strict	wholly_unseen	not_applicable	current_only	alpha_zero_numeric_candidate_pending_separability	338	29104	-0.8887217877045219	-0.8678249285627153	-0.39976804301839963	-0.4597253787901918
half50	unrounded_strict	wholly_unseen	not_applicable	input_plus_surface	alpha_zero_numeric_candidate_pending_separability	338	29104	-0.6338928453240134	-0.5062152487610667	-0.4148026794627702	-0.2388585407814878
half50	unrounded_strict	wholly_unseen	not_applicable	retention_bounded	alpha_zero_numeric_candidate_pending_separability	338	29104	-0.6691495710174455	-0.5257600906890013	-0.4348854195187411	-0.25474306872289054
half50	unrounded_strict	wholly_unseen	not_applicable	retention_nonnegative	alpha_zero_numeric_candidate_pending_separability	338	29104	-0.6691495709054073	-0.5257600906095572	-0.43488541960274624	-0.25474306856441464
